-- ============================================================================
-- VIGIA -- Esquema consolidado de la base de datos "vigia"
-- Generado el 2026-07-23 con mysqldump desde la base de datos real, en
-- reemplazo de los ~26 archivos incrementales sql/01...39 (aplicados uno por
-- uno a lo largo del proyecto). Ese historial completo queda archivado en
-- _ARCHIVO_PARA_ELIMINAR/sql_incrementales/ para su eliminacion posterior;
-- este archivo es ahora la unica fuente de verdad del esquema.
--
-- Contiene:
--   1) Estructura completa de las 27 tablas (CREATE TABLE), indices y FKs.
--   2) Datos de catalogos y definicion de fichas (departamento, provincia,
--      distrito, grado_pnp, unidad_pnp, red_salud, establecimiento,
--      enfermedad, catalogo, catalogo_item, seccion_def, campo_def).
--
-- NO contiene (a proposito, por privacidad de datos de salud):
--   Filas reales de persona, usuario, caso, caso_sujeto, caso_contacto,
--   caso_muestra, caso_vacuna, caso_viaje, caso_lugar_infeccion,
--   caso_bitacora, login_intento, password_reset_token, reniec_consulta,
--   lote_importacion. El respaldo con datos reales sigue siendo tarea de
--   scripts/respaldo_bd.ps1 (ver docs/respaldo-bd.md), que guarda en
--   backups/ (excluido de git).
-- ============================================================================

-- ── 1) ESTRUCTURA ──────────────────────────────────────────────────────

/*!40101 SET @OLD_CHARACTER_SET_CLIENT=@@CHARACTER_SET_CLIENT */;
/*!40101 SET @OLD_CHARACTER_SET_RESULTS=@@CHARACTER_SET_RESULTS */;
/*!40101 SET @OLD_COLLATION_CONNECTION=@@COLLATION_CONNECTION */;
/*!50503 SET NAMES utf8mb4 */;
/*!40103 SET @OLD_TIME_ZONE=@@TIME_ZONE */;
/*!40103 SET TIME_ZONE='+00:00' */;
/*!40014 SET @OLD_UNIQUE_CHECKS=@@UNIQUE_CHECKS, UNIQUE_CHECKS=0 */;
/*!40014 SET @OLD_FOREIGN_KEY_CHECKS=@@FOREIGN_KEY_CHECKS, FOREIGN_KEY_CHECKS=0 */;
/*!40101 SET @OLD_SQL_MODE=@@SQL_MODE, SQL_MODE='NO_AUTO_VALUE_ON_ZERO' */;
/*!40111 SET @OLD_SQL_NOTES=@@SQL_NOTES, SQL_NOTES=0 */;
DROP TABLE IF EXISTS `campo_def`;
/*!40101 SET @saved_cs_client     = @@character_set_client */;
/*!50503 SET character_set_client = utf8mb4 */;
CREATE TABLE `campo_def` (
  `id` int(11) NOT NULL AUTO_INCREMENT,
  `seccion_id` int(11) NOT NULL,
  `clave` varchar(60) NOT NULL,
  `etiqueta` varchar(160) NOT NULL,
  `tipo` enum('TEXTO','NUMERO','FECHA','BOOLEANO','SELECT','MULTISELECT','TEXTAREA','GRUPO_SI_NO','SI_NO_FECHA','MATRIZ','CRONOLOGIA') NOT NULL,
  `obligatorio` tinyint(1) NOT NULL DEFAULT 0,
  `rol_sujeto` varchar(50) DEFAULT 'CASO_INDICE',
  `sensible` tinyint(1) NOT NULL DEFAULT 0,
  `catalogo_id` int(11) DEFAULT NULL,
  `depende_de` int(11) DEFAULT NULL,
  `valor_activador` varchar(60) DEFAULT NULL,
  `config` longtext CHARACTER SET utf8mb4 COLLATE utf8mb4_bin DEFAULT NULL CHECK (json_valid(`config`)),
  `origen` enum('FICHA_MINSA','INTERNO') NOT NULL DEFAULT 'FICHA_MINSA',
  `orden` smallint(6) NOT NULL DEFAULT 0,
  PRIMARY KEY (`id`),
  KEY `ix_campo_sec` (`seccion_id`),
  KEY `ix_campo_cat` (`catalogo_id`),
  KEY `fk_campo_depende` (`depende_de`),
  CONSTRAINT `fk_campo_cat` FOREIGN KEY (`catalogo_id`) REFERENCES `catalogo` (`id`),
  CONSTRAINT `fk_campo_depende` FOREIGN KEY (`depende_de`) REFERENCES `campo_def` (`id`),
  CONSTRAINT `fk_campo_sec` FOREIGN KEY (`seccion_id`) REFERENCES `seccion_def` (`id`) ON DELETE CASCADE
) ENGINE=InnoDB AUTO_INCREMENT=12779 DEFAULT CHARSET=utf8mb4 COLLATE=utf8mb4_unicode_ci;
/*!40101 SET character_set_client = @saved_cs_client */;
DROP TABLE IF EXISTS `caso`;
/*!40101 SET @saved_cs_client     = @@character_set_client */;
/*!50503 SET character_set_client = utf8mb4 */;
CREATE TABLE `caso` (
  `id` int(11) NOT NULL AUTO_INCREMENT,
  `codigo` varchar(20) NOT NULL,
  `enfermedad_id` int(11) NOT NULL,
  `persona_id` int(11) NOT NULL,
  `establecimiento_id` int(11) NOT NULL,
  `usuario_id` int(11) NOT NULL,
  `fecha_notif` date NOT NULL,
  `anio_epi` smallint(6) DEFAULT NULL,
  `semana_epi` smallint(6) DEFAULT NULL,
  `fecha_inicio_sintomas` date DEFAULT NULL,
  `investigador_nombre` varchar(160) DEFAULT NULL,
  `investigador_cargo` varchar(100) DEFAULT NULL,
  `fecha_investigacion` date DEFAULT NULL,
  `clasificacion` enum('SOSPECHOSO','PROBABLE','CONFIRMADO','DESCARTADO') NOT NULL DEFAULT 'SOSPECHOSO',
  `tipo_captacion` enum('ACTIVA','PASIVA') DEFAULT NULL,
  `lugar_captacion` enum('INSTITUCIONAL','COMUNIDAD') DEFAULT NULL,
  `clasificacion_captacion` enum('CONFIRMADO','PROBABLE','SOSPECHOSO') DEFAULT NULL,
  `estado` enum('ABIERTA','VALIDACION','CERRADA') NOT NULL DEFAULT 'ABIERTA',
  `anulado` tinyint(1) NOT NULL DEFAULT 0,
  `motivo_anulacion` varchar(255) DEFAULT NULL,
  `hospitalizado` tinyint(1) NOT NULL DEFAULT 0,
  `fallecido` tinyint(1) NOT NULL DEFAULT 0,
  `creado_en` timestamp NOT NULL DEFAULT current_timestamp(),
  `actualizado_en` timestamp NOT NULL DEFAULT current_timestamp() ON UPDATE current_timestamp(),
  PRIMARY KEY (`id`),
  UNIQUE KEY `uq_caso_codigo` (`codigo`),
  KEY `ix_caso_enf` (`enfermedad_id`),
  KEY `ix_caso_pac` (`persona_id`),
  KEY `ix_caso_est` (`establecimiento_id`),
  KEY `ix_caso_user` (`usuario_id`),
  KEY `ix_caso_se` (`anio_epi`,`semana_epi`),
  KEY `ix_caso_clasif` (`clasificacion`),
  KEY `ix_caso_anulado` (`anulado`),
  KEY `ix_caso_fecha_notif` (`fecha_notif`,`id`),
  CONSTRAINT `fk_caso_enf` FOREIGN KEY (`enfermedad_id`) REFERENCES `enfermedad` (`id`),
  CONSTRAINT `fk_caso_est` FOREIGN KEY (`establecimiento_id`) REFERENCES `establecimiento` (`id`),
  CONSTRAINT `fk_caso_persona` FOREIGN KEY (`persona_id`) REFERENCES `persona` (`id`),
  CONSTRAINT `fk_caso_user` FOREIGN KEY (`usuario_id`) REFERENCES `usuario` (`id`)
) ENGINE=InnoDB AUTO_INCREMENT=10 DEFAULT CHARSET=utf8mb4 COLLATE=utf8mb4_unicode_ci;
/*!40101 SET character_set_client = @saved_cs_client */;
DROP TABLE IF EXISTS `caso_bitacora`;
/*!40101 SET @saved_cs_client     = @@character_set_client */;
/*!50503 SET character_set_client = utf8mb4 */;
CREATE TABLE `caso_bitacora` (
  `id` bigint(20) NOT NULL AUTO_INCREMENT,
  `caso_id` int(11) NOT NULL,
  `usuario_id` int(11) DEFAULT NULL,
  `accion` varchar(60) NOT NULL,
  `detalle` varchar(255) DEFAULT NULL,
  `fecha` timestamp NOT NULL DEFAULT current_timestamp(),
  PRIMARY KEY (`id`),
  KEY `ix_bit_caso` (`caso_id`),
  KEY `ix_bit_user` (`usuario_id`),
  CONSTRAINT `fk_bit_caso` FOREIGN KEY (`caso_id`) REFERENCES `caso` (`id`) ON DELETE CASCADE,
  CONSTRAINT `fk_bit_user` FOREIGN KEY (`usuario_id`) REFERENCES `usuario` (`id`)
) ENGINE=InnoDB AUTO_INCREMENT=10 DEFAULT CHARSET=utf8mb4 COLLATE=utf8mb4_unicode_ci;
/*!40101 SET character_set_client = @saved_cs_client */;
DROP TABLE IF EXISTS `caso_contacto`;
/*!40101 SET @saved_cs_client     = @@character_set_client */;
/*!50503 SET character_set_client = utf8mb4 */;
CREATE TABLE `caso_contacto` (
  `id` int(11) NOT NULL AUTO_INCREMENT,
  `caso_id` int(11) NOT NULL,
  `nombres` varchar(160) DEFAULT NULL,
  `parentesco` varchar(60) DEFAULT NULL,
  `edad` smallint(6) DEFAULT NULL,
  `sexo` enum('M','F') DEFAULT NULL,
  `vacunado` enum('SI','NO','IGNORADO') DEFAULT NULL,
  `fecha_vacunacion` date DEFAULT NULL,
  `profilaxis` enum('SI','NO') DEFAULT NULL,
  `doc` varchar(20) DEFAULT NULL,
  `celular` varchar(20) DEFAULT NULL,
  `fecha_contacto` date DEFAULT NULL,
  `lugar_contacto` varchar(160) DEFAULT NULL,
  `fecha_inicio_erupcion` date DEFAULT NULL,
  `vacunado_72h` enum('SI','NO','DESCONOCIDO') DEFAULT NULL,
  PRIMARY KEY (`id`),
  KEY `ix_cont_caso` (`caso_id`),
  CONSTRAINT `fk_cont_caso` FOREIGN KEY (`caso_id`) REFERENCES `caso` (`id`) ON DELETE CASCADE
) ENGINE=InnoDB AUTO_INCREMENT=2 DEFAULT CHARSET=utf8mb4 COLLATE=utf8mb4_unicode_ci;
/*!40101 SET character_set_client = @saved_cs_client */;
DROP TABLE IF EXISTS `caso_lugar_infeccion`;
/*!40101 SET @saved_cs_client     = @@character_set_client */;
/*!50503 SET character_set_client = utf8mb4 */;
CREATE TABLE `caso_lugar_infeccion` (
  `id` int(11) NOT NULL AUTO_INCREMENT,
  `caso_id` int(11) NOT NULL,
  `lugar_institucion` varchar(160) DEFAULT NULL,
  `localidad_texto` varchar(160) DEFAULT NULL,
  `distrito_id` char(6) DEFAULT NULL,
  `permanencia_dias` smallint(6) DEFAULT NULL,
  PRIMARY KEY (`id`),
  KEY `ix_lugin_caso` (`caso_id`),
  KEY `ix_lugin_dist` (`distrito_id`),
  CONSTRAINT `fk_lugin_caso` FOREIGN KEY (`caso_id`) REFERENCES `caso` (`id`) ON DELETE CASCADE,
  CONSTRAINT `fk_lugin_dist` FOREIGN KEY (`distrito_id`) REFERENCES `distrito` (`id`)
) ENGINE=InnoDB DEFAULT CHARSET=utf8mb4 COLLATE=utf8mb4_unicode_ci;
/*!40101 SET character_set_client = @saved_cs_client */;
DROP TABLE IF EXISTS `caso_muestra`;
/*!40101 SET @saved_cs_client     = @@character_set_client */;
/*!50503 SET character_set_client = utf8mb4 */;
CREATE TABLE `caso_muestra` (
  `id` int(11) NOT NULL AUTO_INCREMENT,
  `caso_id` int(11) NOT NULL,
  `tipo_muestra` varchar(80) DEFAULT NULL,
  `tipo_prueba` varchar(80) DEFAULT NULL,
  `recibio_antibiotico` tinyint(1) DEFAULT NULL,
  `resultado` varchar(40) DEFAULT NULL,
  `fecha_toma` date DEFAULT NULL,
  `fecha_result` date DEFAULT NULL,
  PRIMARY KEY (`id`),
  KEY `ix_mues_caso` (`caso_id`),
  CONSTRAINT `fk_mues_caso` FOREIGN KEY (`caso_id`) REFERENCES `caso` (`id`) ON DELETE CASCADE
) ENGINE=InnoDB DEFAULT CHARSET=utf8mb4 COLLATE=utf8mb4_unicode_ci;
/*!40101 SET character_set_client = @saved_cs_client */;
DROP TABLE IF EXISTS `caso_sujeto`;
/*!40101 SET @saved_cs_client     = @@character_set_client */;
/*!50503 SET character_set_client = utf8mb4 */;
CREATE TABLE `caso_sujeto` (
  `id` int(11) NOT NULL AUTO_INCREMENT,
  `caso_id` int(11) NOT NULL,
  `persona_id` int(11) DEFAULT NULL,
  `rol` enum('CASO_INDICE','MADRE','RECIEN_NACIDO','NINO_EXPUESTO','AGRESOR','CONDUCTOR','OTRO') NOT NULL,
  `apellidos` varchar(120) DEFAULT NULL,
  `nombres` varchar(80) DEFAULT NULL,
  `doc` varchar(20) DEFAULT NULL,
  `sexo` enum('M','F') DEFAULT NULL,
  `edad` smallint(6) DEFAULT NULL,
  `distrito_id` char(6) DEFAULT NULL,
  `direccion` varchar(200) DEFAULT NULL,
  PRIMARY KEY (`id`),
  KEY `ix_cs_caso` (`caso_id`),
  KEY `ix_cs_pac` (`persona_id`),
  KEY `fk_cs_distrito` (`distrito_id`),
  CONSTRAINT `fk_cs_caso` FOREIGN KEY (`caso_id`) REFERENCES `caso` (`id`) ON DELETE CASCADE,
  CONSTRAINT `fk_cs_distrito` FOREIGN KEY (`distrito_id`) REFERENCES `distrito` (`id`),
  CONSTRAINT `fk_cs_persona` FOREIGN KEY (`persona_id`) REFERENCES `persona` (`id`)
) ENGINE=InnoDB AUTO_INCREMENT=9 DEFAULT CHARSET=utf8mb4 COLLATE=utf8mb4_unicode_ci;
/*!40101 SET character_set_client = @saved_cs_client */;
DROP TABLE IF EXISTS `caso_vacuna`;
/*!40101 SET @saved_cs_client     = @@character_set_client */;
/*!50503 SET character_set_client = utf8mb4 */;
CREATE TABLE `caso_vacuna` (
  `id` int(11) NOT NULL AUTO_INCREMENT,
  `caso_id` int(11) NOT NULL,
  `vacuna` varchar(80) DEFAULT NULL,
  `dosis` varchar(40) DEFAULT NULL,
  `fecha` date DEFAULT NULL,
  `fabricante` varchar(120) DEFAULT NULL,
  `lote` varchar(60) DEFAULT NULL,
  `via` varchar(40) DEFAULT NULL,
  `sitio` varchar(60) DEFAULT NULL,
  `fecha_vencimiento` date DEFAULT NULL,
  `establecimiento` varchar(160) DEFAULT NULL,
  `adyuvante` varchar(20) DEFAULT NULL,
  PRIMARY KEY (`id`),
  KEY `ix_vac_caso` (`caso_id`),
  CONSTRAINT `fk_vac_caso` FOREIGN KEY (`caso_id`) REFERENCES `caso` (`id`) ON DELETE CASCADE
) ENGINE=InnoDB AUTO_INCREMENT=4 DEFAULT CHARSET=utf8mb4 COLLATE=utf8mb4_unicode_ci;
/*!40101 SET character_set_client = @saved_cs_client */;
DROP TABLE IF EXISTS `caso_valor`;
/*!40101 SET @saved_cs_client     = @@character_set_client */;
/*!50503 SET character_set_client = utf8mb4 */;
CREATE TABLE `caso_valor` (
  `id` bigint(20) NOT NULL AUTO_INCREMENT,
  `caso_id` int(11) NOT NULL,
  `campo_def_id` int(11) NOT NULL,
  `valor` text DEFAULT NULL,
  PRIMARY KEY (`id`),
  UNIQUE KEY `uq_cv` (`caso_id`,`campo_def_id`),
  KEY `ix_cv_campo` (`campo_def_id`),
  CONSTRAINT `fk_cv_campo` FOREIGN KEY (`campo_def_id`) REFERENCES `campo_def` (`id`),
  CONSTRAINT `fk_cv_caso` FOREIGN KEY (`caso_id`) REFERENCES `caso` (`id`) ON DELETE CASCADE
) ENGINE=InnoDB AUTO_INCREMENT=51 DEFAULT CHARSET=utf8mb4 COLLATE=utf8mb4_unicode_ci;
/*!40101 SET character_set_client = @saved_cs_client */;
DROP TABLE IF EXISTS `caso_viaje`;
/*!40101 SET @saved_cs_client     = @@character_set_client */;
/*!50503 SET character_set_client = utf8mb4 */;
CREATE TABLE `caso_viaje` (
  `id` int(11) NOT NULL AUTO_INCREMENT,
  `caso_id` int(11) NOT NULL,
  `pais` varchar(60) DEFAULT NULL,
  `distrito_id` char(6) DEFAULT NULL,
  `fecha_salida` date DEFAULT NULL,
  `fecha_retorno` date DEFAULT NULL,
  PRIMARY KEY (`id`),
  KEY `ix_viaj_caso` (`caso_id`),
  KEY `ix_viaj_dist` (`distrito_id`),
  CONSTRAINT `fk_viaj_caso` FOREIGN KEY (`caso_id`) REFERENCES `caso` (`id`) ON DELETE CASCADE,
  CONSTRAINT `fk_viaj_dist` FOREIGN KEY (`distrito_id`) REFERENCES `distrito` (`id`)
) ENGINE=InnoDB AUTO_INCREMENT=2 DEFAULT CHARSET=utf8mb4 COLLATE=utf8mb4_unicode_ci;
/*!40101 SET character_set_client = @saved_cs_client */;
DROP TABLE IF EXISTS `catalogo`;
/*!40101 SET @saved_cs_client     = @@character_set_client */;
/*!50503 SET character_set_client = utf8mb4 */;
CREATE TABLE `catalogo` (
  `id` int(11) NOT NULL AUTO_INCREMENT,
  `nombre` varchar(80) NOT NULL,
  PRIMARY KEY (`id`),
  UNIQUE KEY `uq_catalogo` (`nombre`)
) ENGINE=InnoDB AUTO_INCREMENT=525 DEFAULT CHARSET=utf8mb4 COLLATE=utf8mb4_unicode_ci;
/*!40101 SET character_set_client = @saved_cs_client */;
DROP TABLE IF EXISTS `catalogo_item`;
/*!40101 SET @saved_cs_client     = @@character_set_client */;
/*!50503 SET character_set_client = utf8mb4 */;
CREATE TABLE `catalogo_item` (
  `id` int(11) NOT NULL AUTO_INCREMENT,
  `catalogo_id` int(11) NOT NULL,
  `valor` varchar(60) NOT NULL,
  `etiqueta` varchar(120) NOT NULL,
  `orden` smallint(6) NOT NULL DEFAULT 0,
  PRIMARY KEY (`id`),
  KEY `ix_item_cat` (`catalogo_id`),
  CONSTRAINT `fk_item_cat` FOREIGN KEY (`catalogo_id`) REFERENCES `catalogo` (`id`) ON DELETE CASCADE
) ENGINE=InnoDB AUTO_INCREMENT=2941 DEFAULT CHARSET=utf8mb4 COLLATE=utf8mb4_unicode_ci;
/*!40101 SET character_set_client = @saved_cs_client */;
DROP TABLE IF EXISTS `departamento`;
/*!40101 SET @saved_cs_client     = @@character_set_client */;
/*!50503 SET character_set_client = utf8mb4 */;
CREATE TABLE `departamento` (
  `id` char(2) NOT NULL,
  `nombre` varchar(60) NOT NULL,
  PRIMARY KEY (`id`)
) ENGINE=InnoDB DEFAULT CHARSET=utf8mb4 COLLATE=utf8mb4_unicode_ci;
/*!40101 SET character_set_client = @saved_cs_client */;
DROP TABLE IF EXISTS `distrito`;
/*!40101 SET @saved_cs_client     = @@character_set_client */;
/*!50503 SET character_set_client = utf8mb4 */;
CREATE TABLE `distrito` (
  `id` char(6) NOT NULL,
  `nombre` varchar(60) NOT NULL,
  `provincia_id` char(4) NOT NULL,
  `departamento_id` char(2) NOT NULL,
  PRIMARY KEY (`id`),
  KEY `ix_dist_prov` (`provincia_id`),
  KEY `ix_dist_dep` (`departamento_id`),
  CONSTRAINT `fk_dist_dep` FOREIGN KEY (`departamento_id`) REFERENCES `departamento` (`id`),
  CONSTRAINT `fk_dist_prov` FOREIGN KEY (`provincia_id`) REFERENCES `provincia` (`id`)
) ENGINE=InnoDB DEFAULT CHARSET=utf8mb4 COLLATE=utf8mb4_unicode_ci;
/*!40101 SET character_set_client = @saved_cs_client */;
DROP TABLE IF EXISTS `enfermedad`;
/*!40101 SET @saved_cs_client     = @@character_set_client */;
/*!50503 SET character_set_client = utf8mb4 */;
CREATE TABLE `enfermedad` (
  `id` int(11) NOT NULL AUTO_INCREMENT,
  `nombre` varchar(120) NOT NULL,
  `nombre_corto` varchar(100) DEFAULT NULL,
  `palabras_clave` varchar(255) DEFAULT NULL,
  `cie10` varchar(10) DEFAULT NULL,
  `tipo_notif` enum('INMEDIATA','SEMANAL') NOT NULL DEFAULT 'SEMANAL',
  `grupo` varchar(40) DEFAULT NULL,
  `familia` varchar(100) DEFAULT NULL,
  `usa_contactos` tinyint(1) NOT NULL DEFAULT 0,
  `usa_muestras` tinyint(1) NOT NULL DEFAULT 0,
  `usa_viajes` tinyint(1) NOT NULL DEFAULT 0,
  `usa_vacunas` tinyint(1) NOT NULL DEFAULT 0,
  `usa_lugar_infeccion` tinyint(1) NOT NULL DEFAULT 0,
  `multi_sujeto` tinyint(1) DEFAULT 0,
  `roles_sujeto` varchar(255) DEFAULT NULL,
  `opciones_clasificacion` varchar(80) DEFAULT NULL,
  `activo` tinyint(1) NOT NULL DEFAULT 1,
  `columnas_contacto` longtext CHARACTER SET utf8mb4 COLLATE utf8mb4_bin DEFAULT NULL CHECK (json_valid(`columnas_contacto`)),
  `columnas_muestra` longtext CHARACTER SET utf8mb4 COLLATE utf8mb4_bin DEFAULT NULL CHECK (json_valid(`columnas_muestra`)),
  `columnas_viaje` longtext CHARACTER SET utf8mb4 COLLATE utf8mb4_bin DEFAULT NULL CHECK (json_valid(`columnas_viaje`)),
  `columnas_vacuna` longtext CHARACTER SET utf8mb4 COLLATE utf8mb4_bin DEFAULT NULL CHECK (json_valid(`columnas_vacuna`)),
  PRIMARY KEY (`id`)
) ENGINE=InnoDB AUTO_INCREMENT=35 DEFAULT CHARSET=utf8mb4 COLLATE=utf8mb4_unicode_ci;
/*!40101 SET character_set_client = @saved_cs_client */;
DROP TABLE IF EXISTS `establecimiento`;
/*!40101 SET @saved_cs_client     = @@character_set_client */;
/*!50503 SET character_set_client = utf8mb4 */;
CREATE TABLE `establecimiento` (
  `id` int(11) NOT NULL AUTO_INCREMENT,
  `cod_renipress` varchar(8) DEFAULT NULL,
  `nombre` varchar(160) NOT NULL,
  `red_id` int(11) DEFAULT NULL,
  `institucion` enum('MINSA','ESSALUD','FFAA_SANIDAD','PRIVADO') NOT NULL DEFAULT 'FFAA_SANIDAD',
  `distrito_id` char(6) DEFAULT NULL,
  `activo` tinyint(1) NOT NULL DEFAULT 1,
  PRIMARY KEY (`id`),
  UNIQUE KEY `uq_est_cod_renipress` (`cod_renipress`),
  KEY `ix_est_red` (`red_id`),
  KEY `ix_est_dist` (`distrito_id`),
  CONSTRAINT `fk_est_dist` FOREIGN KEY (`distrito_id`) REFERENCES `distrito` (`id`),
  CONSTRAINT `fk_est_red` FOREIGN KEY (`red_id`) REFERENCES `red_salud` (`id`)
) ENGINE=InnoDB AUTO_INCREMENT=83 DEFAULT CHARSET=utf8mb4 COLLATE=utf8mb4_unicode_ci;
/*!40101 SET character_set_client = @saved_cs_client */;
DROP TABLE IF EXISTS `grado_pnp`;
/*!40101 SET @saved_cs_client     = @@character_set_client */;
/*!50503 SET character_set_client = utf8mb4 */;
CREATE TABLE `grado_pnp` (
  `id` int(11) NOT NULL AUTO_INCREMENT,
  `abreviatura` varchar(16) NOT NULL,
  `nombre` varchar(60) NOT NULL,
  `nivel` enum('OFICIAL_GENERAL','OFICIAL_SUPERIOR','OFICIAL_SUBALTERNO','SUBOFICIAL','CADETE','ALUMNO','EMPLEADO_CIVIL') NOT NULL,
  `jerarquia` smallint(6) NOT NULL,
  PRIMARY KEY (`id`),
  UNIQUE KEY `uq_grado_abrev` (`abreviatura`)
) ENGINE=InnoDB AUTO_INCREMENT=21 DEFAULT CHARSET=utf8mb4 COLLATE=utf8mb4_unicode_ci;
/*!40101 SET character_set_client = @saved_cs_client */;
DROP TABLE IF EXISTS `login_intento`;
/*!40101 SET @saved_cs_client     = @@character_set_client */;
/*!50503 SET character_set_client = utf8mb4 */;
CREATE TABLE `login_intento` (
  `id` bigint(20) NOT NULL AUTO_INCREMENT,
  `email` varchar(120) NOT NULL,
  `ip` varchar(45) NOT NULL,
  `exitoso` tinyint(1) NOT NULL,
  `fecha` timestamp NOT NULL DEFAULT current_timestamp(),
  PRIMARY KEY (`id`),
  KEY `ix_login_email_fecha` (`email`,`fecha`),
  KEY `ix_login_ip_fecha` (`ip`,`fecha`)
) ENGINE=InnoDB AUTO_INCREMENT=30 DEFAULT CHARSET=utf8mb4 COLLATE=utf8mb4_unicode_ci;
/*!40101 SET character_set_client = @saved_cs_client */;
DROP TABLE IF EXISTS `lote_importacion`;
/*!40101 SET @saved_cs_client     = @@character_set_client */;
/*!50503 SET character_set_client = utf8mb4 */;
CREATE TABLE `lote_importacion` (
  `id` int(11) NOT NULL AUTO_INCREMENT,
  `enfermedad_id` int(11) NOT NULL,
  `establecimiento_id` int(11) NOT NULL,
  `usuario_id` int(11) NOT NULL,
  `nombre_archivo` varchar(255) NOT NULL,
  `total_filas` int(11) NOT NULL,
  `filas_importadas` int(11) NOT NULL,
  `filas_error` int(11) NOT NULL,
  `creado_en` timestamp NOT NULL DEFAULT current_timestamp(),
  PRIMARY KEY (`id`),
  KEY `ix_lote_enf` (`enfermedad_id`),
  KEY `ix_lote_est` (`establecimiento_id`),
  KEY `ix_lote_user` (`usuario_id`),
  CONSTRAINT `fk_lote_enf` FOREIGN KEY (`enfermedad_id`) REFERENCES `enfermedad` (`id`),
  CONSTRAINT `fk_lote_est` FOREIGN KEY (`establecimiento_id`) REFERENCES `establecimiento` (`id`),
  CONSTRAINT `fk_lote_user` FOREIGN KEY (`usuario_id`) REFERENCES `usuario` (`id`)
) ENGINE=InnoDB DEFAULT CHARSET=utf8mb4 COLLATE=utf8mb4_unicode_ci;
/*!40101 SET character_set_client = @saved_cs_client */;
DROP TABLE IF EXISTS `password_reset_token`;
/*!40101 SET @saved_cs_client     = @@character_set_client */;
/*!50503 SET character_set_client = utf8mb4 */;
CREATE TABLE `password_reset_token` (
  `id` bigint(20) NOT NULL AUTO_INCREMENT,
  `usuario_id` int(11) NOT NULL,
  `token_hash` char(64) NOT NULL,
  `creado_en` timestamp NOT NULL DEFAULT current_timestamp(),
  `expira_en` timestamp NOT NULL,
  `usado_en` timestamp NULL DEFAULT NULL,
  PRIMARY KEY (`id`),
  UNIQUE KEY `uq_prt_hash` (`token_hash`),
  KEY `ix_prt_usuario` (`usuario_id`),
  CONSTRAINT `fk_prt_usuario` FOREIGN KEY (`usuario_id`) REFERENCES `usuario` (`id`)
) ENGINE=InnoDB AUTO_INCREMENT=3 DEFAULT CHARSET=utf8mb4 COLLATE=utf8mb4_unicode_ci;
/*!40101 SET character_set_client = @saved_cs_client */;
DROP TABLE IF EXISTS `persona`;
/*!40101 SET @saved_cs_client     = @@character_set_client */;
/*!50503 SET character_set_client = utf8mb4 */;
CREATE TABLE `persona` (
  `id` int(11) NOT NULL AUTO_INCREMENT,
  `codigo_interno` varchar(20) DEFAULT NULL,
  `tipo_doc` enum('DNI','CE','PTP','PAS','SIN_DOCUMENTO') NOT NULL DEFAULT 'DNI',
  `num_doc` varchar(20) DEFAULT NULL,
  `apellido_paterno` varchar(60) DEFAULT NULL,
  `apellido_materno` varchar(60) DEFAULT NULL,
  `nombres` varchar(80) DEFAULT NULL,
  `sexo` enum('M','F') DEFAULT NULL,
  `fecha_nac` date DEFAULT NULL,
  `distrito_id` char(6) DEFAULT NULL,
  `celular` varchar(20) DEFAULT NULL,
  `nacionalidad` varchar(60) DEFAULT 'Peruana',
  `direccion` varchar(160) DEFAULT NULL,
  `localidad` varchar(120) DEFAULT NULL,
  `etnia` enum('MESTIZO','ANDINO','ASIATICO_DESCENDIENTE','AFRODESCENDIENTE','INDIGENA_AMAZONICO','OTRO') DEFAULT NULL,
  `gestante` tinyint(1) DEFAULT NULL,
  `semanas_gestacion` smallint(6) DEFAULT NULL,
  `condicion` enum('EFECTIVO','DERECHOHABIENTE','PARTICULAR') NOT NULL DEFAULT 'PARTICULAR',
  `titular_id` int(11) DEFAULT NULL,
  `vinculo_titular` enum('CONYUGE','CONVIVIENTE','HIJO','PADRE','MADRE','OTRO') DEFAULT NULL,
  `cip` varchar(12) DEFAULT NULL,
  `situacion_pnp` enum('ACTIVIDAD','RETIRO','DISPONIBILIDAD') DEFAULT NULL,
  `grado_id` int(11) DEFAULT NULL,
  `categoria_pnp` enum('ARMAS','SERVICIOS','ASIMILADO') DEFAULT NULL,
  `unidad_id` int(11) DEFAULT NULL,
  `creado_en` timestamp NOT NULL DEFAULT current_timestamp(),
  PRIMARY KEY (`id`),
  UNIQUE KEY `uq_persona_doc` (`tipo_doc`,`num_doc`),
  UNIQUE KEY `uq_persona_codigo` (`codigo_interno`),
  KEY `ix_pac_dist` (`distrito_id`),
  KEY `ix_pac_grado` (`grado_id`),
  KEY `ix_pac_unidad` (`unidad_id`),
  KEY `ix_pac_cip` (`cip`),
  KEY `ix_pac_apellidos` (`apellido_paterno`,`apellido_materno`),
  KEY `ix_pac_categoria` (`categoria_pnp`),
  KEY `ix_persona_condicion` (`condicion`),
  KEY `ix_persona_titular` (`titular_id`),
  CONSTRAINT `fk_pac_dist` FOREIGN KEY (`distrito_id`) REFERENCES `distrito` (`id`),
  CONSTRAINT `fk_pac_grado` FOREIGN KEY (`grado_id`) REFERENCES `grado_pnp` (`id`),
  CONSTRAINT `fk_pac_unidad` FOREIGN KEY (`unidad_id`) REFERENCES `unidad_pnp` (`id`),
  CONSTRAINT `fk_persona_titular` FOREIGN KEY (`titular_id`) REFERENCES `persona` (`id`)
) ENGINE=InnoDB AUTO_INCREMENT=15 DEFAULT CHARSET=utf8mb4 COLLATE=utf8mb4_unicode_ci;
/*!40101 SET character_set_client = @saved_cs_client */;
DROP TABLE IF EXISTS `provincia`;
/*!40101 SET @saved_cs_client     = @@character_set_client */;
/*!50503 SET character_set_client = utf8mb4 */;
CREATE TABLE `provincia` (
  `id` char(4) NOT NULL,
  `nombre` varchar(60) NOT NULL,
  `departamento_id` char(2) NOT NULL,
  PRIMARY KEY (`id`),
  KEY `ix_prov_dep` (`departamento_id`),
  CONSTRAINT `fk_prov_dep` FOREIGN KEY (`departamento_id`) REFERENCES `departamento` (`id`)
) ENGINE=InnoDB DEFAULT CHARSET=utf8mb4 COLLATE=utf8mb4_unicode_ci;
/*!40101 SET character_set_client = @saved_cs_client */;
DROP TABLE IF EXISTS `red_salud`;
/*!40101 SET @saved_cs_client     = @@character_set_client */;
/*!50503 SET character_set_client = utf8mb4 */;
CREATE TABLE `red_salud` (
  `id` int(11) NOT NULL AUTO_INCREMENT,
  `nombre` varchar(120) NOT NULL,
  `diresa` varchar(120) NOT NULL DEFAULT 'DIRSAPOL',
  PRIMARY KEY (`id`)
) ENGINE=InnoDB AUTO_INCREMENT=26 DEFAULT CHARSET=utf8mb4 COLLATE=utf8mb4_unicode_ci;
/*!40101 SET character_set_client = @saved_cs_client */;
DROP TABLE IF EXISTS `reniec_consulta`;
/*!40101 SET @saved_cs_client     = @@character_set_client */;
/*!50503 SET character_set_client = utf8mb4 */;
CREATE TABLE `reniec_consulta` (
  `id` bigint(20) NOT NULL AUTO_INCREMENT,
  `usuario_id` int(11) NOT NULL,
  `dni` varchar(8) NOT NULL,
  `encontrado` tinyint(1) NOT NULL,
  `fecha` timestamp NOT NULL DEFAULT current_timestamp(),
  PRIMARY KEY (`id`),
  KEY `ix_reniec_usuario` (`usuario_id`),
  KEY `ix_reniec_dni` (`dni`),
  CONSTRAINT `fk_reniec_usuario` FOREIGN KEY (`usuario_id`) REFERENCES `usuario` (`id`)
) ENGINE=InnoDB AUTO_INCREMENT=18 DEFAULT CHARSET=utf8mb4 COLLATE=utf8mb4_unicode_ci;
/*!40101 SET character_set_client = @saved_cs_client */;
DROP TABLE IF EXISTS `seccion_def`;
/*!40101 SET @saved_cs_client     = @@character_set_client */;
/*!50503 SET character_set_client = utf8mb4 */;
CREATE TABLE `seccion_def` (
  `id` int(11) NOT NULL AUTO_INCREMENT,
  `enfermedad_id` int(11) NOT NULL,
  `nombre` varchar(120) NOT NULL,
  `orden` smallint(6) NOT NULL DEFAULT 0,
  `depende_de` int(11) DEFAULT NULL,
  `valor_activador` varchar(60) DEFAULT NULL,
  PRIMARY KEY (`id`),
  KEY `ix_sec_enf` (`enfermedad_id`),
  KEY `fk_seccion_depende` (`depende_de`),
  CONSTRAINT `fk_sec_enf` FOREIGN KEY (`enfermedad_id`) REFERENCES `enfermedad` (`id`) ON DELETE CASCADE,
  CONSTRAINT `fk_seccion_depende` FOREIGN KEY (`depende_de`) REFERENCES `campo_def` (`id`)
) ENGINE=InnoDB AUTO_INCREMENT=2246 DEFAULT CHARSET=utf8mb4 COLLATE=utf8mb4_unicode_ci;
/*!40101 SET character_set_client = @saved_cs_client */;
DROP TABLE IF EXISTS `unidad_pnp`;
/*!40101 SET @saved_cs_client     = @@character_set_client */;
/*!50503 SET character_set_client = utf8mb4 */;
CREATE TABLE `unidad_pnp` (
  `id` int(11) NOT NULL AUTO_INCREMENT,
  `nombre` varchar(160) NOT NULL,
  `tipo` varchar(60) DEFAULT NULL,
  `distrito_id` char(6) DEFAULT NULL,
  `activo` tinyint(1) NOT NULL DEFAULT 1,
  PRIMARY KEY (`id`),
  KEY `ix_unid_dist` (`distrito_id`),
  CONSTRAINT `fk_unid_dist` FOREIGN KEY (`distrito_id`) REFERENCES `distrito` (`id`)
) ENGINE=InnoDB DEFAULT CHARSET=utf8mb4 COLLATE=utf8mb4_unicode_ci;
/*!40101 SET character_set_client = @saved_cs_client */;
DROP TABLE IF EXISTS `usuario`;
/*!40101 SET @saved_cs_client     = @@character_set_client */;
/*!50503 SET character_set_client = utf8mb4 */;
CREATE TABLE `usuario` (
  `id` int(11) NOT NULL AUTO_INCREMENT,
  `persona_id` int(11) DEFAULT NULL,
  `perfil_incompleto` tinyint(1) NOT NULL DEFAULT 0,
  `nombre` varchar(120) NOT NULL,
  `email` varchar(120) NOT NULL,
  `password_hash` varchar(255) NOT NULL,
  `rol` enum('ADMIN','REGISTRADOR') NOT NULL DEFAULT 'REGISTRADOR',
  `establecimiento_id` int(11) DEFAULT NULL,
  `activo` tinyint(1) NOT NULL DEFAULT 1,
  `creado_en` timestamp NOT NULL DEFAULT current_timestamp(),
  PRIMARY KEY (`id`),
  UNIQUE KEY `uq_user_email` (`email`),
  UNIQUE KEY `uq_user_persona` (`persona_id`),
  KEY `ix_user_est` (`establecimiento_id`),
  CONSTRAINT `fk_user_est` FOREIGN KEY (`establecimiento_id`) REFERENCES `establecimiento` (`id`),
  CONSTRAINT `fk_user_persona` FOREIGN KEY (`persona_id`) REFERENCES `persona` (`id`)
) ENGINE=InnoDB AUTO_INCREMENT=8 DEFAULT CHARSET=utf8mb4 COLLATE=utf8mb4_unicode_ci;
/*!40101 SET character_set_client = @saved_cs_client */;
/*!40103 SET TIME_ZONE=@OLD_TIME_ZONE */;

/*!40101 SET SQL_MODE=@OLD_SQL_MODE */;
/*!40014 SET FOREIGN_KEY_CHECKS=@OLD_FOREIGN_KEY_CHECKS */;
/*!40014 SET UNIQUE_CHECKS=@OLD_UNIQUE_CHECKS */;
/*!40101 SET CHARACTER_SET_CLIENT=@OLD_CHARACTER_SET_CLIENT */;
/*!40101 SET CHARACTER_SET_RESULTS=@OLD_CHARACTER_SET_RESULTS */;
/*!40101 SET COLLATION_CONNECTION=@OLD_COLLATION_CONNECTION */;
/*!40111 SET SQL_NOTES=@OLD_SQL_NOTES */;


-- ── 2) DATOS DE REFERENCIA Y CATALOGOS ─────────────────────────────────

/*!40101 SET @OLD_CHARACTER_SET_CLIENT=@@CHARACTER_SET_CLIENT */;
/*!40101 SET @OLD_CHARACTER_SET_RESULTS=@@CHARACTER_SET_RESULTS */;
/*!40101 SET @OLD_COLLATION_CONNECTION=@@COLLATION_CONNECTION */;
/*!50503 SET NAMES utf8mb4 */;
/*!40103 SET @OLD_TIME_ZONE=@@TIME_ZONE */;
/*!40103 SET TIME_ZONE='+00:00' */;
/*!40014 SET @OLD_UNIQUE_CHECKS=@@UNIQUE_CHECKS, UNIQUE_CHECKS=0 */;
/*!40014 SET @OLD_FOREIGN_KEY_CHECKS=@@FOREIGN_KEY_CHECKS, FOREIGN_KEY_CHECKS=0 */;
/*!40101 SET @OLD_SQL_MODE=@@SQL_MODE, SQL_MODE='NO_AUTO_VALUE_ON_ZERO' */;
/*!40111 SET @OLD_SQL_NOTES=@@SQL_NOTES, SQL_NOTES=0 */;

LOCK TABLES `departamento` WRITE;
/*!40000 ALTER TABLE `departamento` DISABLE KEYS */;
INSERT INTO `departamento` VALUES ('01','Amazonas'),('02','Áncash'),('03','Apurímac'),('04','Arequipa'),('05','Ayacucho'),('06','Cajamarca'),('07','Callao'),('08','Cusco'),('09','Huancavelica'),('10','Huánuco'),('11','Ica'),('12','Junín'),('13','La Libertad'),('14','Lambayeque'),('15','Lima'),('16','Loreto'),('17','Madre de Dios'),('18','Moquegua'),('19','Pasco'),('20','Piura'),('21','Puno'),('22','San Martín'),('23','Tacna'),('24','Tumbes'),('25','Ucayali');
/*!40000 ALTER TABLE `departamento` ENABLE KEYS */;
UNLOCK TABLES;

LOCK TABLES `provincia` WRITE;
/*!40000 ALTER TABLE `provincia` DISABLE KEYS */;
INSERT INTO `provincia` VALUES ('0101','Chachapoyas','01'),('0102','Bagua','01'),('0103','Bongará','01'),('0104','Condorcanqui','01'),('0105','Luya','01'),('0106','Rodríguez de Mendoza','01'),('0107','Utcubamba','01'),('0201','Huaraz','02'),('0202','Aija','02'),('0203','Antonio Raymondi','02'),('0204','Asunción','02'),('0205','Bolognesi','02'),('0206','Carhuaz','02'),('0207','Carlos Fermín Fitzcarrald','02'),('0208','Casma','02'),('0209','Corongo','02'),('0210','Huari','02'),('0211','Huarmey','02'),('0212','Huaylas','02'),('0213','Mariscal Luzuriaga','02'),('0214','Ocros','02'),('0215','Pallasca','02'),('0216','Pomabamba','02'),('0217','Recuay','02'),('0218','Santa','02'),('0219','Sihuas','02'),('0220','Yungay','02'),('0301','Abancay','03'),('0302','Andahuaylas','03'),('0303','Antabamba','03'),('0304','Aymaraes','03'),('0305','Cotabambas','03'),('0306','Chincheros','03'),('0307','Grau','03'),('0401','Arequipa','04'),('0402','Camaná','04'),('0403','Caravelí','04'),('0404','Castilla','04'),('0405','Caylloma','04'),('0406','Condesuyos','04'),('0407','Islay','04'),('0408','La Uniòn','04'),('0501','Huamanga','05'),('0502','Cangallo','05'),('0503','Huanca Sancos','05'),('0504','Huanta','05'),('0505','La Mar','05'),('0506','Lucanas','05'),('0507','Parinacochas','05'),('0508','Pàucar del Sara Sara','05'),('0509','Sucre','05'),('0510','Víctor Fajardo','05'),('0511','Vilcas Huamán','05'),('0601','Cajamarca','06'),('0602','Cajabamba','06'),('0603','Celendín','06'),('0604','Chota','06'),('0605','Contumazá','06'),('0606','Cutervo','06'),('0607','Hualgayoc','06'),('0608','Jaén','06'),('0609','San Ignacio','06'),('0610','San Marcos','06'),('0611','San Miguel','06'),('0612','San Pablo','06'),('0613','Santa Cruz','06'),('0701','Prov. Const. del Callao','07'),('0801','Cusco','08'),('0802','Acomayo','08'),('0803','Anta','08'),('0804','Calca','08'),('0805','Canas','08'),('0806','Canchis','08'),('0807','Chumbivilcas','08'),('0808','Espinar','08'),('0809','La Convención','08'),('0810','Paruro','08'),('0811','Paucartambo','08'),('0812','Quispicanchi','08'),('0813','Urubamba','08'),('0901','Huancavelica','09'),('0902','Acobamba','09'),('0903','Angaraes','09'),('0904','Castrovirreyna','09'),('0905','Churcampa','09'),('0906','Huaytará','09'),('0907','Tayacaja','09'),('1001','Huánuco','10'),('1002','Ambo','10'),('1003','Dos de Mayo','10'),('1004','Huacaybamba','10'),('1005','Huamalíes','10'),('1006','Leoncio Prado','10'),('1007','Marañón','10'),('1008','Pachitea','10'),('1009','Puerto Inca','10'),('1010','Lauricocha ','10'),('1011','Yarowilca ','10'),('1101','Ica ','11'),('1102','Chincha ','11'),('1103','Nasca ','11'),('1104','Palpa ','11'),('1105','Pisco ','11'),('1201','Huancayo ','12'),('1202','Concepción ','12'),('1203','Chanchamayo ','12'),('1204','Jauja ','12'),('1205','Junín ','12'),('1206','Satipo ','12'),('1207','Tarma ','12'),('1208','Yauli ','12'),('1209','Chupaca ','12'),('1301','Trujillo ','13'),('1302','Ascope ','13'),('1303','Bolívar ','13'),('1304','Chepén ','13'),('1305','Julcán ','13'),('1306','Otuzco ','13'),('1307','Pacasmayo ','13'),('1308','Pataz ','13'),('1309','Sánchez Carrión ','13'),('1310','Santiago de Chuco ','13'),('1311','Gran Chimú ','13'),('1312','Virú ','13'),('1401','Chiclayo ','14'),('1402','Ferreñafe ','14'),('1403','Lambayeque ','14'),('1501','Lima ','15'),('1502','Barranca ','15'),('1503','Cajatambo ','15'),('1504','Canta ','15'),('1505','Cañete ','15'),('1506','Huaral ','15'),('1507','Huarochirí ','15'),('1508','Huaura ','15'),('1509','Oyón ','15'),('1510','Yauyos ','15'),('1601','Maynas ','16'),('1602','Alto Amazonas ','16'),('1603','Loreto ','16'),('1604','Mariscal Ramón Castilla ','16'),('1605','Requena ','16'),('1606','Ucayali ','16'),('1607','Datem del Marañón ','16'),('1608','Putumayo','16'),('1701','Tambopata ','17'),('1702','Manu ','17'),('1703','Tahuamanu ','17'),('1801','Mariscal Nieto ','18'),('1802','General Sánchez Cerro ','18'),('1803','Ilo ','18'),('1901','Pasco ','19'),('1902','Daniel Alcides Carrión ','19'),('1903','Oxapampa ','19'),('2001','Piura ','20'),('2002','Ayabaca ','20'),('2003','Huancabamba ','20'),('2004','Morropón ','20'),('2005','Paita ','20'),('2006','Sullana ','20'),('2007','Talara ','20'),('2008','Sechura ','20'),('2101','Puno ','21'),('2102','Azángaro ','21'),('2103','Carabaya ','21'),('2104','Chucuito ','21'),('2105','El Collao ','21'),('2106','Huancané ','21'),('2107','Lampa ','21'),('2108','Melgar ','21'),('2109','Moho ','21'),('2110','San Antonio de Putina ','21'),('2111','San Román ','21'),('2112','Sandia ','21'),('2113','Yunguyo ','21'),('2201','Moyobamba ','22'),('2202','Bellavista ','22'),('2203','El Dorado ','22'),('2204','Huallaga ','22'),('2205','Lamas ','22'),('2206','Mariscal Cáceres ','22'),('2207','Picota ','22'),('2208','Rioja ','22'),('2209','San Martín ','22'),('2210','Tocache ','22'),('2301','Tacna ','23'),('2302','Candarave ','23'),('2303','Jorge Basadre ','23'),('2304','Tarata ','23'),('2401','Tumbes ','24'),('2402','Contralmirante Villar ','24'),('2403','Zarumilla ','24'),('2501','Coronel Portillo ','25'),('2502','Atalaya ','25'),('2503','Padre Abad ','25'),('2504','Purús','25');
/*!40000 ALTER TABLE `provincia` ENABLE KEYS */;
UNLOCK TABLES;

LOCK TABLES `distrito` WRITE;
/*!40000 ALTER TABLE `distrito` DISABLE KEYS */;
INSERT INTO `distrito` VALUES ('010101','Chachapoyas','0101','01'),('010102','Asunción','0101','01'),('010103','Balsas','0101','01'),('010104','Cheto','0101','01'),('010105','Chiliquin','0101','01'),('010106','Chuquibamba','0101','01'),('010107','Granada','0101','01'),('010108','Huancas','0101','01'),('010109','La Jalca','0101','01'),('010110','Leimebamba','0101','01'),('010111','Levanto','0101','01'),('010112','Magdalena','0101','01'),('010113','Mariscal Castilla','0101','01'),('010114','Molinopampa','0101','01'),('010115','Montevideo','0101','01'),('010116','Olleros','0101','01'),('010117','Quinjalca','0101','01'),('010118','San Francisco de Daguas','0101','01'),('010119','San Isidro de Maino','0101','01'),('010120','Soloco','0101','01'),('010121','Sonche','0101','01'),('010201','Bagua','0102','01'),('010202','Aramango','0102','01'),('010203','Copallin','0102','01'),('010204','El Parco','0102','01'),('010205','Imaza','0102','01'),('010206','La Peca','0102','01'),('010301','Jumbilla','0103','01'),('010302','Chisquilla','0103','01'),('010303','Churuja','0103','01'),('010304','Corosha','0103','01'),('010305','Cuispes','0103','01'),('010306','Florida','0103','01'),('010307','Jazan','0103','01'),('010308','Recta','0103','01'),('010309','San Carlos','0103','01'),('010310','Shipasbamba','0103','01'),('010311','Valera','0103','01'),('010312','Yambrasbamba','0103','01'),('010401','Nieva','0104','01'),('010402','El Cenepa','0104','01'),('010403','Río Santiago','0104','01'),('010501','Lamud','0105','01'),('010502','Camporredondo','0105','01'),('010503','Cocabamba','0105','01'),('010504','Colcamar','0105','01'),('010505','Conila','0105','01'),('010506','Inguilpata','0105','01'),('010507','Longuita','0105','01'),('010508','Lonya Chico','0105','01'),('010509','Luya','0105','01'),('010510','Luya Viejo','0105','01'),('010511','María','0105','01'),('010512','Ocalli','0105','01'),('010513','Ocumal','0105','01'),('010514','Pisuquia','0105','01'),('010515','Providencia','0105','01'),('010516','San Cristóbal','0105','01'),('010517','San Francisco de Yeso','0105','01'),('010518','San Jerónimo','0105','01'),('010519','San Juan de Lopecancha','0105','01'),('010520','Santa Catalina','0105','01'),('010521','Santo Tomas','0105','01'),('010522','Tingo','0105','01'),('010523','Trita','0105','01'),('010601','San Nicolás','0106','01'),('010602','Chirimoto','0106','01'),('010603','Cochamal','0106','01'),('010604','Huambo','0106','01'),('010605','Limabamba','0106','01'),('010606','Longar','0106','01'),('010607','Mariscal Benavides','0106','01'),('010608','Milpuc','0106','01'),('010609','Omia','0106','01'),('010610','Santa Rosa','0106','01'),('010611','Totora','0106','01'),('010612','Vista Alegre','0106','01'),('010701','Bagua Grande','0107','01'),('010702','Cajaruro','0107','01'),('010703','Cumba','0107','01'),('010704','El Milagro','0107','01'),('010705','Jamalca','0107','01'),('010706','Lonya Grande','0107','01'),('010707','Yamon','0107','01'),('020101','Huaraz','0201','02'),('020102','Cochabamba','0201','02'),('020103','Colcabamba','0201','02'),('020104','Huanchay','0201','02'),('020105','Independencia','0201','02'),('020106','Jangas','0201','02'),('020107','La Libertad','0201','02'),('020108','Olleros','0201','02'),('020109','Pampas Grande','0201','02'),('020110','Pariacoto','0201','02'),('020111','Pira','0201','02'),('020112','Tarica','0201','02'),('020201','Aija','0202','02'),('020202','Coris','0202','02'),('020203','Huacllan','0202','02'),('020204','La Merced','0202','02'),('020205','Succha','0202','02'),('020301','Llamellin','0203','02'),('020302','Aczo','0203','02'),('020303','Chaccho','0203','02'),('020304','Chingas','0203','02'),('020305','Mirgas','0203','02'),('020306','San Juan de Rontoy','0203','02'),('020401','Chacas','0204','02'),('020402','Acochaca','0204','02'),('020501','Chiquian','0205','02'),('020502','Abelardo Pardo Lezameta','0205','02'),('020503','Antonio Raymondi','0205','02'),('020504','Aquia','0205','02'),('020505','Cajacay','0205','02'),('020506','Canis','0205','02'),('020507','Colquioc','0205','02'),('020508','Huallanca','0205','02'),('020509','Huasta','0205','02'),('020510','Huayllacayan','0205','02'),('020511','La Primavera','0205','02'),('020512','Mangas','0205','02'),('020513','Pacllon','0205','02'),('020514','San Miguel de Corpanqui','0205','02'),('020515','Ticllos','0205','02'),('020601','Carhuaz','0206','02'),('020602','Acopampa','0206','02'),('020603','Amashca','0206','02'),('020604','Anta','0206','02'),('020605','Ataquero','0206','02'),('020606','Marcara','0206','02'),('020607','Pariahuanca','0206','02'),('020608','San Miguel de Aco','0206','02'),('020609','Shilla','0206','02'),('020610','Tinco','0206','02'),('020611','Yungar','0206','02'),('020701','San Luis','0207','02'),('020702','San Nicolás','0207','02'),('020703','Yauya','0207','02'),('020801','Casma','0208','02'),('020802','Buena Vista Alta','0208','02'),('020803','Comandante Noel','0208','02'),('020804','Yautan','0208','02'),('020901','Corongo','0209','02'),('020902','Aco','0209','02'),('020903','Bambas','0209','02'),('020904','Cusca','0209','02'),('020905','La Pampa','0209','02'),('020906','Yanac','0209','02'),('020907','Yupan','0209','02'),('021001','Huari','0210','02'),('021002','Anra','0210','02'),('021003','Cajay','0210','02'),('021004','Chavin de Huantar','0210','02'),('021005','Huacachi','0210','02'),('021006','Huacchis','0210','02'),('021007','Huachis','0210','02'),('021008','Huantar','0210','02'),('021009','Masin','0210','02'),('021010','Paucas','0210','02'),('021011','Ponto','0210','02'),('021012','Rahuapampa','0210','02'),('021013','Rapayan','0210','02'),('021014','San Marcos','0210','02'),('021015','San Pedro de Chana','0210','02'),('021016','Uco','0210','02'),('021101','Huarmey','0211','02'),('021102','Cochapeti','0211','02'),('021103','Culebras','0211','02'),('021104','Huayan','0211','02'),('021105','Malvas','0211','02'),('021201','Caraz','0212','02'),('021202','Huallanca','0212','02'),('021203','Huata','0212','02'),('021204','Huaylas','0212','02'),('021205','Mato','0212','02'),('021206','Pamparomas','0212','02'),('021207','Pueblo Libre','0212','02'),('021208','Santa Cruz','0212','02'),('021209','Santo Toribio','0212','02'),('021210','Yuracmarca','0212','02'),('021301','Piscobamba','0213','02'),('021302','Casca','0213','02'),('021303','Eleazar Guzmán Barron','0213','02'),('021304','Fidel Olivas Escudero','0213','02'),('021305','Llama','0213','02'),('021306','Llumpa','0213','02'),('021307','Lucma','0213','02'),('021308','Musga','0213','02'),('021401','Ocros','0214','02'),('021402','Acas','0214','02'),('021403','Cajamarquilla','0214','02'),('021404','Carhuapampa','0214','02'),('021405','Cochas','0214','02'),('021406','Congas','0214','02'),('021407','Llipa','0214','02'),('021408','San Cristóbal de Rajan','0214','02'),('021409','San Pedro','0214','02'),('021410','Santiago de Chilcas','0214','02'),('021501','Cabana','0215','02'),('021502','Bolognesi','0215','02'),('021503','Conchucos','0215','02'),('021504','Huacaschuque','0215','02'),('021505','Huandoval','0215','02'),('021506','Lacabamba','0215','02'),('021507','Llapo','0215','02'),('021508','Pallasca','0215','02'),('021509','Pampas','0215','02'),('021510','Santa Rosa','0215','02'),('021511','Tauca','0215','02'),('021601','Pomabamba','0216','02'),('021602','Huayllan','0216','02'),('021603','Parobamba','0216','02'),('021604','Quinuabamba','0216','02'),('021701','Recuay','0217','02'),('021702','Catac','0217','02'),('021703','Cotaparaco','0217','02'),('021704','Huayllapampa','0217','02'),('021705','Llacllin','0217','02'),('021706','Marca','0217','02'),('021707','Pampas Chico','0217','02'),('021708','Pararin','0217','02'),('021709','Tapacocha','0217','02'),('021710','Ticapampa','0217','02'),('021801','Chimbote','0218','02'),('021802','Cáceres del Perú','0218','02'),('021803','Coishco','0218','02'),('021804','Macate','0218','02'),('021805','Moro','0218','02'),('021806','Nepeña','0218','02'),('021807','Samanco','0218','02'),('021808','Santa','0218','02'),('021809','Nuevo Chimbote','0218','02'),('021901','Sihuas','0219','02'),('021902','Acobamba','0219','02'),('021903','Alfonso Ugarte','0219','02'),('021904','Cashapampa','0219','02'),('021905','Chingalpo','0219','02'),('021906','Huayllabamba','0219','02'),('021907','Quiches','0219','02'),('021908','Ragash','0219','02'),('021909','San Juan','0219','02'),('021910','Sicsibamba','0219','02'),('022001','Yungay','0220','02'),('022002','Cascapara','0220','02'),('022003','Mancos','0220','02'),('022004','Matacoto','0220','02'),('022005','Quillo','0220','02'),('022006','Ranrahirca','0220','02'),('022007','Shupluy','0220','02'),('022008','Yanama','0220','02'),('030101','Abancay','0301','03'),('030102','Chacoche','0301','03'),('030103','Circa','0301','03'),('030104','Curahuasi','0301','03'),('030105','Huanipaca','0301','03'),('030106','Lambrama','0301','03'),('030107','Pichirhua','0301','03'),('030108','San Pedro de Cachora','0301','03'),('030109','Tamburco','0301','03'),('030201','Andahuaylas','0302','03'),('030202','Andarapa','0302','03'),('030203','Chiara','0302','03'),('030204','Huancarama','0302','03'),('030205','Huancaray','0302','03'),('030206','Huayana','0302','03'),('030207','Kishuara','0302','03'),('030208','Pacobamba','0302','03'),('030209','Pacucha','0302','03'),('030210','Pampachiri','0302','03'),('030211','Pomacocha','0302','03'),('030212','San Antonio de Cachi','0302','03'),('030213','San Jerónimo','0302','03'),('030214','San Miguel de Chaccrampa','0302','03'),('030215','Santa María de Chicmo','0302','03'),('030216','Talavera','0302','03'),('030217','Tumay Huaraca','0302','03'),('030218','Turpo','0302','03'),('030219','Kaquiabamba','0302','03'),('030220','José María Arguedas','0302','03'),('030301','Antabamba','0303','03'),('030302','El Oro','0303','03'),('030303','Huaquirca','0303','03'),('030304','Juan Espinoza Medrano','0303','03'),('030305','Oropesa','0303','03'),('030306','Pachaconas','0303','03'),('030307','Sabaino','0303','03'),('030401','Chalhuanca','0304','03'),('030402','Capaya','0304','03'),('030403','Caraybamba','0304','03'),('030404','Chapimarca','0304','03'),('030405','Colcabamba','0304','03'),('030406','Cotaruse','0304','03'),('030407','Ihuayllo','0304','03'),('030408','Justo Apu Sahuaraura','0304','03'),('030409','Lucre','0304','03'),('030410','Pocohuanca','0304','03'),('030411','San Juan de Chacña','0304','03'),('030412','Sañayca','0304','03'),('030413','Soraya','0304','03'),('030414','Tapairihua','0304','03'),('030415','Tintay','0304','03'),('030416','Toraya','0304','03'),('030417','Yanaca','0304','03'),('030501','Tambobamba','0305','03'),('030502','Cotabambas','0305','03'),('030503','Coyllurqui','0305','03'),('030504','Haquira','0305','03'),('030505','Mara','0305','03'),('030506','Challhuahuacho','0305','03'),('030601','Chincheros','0306','03'),('030602','Anco_Huallo','0306','03'),('030603','Cocharcas','0306','03'),('030604','Huaccana','0306','03'),('030605','Ocobamba','0306','03'),('030606','Ongoy','0306','03'),('030607','Uranmarca','0306','03'),('030608','Ranracancha','0306','03'),('030609','Rocchacc','0306','03'),('030610','El Porvenir','0306','03'),('030611','Los Chankas','0306','03'),('030701','Chuquibambilla','0307','03'),('030702','Curpahuasi','0307','03'),('030703','Gamarra','0307','03'),('030704','Huayllati','0307','03'),('030705','Mamara','0307','03'),('030706','Micaela Bastidas','0307','03'),('030707','Pataypampa','0307','03'),('030708','Progreso','0307','03'),('030709','San Antonio','0307','03'),('030710','Santa Rosa','0307','03'),('030711','Turpay','0307','03'),('030712','Vilcabamba','0307','03'),('030713','Virundo','0307','03'),('030714','Curasco','0307','03'),('040101','Arequipa','0401','04'),('040102','Alto Selva Alegre','0401','04'),('040103','Cayma','0401','04'),('040104','Cerro Colorado','0401','04'),('040105','Characato','0401','04'),('040106','Chiguata','0401','04'),('040107','Jacobo Hunter','0401','04'),('040108','La Joya','0401','04'),('040109','Mariano Melgar','0401','04'),('040110','Miraflores','0401','04'),('040111','Mollebaya','0401','04'),('040112','Paucarpata','0401','04'),('040113','Pocsi','0401','04'),('040114','Polobaya','0401','04'),('040115','Quequeña','0401','04'),('040116','Sabandia','0401','04'),('040117','Sachaca','0401','04'),('040118','San Juan de Siguas','0401','04'),('040119','San Juan de Tarucani','0401','04'),('040120','Santa Isabel de Siguas','0401','04'),('040121','Santa Rita de Siguas','0401','04'),('040122','Socabaya','0401','04'),('040123','Tiabaya','0401','04'),('040124','Uchumayo','0401','04'),('040125','Vitor','0401','04'),('040126','Yanahuara','0401','04'),('040127','Yarabamba','0401','04'),('040128','Yura','0401','04'),('040129','José Luis Bustamante Y Rivero','0401','04'),('040201','Camaná','0402','04'),('040202','José María Quimper','0402','04'),('040203','Mariano Nicolás Valcárcel','0402','04'),('040204','Mariscal Cáceres','0402','04'),('040205','Nicolás de Pierola','0402','04'),('040206','Ocoña','0402','04'),('040207','Quilca','0402','04'),('040208','Samuel Pastor','0402','04'),('040301','Caravelí','0403','04'),('040302','Acarí','0403','04'),('040303','Atico','0403','04'),('040304','Atiquipa','0403','04'),('040305','Bella Unión','0403','04'),('040306','Cahuacho','0403','04'),('040307','Chala','0403','04'),('040308','Chaparra','0403','04'),('040309','Huanuhuanu','0403','04'),('040310','Jaqui','0403','04'),('040311','Lomas','0403','04'),('040312','Quicacha','0403','04'),('040313','Yauca','0403','04'),('040401','Aplao','0404','04'),('040402','Andagua','0404','04'),('040403','Ayo','0404','04'),('040404','Chachas','0404','04'),('040405','Chilcaymarca','0404','04'),('040406','Choco','0404','04'),('040407','Huancarqui','0404','04'),('040408','Machaguay','0404','04'),('040409','Orcopampa','0404','04'),('040410','Pampacolca','0404','04'),('040411','Tipan','0404','04'),('040412','Uñon','0404','04'),('040413','Uraca','0404','04'),('040414','Viraco','0404','04'),('040501','Chivay','0405','04'),('040502','Achoma','0405','04'),('040503','Cabanaconde','0405','04'),('040504','Callalli','0405','04'),('040505','Caylloma','0405','04'),('040506','Coporaque','0405','04'),('040507','Huambo','0405','04'),('040508','Huanca','0405','04'),('040509','Ichupampa','0405','04'),('040510','Lari','0405','04'),('040511','Lluta','0405','04'),('040512','Maca','0405','04'),('040513','Madrigal','0405','04'),('040514','San Antonio de Chuca','0405','04'),('040515','Sibayo','0405','04'),('040516','Tapay','0405','04'),('040517','Tisco','0405','04'),('040518','Tuti','0405','04'),('040519','Yanque','0405','04'),('040520','Majes','0405','04'),('040601','Chuquibamba','0406','04'),('040602','Andaray','0406','04'),('040603','Cayarani','0406','04'),('040604','Chichas','0406','04'),('040605','Iray','0406','04'),('040606','Río Grande','0406','04'),('040607','Salamanca','0406','04'),('040608','Yanaquihua','0406','04'),('040701','Mollendo','0407','04'),('040702','Cocachacra','0407','04'),('040703','Dean Valdivia','0407','04'),('040704','Islay','0407','04'),('040705','Mejia','0407','04'),('040706','Punta de Bombón','0407','04'),('040801','Cotahuasi','0408','04'),('040802','Alca','0408','04'),('040803','Charcana','0408','04'),('040804','Huaynacotas','0408','04'),('040805','Pampamarca','0408','04'),('040806','Puyca','0408','04'),('040807','Quechualla','0408','04'),('040808','Sayla','0408','04'),('040809','Tauria','0408','04'),('040810','Tomepampa','0408','04'),('040811','Toro','0408','04'),('050101','Ayacucho','0501','05'),('050102','Acocro','0501','05'),('050103','Acos Vinchos','0501','05'),('050104','Carmen Alto','0501','05'),('050105','Chiara','0501','05'),('050106','Ocros','0501','05'),('050107','Pacaycasa','0501','05'),('050108','Quinua','0501','05'),('050109','San José de Ticllas','0501','05'),('050110','San Juan Bautista','0501','05'),('050111','Santiago de Pischa','0501','05'),('050112','Socos','0501','05'),('050113','Tambillo','0501','05'),('050114','Vinchos','0501','05'),('050115','Jesús Nazareno','0501','05'),('050116','Andrés Avelino Cáceres Dorregaray','0501','05'),('050201','Cangallo','0502','05'),('050202','Chuschi','0502','05'),('050203','Los Morochucos','0502','05'),('050204','María Parado de Bellido','0502','05'),('050205','Paras','0502','05'),('050206','Totos','0502','05'),('050301','Sancos','0503','05'),('050302','Carapo','0503','05'),('050303','Sacsamarca','0503','05'),('050304','Santiago de Lucanamarca','0503','05'),('050401','Huanta','0504','05'),('050402','Ayahuanco','0504','05'),('050403','Huamanguilla','0504','05'),('050404','Iguain','0504','05'),('050405','Luricocha','0504','05'),('050406','Santillana','0504','05'),('050407','Sivia','0504','05'),('050408','Llochegua','0504','05'),('050409','Canayre','0504','05'),('050410','Uchuraccay','0504','05'),('050411','Pucacolpa','0504','05'),('050412','Chaca','0504','05'),('050501','San Miguel','0505','05'),('050502','Anco','0505','05'),('050503','Ayna','0505','05'),('050504','Chilcas','0505','05'),('050505','Chungui','0505','05'),('050506','Luis Carranza','0505','05'),('050507','Santa Rosa','0505','05'),('050508','Tambo','0505','05'),('050509','Samugari','0505','05'),('050510','Anchihuay','0505','05'),('050511','Oronccoy','0505','05'),('050601','Puquio','0506','05'),('050602','Aucara','0506','05'),('050603','Cabana','0506','05'),('050604','Carmen Salcedo','0506','05'),('050605','Chaviña','0506','05'),('050606','Chipao','0506','05'),('050607','Huac-Huas','0506','05'),('050608','Laramate','0506','05'),('050609','Leoncio Prado','0506','05'),('050610','Llauta','0506','05'),('050611','Lucanas','0506','05'),('050612','Ocaña','0506','05'),('050613','Otoca','0506','05'),('050614','Saisa','0506','05'),('050615','San Cristóbal','0506','05'),('050616','San Juan','0506','05'),('050617','San Pedro','0506','05'),('050618','San Pedro de Palco','0506','05'),('050619','Sancos','0506','05'),('050620','Santa Ana de Huaycahuacho','0506','05'),('050621','Santa Lucia','0506','05'),('050701','Coracora','0507','05'),('050702','Chumpi','0507','05'),('050703','Coronel Castañeda','0507','05'),('050704','Pacapausa','0507','05'),('050705','Pullo','0507','05'),('050706','Puyusca','0507','05'),('050707','San Francisco de Ravacayco','0507','05'),('050708','Upahuacho','0507','05'),('050801','Pausa','0508','05'),('050802','Colta','0508','05'),('050803','Corculla','0508','05'),('050804','Lampa','0508','05'),('050805','Marcabamba','0508','05'),('050806','Oyolo','0508','05'),('050807','Pararca','0508','05'),('050808','San Javier de Alpabamba','0508','05'),('050809','San José de Ushua','0508','05'),('050810','Sara Sara','0508','05'),('050901','Querobamba','0509','05'),('050902','Belén','0509','05'),('050903','Chalcos','0509','05'),('050904','Chilcayoc','0509','05'),('050905','Huacaña','0509','05'),('050906','Morcolla','0509','05'),('050907','Paico','0509','05'),('050908','San Pedro de Larcay','0509','05'),('050909','San Salvador de Quije','0509','05'),('050910','Santiago de Paucaray','0509','05'),('050911','Soras','0509','05'),('051001','Huancapi','0510','05'),('051002','Alcamenca','0510','05'),('051003','Apongo','0510','05'),('051004','Asquipata','0510','05'),('051005','Canaria','0510','05'),('051006','Cayara','0510','05'),('051007','Colca','0510','05'),('051008','Huamanquiquia','0510','05'),('051009','Huancaraylla','0510','05'),('051010','Hualla','0510','05'),('051011','Sarhua','0510','05'),('051012','Vilcanchos','0510','05'),('051101','Vilcas Huaman','0511','05'),('051102','Accomarca','0511','05'),('051103','Carhuanca','0511','05'),('051104','Concepción','0511','05'),('051105','Huambalpa','0511','05'),('051106','Independencia','0511','05'),('051107','Saurama','0511','05'),('051108','Vischongo','0511','05'),('060101','Cajamarca','0601','06'),('060102','Asunción','0601','06'),('060103','Chetilla','0601','06'),('060104','Cospan','0601','06'),('060105','Encañada','0601','06'),('060106','Jesús','0601','06'),('060107','Llacanora','0601','06'),('060108','Los Baños del Inca','0601','06'),('060109','Magdalena','0601','06'),('060110','Matara','0601','06'),('060111','Namora','0601','06'),('060112','San Juan','0601','06'),('060201','Cajabamba','0602','06'),('060202','Cachachi','0602','06'),('060203','Condebamba','0602','06'),('060204','Sitacocha','0602','06'),('060301','Celendín','0603','06'),('060302','Chumuch','0603','06'),('060303','Cortegana','0603','06'),('060304','Huasmin','0603','06'),('060305','Jorge Chávez','0603','06'),('060306','José Gálvez','0603','06'),('060307','Miguel Iglesias','0603','06'),('060308','Oxamarca','0603','06'),('060309','Sorochuco','0603','06'),('060310','Sucre','0603','06'),('060311','Utco','0603','06'),('060312','La Libertad de Pallan','0603','06'),('060401','Chota','0604','06'),('060402','Anguia','0604','06'),('060403','Chadin','0604','06'),('060404','Chiguirip','0604','06'),('060405','Chimban','0604','06'),('060406','Choropampa','0604','06'),('060407','Cochabamba','0604','06'),('060408','Conchan','0604','06'),('060409','Huambos','0604','06'),('060410','Lajas','0604','06'),('060411','Llama','0604','06'),('060412','Miracosta','0604','06'),('060413','Paccha','0604','06'),('060414','Pion','0604','06'),('060415','Querocoto','0604','06'),('060416','San Juan de Licupis','0604','06'),('060417','Tacabamba','0604','06'),('060418','Tocmoche','0604','06'),('060419','Chalamarca','0604','06'),('060501','Contumaza','0605','06'),('060502','Chilete','0605','06'),('060503','Cupisnique','0605','06'),('060504','Guzmango','0605','06'),('060505','San Benito','0605','06'),('060506','Santa Cruz de Toledo','0605','06'),('060507','Tantarica','0605','06'),('060508','Yonan','0605','06'),('060601','Cutervo','0606','06'),('060602','Callayuc','0606','06'),('060603','Choros','0606','06'),('060604','Cujillo','0606','06'),('060605','La Ramada','0606','06'),('060606','Pimpingos','0606','06'),('060607','Querocotillo','0606','06'),('060608','San Andrés de Cutervo','0606','06'),('060609','San Juan de Cutervo','0606','06'),('060610','San Luis de Lucma','0606','06'),('060611','Santa Cruz','0606','06'),('060612','Santo Domingo de la Capilla','0606','06'),('060613','Santo Tomas','0606','06'),('060614','Socota','0606','06'),('060615','Toribio Casanova','0606','06'),('060701','Bambamarca','0607','06'),('060702','Chugur','0607','06'),('060703','Hualgayoc','0607','06'),('060801','Jaén','0608','06'),('060802','Bellavista','0608','06'),('060803','Chontali','0608','06'),('060804','Colasay','0608','06'),('060805','Huabal','0608','06'),('060806','Las Pirias','0608','06'),('060807','Pomahuaca','0608','06'),('060808','Pucara','0608','06'),('060809','Sallique','0608','06'),('060810','San Felipe','0608','06'),('060811','San José del Alto','0608','06'),('060812','Santa Rosa','0608','06'),('060901','San Ignacio','0609','06'),('060902','Chirinos','0609','06'),('060903','Huarango','0609','06'),('060904','La Coipa','0609','06'),('060905','Namballe','0609','06'),('060906','San José de Lourdes','0609','06'),('060907','Tabaconas','0609','06'),('061001','Pedro Gálvez','0610','06'),('061002','Chancay','0610','06'),('061003','Eduardo Villanueva','0610','06'),('061004','Gregorio Pita','0610','06'),('061005','Ichocan','0610','06'),('061006','José Manuel Quiroz','0610','06'),('061007','José Sabogal','0610','06'),('061101','San Miguel','0611','06'),('061102','Bolívar','0611','06'),('061103','Calquis','0611','06'),('061104','Catilluc','0611','06'),('061105','El Prado','0611','06'),('061106','La Florida','0611','06'),('061107','Llapa','0611','06'),('061108','Nanchoc','0611','06'),('061109','Niepos','0611','06'),('061110','San Gregorio','0611','06'),('061111','San Silvestre de Cochan','0611','06'),('061112','Tongod','0611','06'),('061113','Unión Agua Blanca','0611','06'),('061201','San Pablo','0612','06'),('061202','San Bernardino','0612','06'),('061203','San Luis','0612','06'),('061204','Tumbaden','0612','06'),('061301','Santa Cruz','0613','06'),('061302','Andabamba','0613','06'),('061303','Catache','0613','06'),('061304','Chancaybaños','0613','06'),('061305','La Esperanza','0613','06'),('061306','Ninabamba','0613','06'),('061307','Pulan','0613','06'),('061308','Saucepampa','0613','06'),('061309','Sexi','0613','06'),('061310','Uticyacu','0613','06'),('061311','Yauyucan','0613','06'),('070101','Callao','0701','07'),('070102','Bellavista','0701','07'),('070103','Carmen de la Legua Reynoso','0701','07'),('070104','La Perla','0701','07'),('070105','La Punta','0701','07'),('070106','Ventanilla','0701','07'),('070107','Mi Perú','0701','07'),('080101','Cusco','0801','08'),('080102','Ccorca','0801','08'),('080103','Poroy','0801','08'),('080104','San Jerónimo','0801','08'),('080105','San Sebastian','0801','08'),('080106','Santiago','0801','08'),('080107','Saylla','0801','08'),('080108','Wanchaq','0801','08'),('080201','Acomayo','0802','08'),('080202','Acopia','0802','08'),('080203','Acos','0802','08'),('080204','Mosoc Llacta','0802','08'),('080205','Pomacanchi','0802','08'),('080206','Rondocan','0802','08'),('080207','Sangarara','0802','08'),('080301','Anta','0803','08'),('080302','Ancahuasi','0803','08'),('080303','Cachimayo','0803','08'),('080304','Chinchaypujio','0803','08'),('080305','Huarocondo','0803','08'),('080306','Limatambo','0803','08'),('080307','Mollepata','0803','08'),('080308','Pucyura','0803','08'),('080309','Zurite','0803','08'),('080401','Calca','0804','08'),('080402','Coya','0804','08'),('080403','Lamay','0804','08'),('080404','Lares','0804','08'),('080405','Pisac','0804','08'),('080406','San Salvador','0804','08'),('080407','Taray','0804','08'),('080408','Yanatile','0804','08'),('080501','Yanaoca','0805','08'),('080502','Checca','0805','08'),('080503','Kunturkanki','0805','08'),('080504','Langui','0805','08'),('080505','Layo','0805','08'),('080506','Pampamarca','0805','08'),('080507','Quehue','0805','08'),('080508','Tupac Amaru','0805','08'),('080601','Sicuani','0806','08'),('080602','Checacupe','0806','08'),('080603','Combapata','0806','08'),('080604','Marangani','0806','08'),('080605','Pitumarca','0806','08'),('080606','San Pablo','0806','08'),('080607','San Pedro','0806','08'),('080608','Tinta','0806','08'),('080701','Santo Tomas','0807','08'),('080702','Capacmarca','0807','08'),('080703','Chamaca','0807','08'),('080704','Colquemarca','0807','08'),('080705','Livitaca','0807','08'),('080706','Llusco','0807','08'),('080707','Quiñota','0807','08'),('080708','Velille','0807','08'),('080801','Espinar','0808','08'),('080802','Condoroma','0808','08'),('080803','Coporaque','0808','08'),('080804','Ocoruro','0808','08'),('080805','Pallpata','0808','08'),('080806','Pichigua','0808','08'),('080807','Suyckutambo','0808','08'),('080808','Alto Pichigua','0808','08'),('080901','Santa Ana','0809','08'),('080902','Echarate','0809','08'),('080903','Huayopata','0809','08'),('080904','Maranura','0809','08'),('080905','Ocobamba','0809','08'),('080906','Quellouno','0809','08'),('080907','Kimbiri','0809','08'),('080908','Santa Teresa','0809','08'),('080909','Vilcabamba','0809','08'),('080910','Pichari','0809','08'),('080911','Inkawasi','0809','08'),('080912','Villa Virgen','0809','08'),('080913','Villa Kintiarina','0809','08'),('080914','Megantoni','0809','08'),('081001','Paruro','0810','08'),('081002','Accha','0810','08'),('081003','Ccapi','0810','08'),('081004','Colcha','0810','08'),('081005','Huanoquite','0810','08'),('081006','Omachaç','0810','08'),('081007','Paccaritambo','0810','08'),('081008','Pillpinto','0810','08'),('081009','Yaurisque','0810','08'),('081101','Paucartambo','0811','08'),('081102','Caicay','0811','08'),('081103','Challabamba','0811','08'),('081104','Colquepata','0811','08'),('081105','Huancarani','0811','08'),('081106','Kosñipata','0811','08'),('081201','Urcos','0812','08'),('081202','Andahuaylillas','0812','08'),('081203','Camanti','0812','08'),('081204','Ccarhuayo','0812','08'),('081205','Ccatca','0812','08'),('081206','Cusipata','0812','08'),('081207','Huaro','0812','08'),('081208','Lucre','0812','08'),('081209','Marcapata','0812','08'),('081210','Ocongate','0812','08'),('081211','Oropesa','0812','08'),('081212','Quiquijana','0812','08'),('081301','Urubamba','0813','08'),('081302','Chinchero','0813','08'),('081303','Huayllabamba','0813','08'),('081304','Machupicchu','0813','08'),('081305','Maras','0813','08'),('081306','Ollantaytambo','0813','08'),('081307','Yucay','0813','08'),('090101','Huancavelica','0901','09'),('090102','Acobambilla','0901','09'),('090103','Acoria','0901','09'),('090104','Conayca','0901','09'),('090105','Cuenca','0901','09'),('090106','Huachocolpa','0901','09'),('090107','Huayllahuara','0901','09'),('090108','Izcuchaca','0901','09'),('090109','Laria','0901','09'),('090110','Manta','0901','09'),('090111','Mariscal Cáceres','0901','09'),('090112','Moya','0901','09'),('090113','Nuevo Occoro','0901','09'),('090114','Palca','0901','09'),('090115','Pilchaca','0901','09'),('090116','Vilca','0901','09'),('090117','Yauli','0901','09'),('090118','Ascensión','0901','09'),('090119','Huando','0901','09'),('090201','Acobamba','0902','09'),('090202','Andabamba','0902','09'),('090203','Anta','0902','09'),('090204','Caja','0902','09'),('090205','Marcas','0902','09'),('090206','Paucara','0902','09'),('090207','Pomacocha','0902','09'),('090208','Rosario','0902','09'),('090301','Lircay','0903','09'),('090302','Anchonga','0903','09'),('090303','Callanmarca','0903','09'),('090304','Ccochaccasa','0903','09'),('090305','Chincho','0903','09'),('090306','Congalla','0903','09'),('090307','Huanca-Huanca','0903','09'),('090308','Huayllay Grande','0903','09'),('090309','Julcamarca','0903','09'),('090310','San Antonio de Antaparco','0903','09'),('090311','Santo Tomas de Pata','0903','09'),('090312','Secclla','0903','09'),('090401','Castrovirreyna','0904','09'),('090402','Arma','0904','09'),('090403','Aurahua','0904','09'),('090404','Capillas','0904','09'),('090405','Chupamarca','0904','09'),('090406','Cocas','0904','09'),('090407','Huachos','0904','09'),('090408','Huamatambo','0904','09'),('090409','Mollepampa','0904','09'),('090410','San Juan','0904','09'),('090411','Santa Ana','0904','09'),('090412','Tantara','0904','09'),('090413','Ticrapo','0904','09'),('090501','Churcampa','0905','09'),('090502','Anco','0905','09'),('090503','Chinchihuasi','0905','09'),('090504','El Carmen','0905','09'),('090505','La Merced','0905','09'),('090506','Locroja','0905','09'),('090507','Paucarbamba','0905','09'),('090508','San Miguel de Mayocc','0905','09'),('090509','San Pedro de Coris','0905','09'),('090510','Pachamarca','0905','09'),('090511','Cosme','0905','09'),('090601','Huaytara','0906','09'),('090602','Ayavi','0906','09'),('090603','Córdova','0906','09'),('090604','Huayacundo Arma','0906','09'),('090605','Laramarca','0906','09'),('090606','Ocoyo','0906','09'),('090607','Pilpichaca','0906','09'),('090608','Querco','0906','09'),('090609','Quito-Arma','0906','09'),('090610','San Antonio de Cusicancha','0906','09'),('090611','San Francisco de Sangayaico','0906','09'),('090612','San Isidro','0906','09'),('090613','Santiago de Chocorvos','0906','09'),('090614','Santiago de Quirahuara','0906','09'),('090615','Santo Domingo de Capillas','0906','09'),('090616','Tambo','0906','09'),('090701','Pampas','0907','09'),('090702','Acostambo','0907','09'),('090703','Acraquia','0907','09'),('090704','Ahuaycha','0907','09'),('090705','Colcabamba','0907','09'),('090706','Daniel Hernández','0907','09'),('090707','Huachocolpa','0907','09'),('090709','Huaribamba','0907','09'),('090710','Ñahuimpuquio','0907','09'),('090711','Pazos','0907','09'),('090713','Quishuar','0907','09'),('090714','Salcabamba','0907','09'),('090715','Salcahuasi','0907','09'),('090716','San Marcos de Rocchac','0907','09'),('090717','Surcubamba','0907','09'),('090718','Tintay Puncu','0907','09'),('090719','Quichuas','0907','09'),('090720','Andaymarca','0907','09'),('090721','Roble','0907','09'),('090722','Pichos','0907','09'),('090723','Santiago de Tucuma','0907','09'),('100101','Huanuco','1001','10'),('100102','Amarilis','1001','10'),('100103','Chinchao','1001','10'),('100104','Churubamba','1001','10'),('100105','Margos','1001','10'),('100106','Quisqui (Kichki)','1001','10'),('100107','San Francisco de Cayran','1001','10'),('100108','San Pedro de Chaulan','1001','10'),('100109','Santa María del Valle','1001','10'),('100110','Yarumayo','1001','10'),('100111','Pillco Marca','1001','10'),('100112','Yacus','1001','10'),('100113','San Pablo de Pillao','1001','10'),('100201','Ambo','1002','10'),('100202','Cayna','1002','10'),('100203','Colpas','1002','10'),('100204','Conchamarca','1002','10'),('100205','Huacar','1002','10'),('100206','San Francisco','1002','10'),('100207','San Rafael','1002','10'),('100208','Tomay Kichwa','1002','10'),('100301','La Unión','1003','10'),('100307','Chuquis','1003','10'),('100311','Marías','1003','10'),('100313','Pachas','1003','10'),('100316','Quivilla','1003','10'),('100317','Ripan','1003','10'),('100321','Shunqui','1003','10'),('100322','Sillapata','1003','10'),('100323','Yanas','1003','10'),('100401','Huacaybamba','1004','10'),('100402','Canchabamba','1004','10'),('100403','Cochabamba','1004','10'),('100404','Pinra','1004','10'),('100501','Llata','1005','10'),('100502','Arancay','1005','10'),('100503','Chavín de Pariarca','1005','10'),('100504','Jacas Grande','1005','10'),('100505','Jircan','1005','10'),('100506','Miraflores','1005','10'),('100507','Monzón','1005','10'),('100508','Punchao','1005','10'),('100509','Puños','1005','10'),('100510','Singa','1005','10'),('100511','Tantamayo','1005','10'),('100601','Rupa-Rupa','1006','10'),('100602','Daniel Alomía Robles','1006','10'),('100603','Hermílio Valdizan','1006','10'),('100604','José Crespo y Castillo','1006','10'),('100605','Luyando','1006','10'),('100606','Mariano Damaso Beraun','1006','10'),('100607','Pucayacu','1006','10'),('100608','Castillo Grande','1006','10'),('100609','Pueblo Nuevo','1006','10'),('100610','Santo Domingo de Anda','1006','10'),('100701','Huacrachuco','1007','10'),('100702','Cholon','1007','10'),('100703','San Buenaventura','1007','10'),('100704','La Morada','1007','10'),('100705','Santa Rosa de Alto Yanajanca','1007','10'),('100801','Panao','1008','10'),('100802','Chaglla','1008','10'),('100803','Molino','1008','10'),('100804','Umari','1008','10'),('100901','Puerto Inca','1009','10'),('100902','Codo del Pozuzo','1009','10'),('100903','Honoria','1009','10'),('100904','Tournavista','1009','10'),('100905','Yuyapichis','1009','10'),('101001','Jesús','1010','10'),('101002','Baños','1010','10'),('101003','Jivia','1010','10'),('101004','Queropalca','1010','10'),('101005','Rondos','1010','10'),('101006','San Francisco de Asís','1010','10'),('101007','San Miguel de Cauri','1010','10'),('101101','Chavinillo','1011','10'),('101102','Cahuac','1011','10'),('101103','Chacabamba','1011','10'),('101104','Aparicio Pomares','1011','10'),('101105','Jacas Chico','1011','10'),('101106','Obas','1011','10'),('101107','Pampamarca','1011','10'),('101108','Choras','1011','10'),('110101','Ica','1101','11'),('110102','La Tinguiña','1101','11'),('110103','Los Aquijes','1101','11'),('110104','Ocucaje','1101','11'),('110105','Pachacutec','1101','11'),('110106','Parcona','1101','11'),('110107','Pueblo Nuevo','1101','11'),('110108','Salas','1101','11'),('110109','San José de Los Molinos','1101','11'),('110110','San Juan Bautista','1101','11'),('110111','Santiago','1101','11'),('110112','Subtanjalla','1101','11'),('110113','Tate','1101','11'),('110114','Yauca del Rosario','1101','11'),('110201','Chincha Alta','1102','11'),('110202','Alto Laran','1102','11'),('110203','Chavin','1102','11'),('110204','Chincha Baja','1102','11'),('110205','El Carmen','1102','11'),('110206','Grocio Prado','1102','11'),('110207','Pueblo Nuevo','1102','11'),('110208','San Juan de Yanac','1102','11'),('110209','San Pedro de Huacarpana','1102','11'),('110210','Sunampe','1102','11'),('110211','Tambo de Mora','1102','11'),('110301','Nasca','1103','11'),('110302','Changuillo','1103','11'),('110303','El Ingenio','1103','11'),('110304','Marcona','1103','11'),('110305','Vista Alegre','1103','11'),('110401','Palpa','1104','11'),('110402','Llipata','1104','11'),('110403','Río Grande','1104','11'),('110404','Santa Cruz','1104','11'),('110405','Tibillo','1104','11'),('110501','Pisco','1105','11'),('110502','Huancano','1105','11'),('110503','Humay','1105','11'),('110504','Independencia','1105','11'),('110505','Paracas','1105','11'),('110506','San Andrés','1105','11'),('110507','San Clemente','1105','11'),('110508','Tupac Amaru Inca','1105','11'),('120101','Huancayo','1201','12'),('120104','Carhuacallanga','1201','12'),('120105','Chacapampa','1201','12'),('120106','Chicche','1201','12'),('120107','Chilca','1201','12'),('120108','Chongos Alto','1201','12'),('120111','Chupuro','1201','12'),('120112','Colca','1201','12'),('120113','Cullhuas','1201','12'),('120114','El Tambo','1201','12'),('120116','Huacrapuquio','1201','12'),('120117','Hualhuas','1201','12'),('120119','Huancan','1201','12'),('120120','Huasicancha','1201','12'),('120121','Huayucachi','1201','12'),('120122','Ingenio','1201','12'),('120124','Pariahuanca','1201','12'),('120125','Pilcomayo','1201','12'),('120126','Pucara','1201','12'),('120127','Quichuay','1201','12'),('120128','Quilcas','1201','12'),('120129','San Agustín','1201','12'),('120130','San Jerónimo de Tunan','1201','12'),('120132','Saño','1201','12'),('120133','Sapallanga','1201','12'),('120134','Sicaya','1201','12'),('120135','Santo Domingo de Acobamba','1201','12'),('120136','Viques','1201','12'),('120201','Concepción','1202','12'),('120202','Aco','1202','12'),('120203','Andamarca','1202','12'),('120204','Chambara','1202','12'),('120205','Cochas','1202','12'),('120206','Comas','1202','12'),('120207','Heroínas Toledo','1202','12'),('120208','Manzanares','1202','12'),('120209','Mariscal Castilla','1202','12'),('120210','Matahuasi','1202','12'),('120211','Mito','1202','12'),('120212','Nueve de Julio','1202','12'),('120213','Orcotuna','1202','12'),('120214','San José de Quero','1202','12'),('120215','Santa Rosa de Ocopa','1202','12'),('120301','Chanchamayo','1203','12'),('120302','Perene','1203','12'),('120303','Pichanaqui','1203','12'),('120304','San Luis de Shuaro','1203','12'),('120305','San Ramón','1203','12'),('120306','Vitoc','1203','12'),('120401','Jauja','1204','12'),('120402','Acolla','1204','12'),('120403','Apata','1204','12'),('120404','Ataura','1204','12'),('120405','Canchayllo','1204','12'),('120406','Curicaca','1204','12'),('120407','El Mantaro','1204','12'),('120408','Huamali','1204','12'),('120409','Huaripampa','1204','12'),('120410','Huertas','1204','12'),('120411','Janjaillo','1204','12'),('120412','Julcán','1204','12'),('120413','Leonor Ordóñez','1204','12'),('120414','Llocllapampa','1204','12'),('120415','Marco','1204','12'),('120416','Masma','1204','12'),('120417','Masma Chicche','1204','12'),('120418','Molinos','1204','12'),('120419','Monobamba','1204','12'),('120420','Muqui','1204','12'),('120421','Muquiyauyo','1204','12'),('120422','Paca','1204','12'),('120423','Paccha','1204','12'),('120424','Pancan','1204','12'),('120425','Parco','1204','12'),('120426','Pomacancha','1204','12'),('120427','Ricran','1204','12'),('120428','San Lorenzo','1204','12'),('120429','San Pedro de Chunan','1204','12'),('120430','Sausa','1204','12'),('120431','Sincos','1204','12'),('120432','Tunan Marca','1204','12'),('120433','Yauli','1204','12'),('120434','Yauyos','1204','12'),('120501','Junin','1205','12'),('120502','Carhuamayo','1205','12'),('120503','Ondores','1205','12'),('120504','Ulcumayo','1205','12'),('120601','Satipo','1206','12'),('120602','Coviriali','1206','12'),('120603','Llaylla','1206','12'),('120604','Mazamari','1206','12'),('120605','Pampa Hermosa','1206','12'),('120606','Pangoa','1206','12'),('120607','Río Negro','1206','12'),('120608','Río Tambo','1206','12'),('120609','Vizcatan del Ene','1206','12'),('120701','Tarma','1207','12'),('120702','Acobamba','1207','12'),('120703','Huaricolca','1207','12'),('120704','Huasahuasi','1207','12'),('120705','La Unión','1207','12'),('120706','Palca','1207','12'),('120707','Palcamayo','1207','12'),('120708','San Pedro de Cajas','1207','12'),('120709','Tapo','1207','12'),('120801','La Oroya','1208','12'),('120802','Chacapalpa','1208','12'),('120803','Huay-Huay','1208','12'),('120804','Marcapomacocha','1208','12'),('120805','Morococha','1208','12'),('120806','Paccha','1208','12'),('120807','Santa Bárbara de Carhuacayan','1208','12'),('120808','Santa Rosa de Sacco','1208','12'),('120809','Suitucancha','1208','12'),('120810','Yauli','1208','12'),('120901','Chupaca','1209','12'),('120902','Ahuac','1209','12'),('120903','Chongos Bajo','1209','12'),('120904','Huachac','1209','12'),('120905','Huamancaca Chico','1209','12'),('120906','San Juan de Iscos','1209','12'),('120907','San Juan de Jarpa','1209','12'),('120908','Tres de Diciembre','1209','12'),('120909','Yanacancha','1209','12'),('130101','Trujillo','1301','13'),('130102','El Porvenir','1301','13'),('130103','Florencia de Mora','1301','13'),('130104','Huanchaco','1301','13'),('130105','La Esperanza','1301','13'),('130106','Laredo','1301','13'),('130107','Moche','1301','13'),('130108','Poroto','1301','13'),('130109','Salaverry','1301','13'),('130110','Simbal','1301','13'),('130111','Victor Larco Herrera','1301','13'),('130201','Ascope','1302','13'),('130202','Chicama','1302','13'),('130203','Chocope','1302','13'),('130204','Magdalena de Cao','1302','13'),('130205','Paijan','1302','13'),('130206','Rázuri','1302','13'),('130207','Santiago de Cao','1302','13'),('130208','Casa Grande','1302','13'),('130301','Bolívar','1303','13'),('130302','Bambamarca','1303','13'),('130303','Condormarca','1303','13'),('130304','Longotea','1303','13'),('130305','Uchumarca','1303','13'),('130306','Ucuncha','1303','13'),('130401','Chepen','1304','13'),('130402','Pacanga','1304','13'),('130403','Pueblo Nuevo','1304','13'),('130501','Julcan','1305','13'),('130502','Calamarca','1305','13'),('130503','Carabamba','1305','13'),('130504','Huaso','1305','13'),('130601','Otuzco','1306','13'),('130602','Agallpampa','1306','13'),('130604','Charat','1306','13'),('130605','Huaranchal','1306','13'),('130606','La Cuesta','1306','13'),('130608','Mache','1306','13'),('130610','Paranday','1306','13'),('130611','Salpo','1306','13'),('130613','Sinsicap','1306','13'),('130614','Usquil','1306','13'),('130701','San Pedro de Lloc','1307','13'),('130702','Guadalupe','1307','13'),('130703','Jequetepeque','1307','13'),('130704','Pacasmayo','1307','13'),('130705','San José','1307','13'),('130801','Tayabamba','1308','13'),('130802','Buldibuyo','1308','13'),('130803','Chillia','1308','13'),('130804','Huancaspata','1308','13'),('130805','Huaylillas','1308','13'),('130806','Huayo','1308','13'),('130807','Ongon','1308','13'),('130808','Parcoy','1308','13'),('130809','Pataz','1308','13'),('130810','Pias','1308','13'),('130811','Santiago de Challas','1308','13'),('130812','Taurija','1308','13'),('130813','Urpay','1308','13'),('130901','Huamachuco','1309','13'),('130902','Chugay','1309','13'),('130903','Cochorco','1309','13'),('130904','Curgos','1309','13'),('130905','Marcabal','1309','13'),('130906','Sanagoran','1309','13'),('130907','Sarin','1309','13'),('130908','Sartimbamba','1309','13'),('131001','Santiago de Chuco','1310','13'),('131002','Angasmarca','1310','13'),('131003','Cachicadan','1310','13'),('131004','Mollebamba','1310','13'),('131005','Mollepata','1310','13'),('131006','Quiruvilca','1310','13'),('131007','Santa Cruz de Chuca','1310','13'),('131008','Sitabamba','1310','13'),('131101','Cascas','1311','13'),('131102','Lucma','1311','13'),('131103','Marmot','1311','13'),('131104','Sayapullo','1311','13'),('131201','Viru','1312','13'),('131202','Chao','1312','13'),('131203','Guadalupito','1312','13'),('140101','Chiclayo','1401','14'),('140102','Chongoyape','1401','14'),('140103','Eten','1401','14'),('140104','Eten Puerto','1401','14'),('140105','José Leonardo Ortiz','1401','14'),('140106','La Victoria','1401','14'),('140107','Lagunas','1401','14'),('140108','Monsefu','1401','14'),('140109','Nueva Arica','1401','14'),('140110','Oyotun','1401','14'),('140111','Picsi','1401','14'),('140112','Pimentel','1401','14'),('140113','Reque','1401','14'),('140114','Santa Rosa','1401','14'),('140115','Saña','1401','14'),('140116','Cayalti','1401','14'),('140117','Patapo','1401','14'),('140118','Pomalca','1401','14'),('140119','Pucala','1401','14'),('140120','Tuman','1401','14'),('140201','Ferreñafe','1402','14'),('140202','Cañaris','1402','14'),('140203','Incahuasi','1402','14'),('140204','Manuel Antonio Mesones Muro','1402','14'),('140205','Pitipo','1402','14'),('140206','Pueblo Nuevo','1402','14'),('140301','Lambayeque','1403','14'),('140302','Chochope','1403','14'),('140303','Illimo','1403','14'),('140304','Jayanca','1403','14'),('140305','Mochumi','1403','14'),('140306','Morrope','1403','14'),('140307','Motupe','1403','14'),('140308','Olmos','1403','14'),('140309','Pacora','1403','14'),('140310','Salas','1403','14'),('140311','San José','1403','14'),('140312','Tucume','1403','14'),('150101','Lima','1501','15'),('150102','Ancón','1501','15'),('150103','Ate','1501','15'),('150104','Barranco','1501','15'),('150105','Breña','1501','15'),('150106','Carabayllo','1501','15'),('150107','Chaclacayo','1501','15'),('150108','Chorrillos','1501','15'),('150109','Cieneguilla','1501','15'),('150110','Comas','1501','15'),('150111','El Agustino','1501','15'),('150112','Independencia','1501','15'),('150113','Jesús María','1501','15'),('150114','La Molina','1501','15'),('150115','La Victoria','1501','15'),('150116','Lince','1501','15'),('150117','Los Olivos','1501','15'),('150118','Lurigancho','1501','15'),('150119','Lurin','1501','15'),('150120','Magdalena del Mar','1501','15'),('150121','Pueblo Libre','1501','15'),('150122','Miraflores','1501','15'),('150123','Pachacamac','1501','15'),('150124','Pucusana','1501','15'),('150125','Puente Piedra','1501','15'),('150126','Punta Hermosa','1501','15'),('150127','Punta Negra','1501','15'),('150128','Rímac','1501','15'),('150129','San Bartolo','1501','15'),('150130','San Borja','1501','15'),('150131','San Isidro','1501','15'),('150132','San Juan de Lurigancho','1501','15'),('150133','San Juan de Miraflores','1501','15'),('150134','San Luis','1501','15'),('150135','San Martín de Porres','1501','15'),('150136','San Miguel','1501','15'),('150137','Santa Anita','1501','15'),('150138','Santa María del Mar','1501','15'),('150139','Santa Rosa','1501','15'),('150140','Santiago de Surco','1501','15'),('150141','Surquillo','1501','15'),('150142','Villa El Salvador','1501','15'),('150143','Villa María del Triunfo','1501','15'),('150201','Barranca','1502','15'),('150202','Paramonga','1502','15'),('150203','Pativilca','1502','15'),('150204','Supe','1502','15'),('150205','Supe Puerto','1502','15'),('150301','Cajatambo','1503','15'),('150302','Copa','1503','15'),('150303','Gorgor','1503','15'),('150304','Huancapon','1503','15'),('150305','Manas','1503','15'),('150401','Canta','1504','15'),('150402','Arahuay','1504','15'),('150403','Huamantanga','1504','15'),('150404','Huaros','1504','15'),('150405','Lachaqui','1504','15'),('150406','San Buenaventura','1504','15'),('150407','Santa Rosa de Quives','1504','15'),('150501','San Vicente de Cañete','1505','15'),('150502','Asia','1505','15'),('150503','Calango','1505','15'),('150504','Cerro Azul','1505','15'),('150505','Chilca','1505','15'),('150506','Coayllo','1505','15'),('150507','Imperial','1505','15'),('150508','Lunahuana','1505','15'),('150509','Mala','1505','15'),('150510','Nuevo Imperial','1505','15'),('150511','Pacaran','1505','15'),('150512','Quilmana','1505','15'),('150513','San Antonio','1505','15'),('150514','San Luis','1505','15'),('150515','Santa Cruz de Flores','1505','15'),('150516','Zúñiga','1505','15'),('150601','Huaral','1506','15'),('150602','Atavillos Alto','1506','15'),('150603','Atavillos Bajo','1506','15'),('150604','Aucallama','1506','15'),('150605','Chancay','1506','15'),('150606','Ihuari','1506','15'),('150607','Lampian','1506','15'),('150608','Pacaraos','1506','15'),('150609','San Miguel de Acos','1506','15'),('150610','Santa Cruz de Andamarca','1506','15'),('150611','Sumbilca','1506','15'),('150612','Veintisiete de Noviembre','1506','15'),('150701','Matucana','1507','15'),('150702','Antioquia','1507','15'),('150703','Callahuanca','1507','15'),('150704','Carampoma','1507','15'),('150705','Chicla','1507','15'),('150706','Cuenca','1507','15'),('150707','Huachupampa','1507','15'),('150708','Huanza','1507','15'),('150709','Huarochiri','1507','15'),('150710','Lahuaytambo','1507','15'),('150711','Langa','1507','15'),('150712','Laraos','1507','15'),('150713','Mariatana','1507','15'),('150714','Ricardo Palma','1507','15'),('150715','San Andrés de Tupicocha','1507','15'),('150716','San Antonio','1507','15'),('150717','San Bartolomé','1507','15'),('150718','San Damian','1507','15'),('150719','San Juan de Iris','1507','15'),('150720','San Juan de Tantaranche','1507','15'),('150721','San Lorenzo de Quinti','1507','15'),('150722','San Mateo','1507','15'),('150723','San Mateo de Otao','1507','15'),('150724','San Pedro de Casta','1507','15'),('150725','San Pedro de Huancayre','1507','15'),('150726','Sangallaya','1507','15'),('150727','Santa Cruz de Cocachacra','1507','15'),('150728','Santa Eulalia','1507','15'),('150729','Santiago de Anchucaya','1507','15'),('150730','Santiago de Tuna','1507','15'),('150731','Santo Domingo de Los Olleros','1507','15'),('150732','Surco','1507','15'),('150801','Huacho','1508','15'),('150802','Ambar','1508','15'),('150803','Caleta de Carquin','1508','15'),('150804','Checras','1508','15'),('150805','Hualmay','1508','15'),('150806','Huaura','1508','15'),('150807','Leoncio Prado','1508','15'),('150808','Paccho','1508','15'),('150809','Santa Leonor','1508','15'),('150810','Santa María','1508','15'),('150811','Sayan','1508','15'),('150812','Vegueta','1508','15'),('150901','Oyon','1509','15'),('150902','Andajes','1509','15'),('150903','Caujul','1509','15'),('150904','Cochamarca','1509','15'),('150905','Navan','1509','15'),('150906','Pachangara','1509','15'),('151001','Yauyos','1510','15'),('151002','Alis','1510','15'),('151003','Allauca','1510','15'),('151004','Ayaviri','1510','15'),('151005','Azángaro','1510','15'),('151006','Cacra','1510','15'),('151007','Carania','1510','15'),('151008','Catahuasi','1510','15'),('151009','Chocos','1510','15'),('151010','Cochas','1510','15'),('151011','Colonia','1510','15'),('151012','Hongos','1510','15'),('151013','Huampara','1510','15'),('151014','Huancaya','1510','15'),('151015','Huangascar','1510','15'),('151016','Huantan','1510','15'),('151017','Huañec','1510','15'),('151018','Laraos','1510','15'),('151019','Lincha','1510','15'),('151020','Madean','1510','15'),('151021','Miraflores','1510','15'),('151022','Omas','1510','15'),('151023','Putinza','1510','15'),('151024','Quinches','1510','15'),('151025','Quinocay','1510','15'),('151026','San Joaquín','1510','15'),('151027','San Pedro de Pilas','1510','15'),('151028','Tanta','1510','15'),('151029','Tauripampa','1510','15'),('151030','Tomas','1510','15'),('151031','Tupe','1510','15'),('151032','Viñac','1510','15'),('151033','Vitis','1510','15'),('160101','Iquitos','1601','16'),('160102','Alto Nanay','1601','16'),('160103','Fernando Lores','1601','16'),('160104','Indiana','1601','16'),('160105','Las Amazonas','1601','16'),('160106','Mazan','1601','16'),('160107','Napo','1601','16'),('160108','Punchana','1601','16'),('160110','Torres Causana','1601','16'),('160112','Belén','1601','16'),('160113','San Juan Bautista','1601','16'),('160201','Yurimaguas','1602','16'),('160202','Balsapuerto','1602','16'),('160205','Jeberos','1602','16'),('160206','Lagunas','1602','16'),('160210','Santa Cruz','1602','16'),('160211','Teniente Cesar López Rojas','1602','16'),('160301','Nauta','1603','16'),('160302','Parinari','1603','16'),('160303','Tigre','1603','16'),('160304','Trompeteros','1603','16'),('160305','Urarinas','1603','16'),('160401','Ramón Castilla','1604','16'),('160402','Pebas','1604','16'),('160403','Yavari','1604','16'),('160404','San Pablo','1604','16'),('160501','Requena','1605','16'),('160502','Alto Tapiche','1605','16'),('160503','Capelo','1605','16'),('160504','Emilio San Martín','1605','16'),('160505','Maquia','1605','16'),('160506','Puinahua','1605','16'),('160507','Saquena','1605','16'),('160508','Soplin','1605','16'),('160509','Tapiche','1605','16'),('160510','Jenaro Herrera','1605','16'),('160511','Yaquerana','1605','16'),('160601','Contamana','1606','16'),('160602','Inahuaya','1606','16'),('160603','Padre Márquez','1606','16'),('160604','Pampa Hermosa','1606','16'),('160605','Sarayacu','1606','16'),('160606','Vargas Guerra','1606','16'),('160701','Barranca','1607','16'),('160702','Cahuapanas','1607','16'),('160703','Manseriche','1607','16'),('160704','Morona','1607','16'),('160705','Pastaza','1607','16'),('160706','Andoas','1607','16'),('160801','Putumayo','1608','16'),('160802','Rosa Panduro','1608','16'),('160803','Teniente Manuel Clavero','1608','16'),('160804','Yaguas','1608','16'),('170101','Tambopata','1701','17'),('170102','Inambari','1701','17'),('170103','Las Piedras','1701','17'),('170104','Laberinto','1701','17'),('170201','Manu','1702','17'),('170202','Fitzcarrald','1702','17'),('170203','Madre de Dios','1702','17'),('170204','Huepetuhe','1702','17'),('170301','Iñapari','1703','17'),('170302','Iberia','1703','17'),('170303','Tahuamanu','1703','17'),('180101','Moquegua','1801','18'),('180102','Carumas','1801','18'),('180103','Cuchumbaya','1801','18'),('180104','Samegua','1801','18'),('180105','San Cristóbal','1801','18'),('180106','Torata','1801','18'),('180201','Omate','1802','18'),('180202','Chojata','1802','18'),('180203','Coalaque','1802','18'),('180204','Ichuña','1802','18'),('180205','La Capilla','1802','18'),('180206','Lloque','1802','18'),('180207','Matalaque','1802','18'),('180208','Puquina','1802','18'),('180209','Quinistaquillas','1802','18'),('180210','Ubinas','1802','18'),('180211','Yunga','1802','18'),('180301','Ilo','1803','18'),('180302','El Algarrobal','1803','18'),('180303','Pacocha','1803','18'),('190101','Chaupimarca','1901','19'),('190102','Huachon','1901','19'),('190103','Huariaca','1901','19'),('190104','Huayllay','1901','19'),('190105','Ninacaca','1901','19'),('190106','Pallanchacra','1901','19'),('190107','Paucartambo','1901','19'),('190108','San Francisco de Asís de Yarusyacan','1901','19'),('190109','Simon Bolívar','1901','19'),('190110','Ticlacayan','1901','19'),('190111','Tinyahuarco','1901','19'),('190112','Vicco','1901','19'),('190113','Yanacancha','1901','19'),('190201','Yanahuanca','1902','19'),('190202','Chacayan','1902','19'),('190203','Goyllarisquizga','1902','19'),('190204','Paucar','1902','19'),('190205','San Pedro de Pillao','1902','19'),('190206','Santa Ana de Tusi','1902','19'),('190207','Tapuc','1902','19'),('190208','Vilcabamba','1902','19'),('190301','Oxapampa','1903','19'),('190302','Chontabamba','1903','19'),('190303','Huancabamba','1903','19'),('190304','Palcazu','1903','19'),('190305','Pozuzo','1903','19'),('190306','Puerto Bermúdez','1903','19'),('190307','Villa Rica','1903','19'),('190308','Constitución','1903','19'),('200101','Piura','2001','20'),('200104','Castilla','2001','20'),('200105','Catacaos','2001','20'),('200107','Cura Mori','2001','20'),('200108','El Tallan','2001','20'),('200109','La Arena','2001','20'),('200110','La Unión','2001','20'),('200111','Las Lomas','2001','20'),('200114','Tambo Grande','2001','20'),('200115','Veintiseis de Octubre','2001','20'),('200201','Ayabaca','2002','20'),('200202','Frias','2002','20'),('200203','Jilili','2002','20'),('200204','Lagunas','2002','20'),('200205','Montero','2002','20'),('200206','Pacaipampa','2002','20'),('200207','Paimas','2002','20'),('200208','Sapillica','2002','20'),('200209','Sicchez','2002','20'),('200210','Suyo','2002','20'),('200301','Huancabamba','2003','20'),('200302','Canchaque','2003','20'),('200303','El Carmen de la Frontera','2003','20'),('200304','Huarmaca','2003','20'),('200305','Lalaquiz','2003','20'),('200306','San Miguel de El Faique','2003','20'),('200307','Sondor','2003','20'),('200308','Sondorillo','2003','20'),('200401','Chulucanas','2004','20'),('200402','Buenos Aires','2004','20'),('200403','Chalaco','2004','20'),('200404','La Matanza','2004','20'),('200405','Morropon','2004','20'),('200406','Salitral','2004','20'),('200407','San Juan de Bigote','2004','20'),('200408','Santa Catalina de Mossa','2004','20'),('200409','Santo Domingo','2004','20'),('200410','Yamango','2004','20'),('200501','Paita','2005','20'),('200502','Amotape','2005','20'),('200503','Arenal','2005','20'),('200504','Colan','2005','20'),('200505','La Huaca','2005','20'),('200506','Tamarindo','2005','20'),('200507','Vichayal','2005','20'),('200601','Sullana','2006','20'),('200602','Bellavista','2006','20'),('200603','Ignacio Escudero','2006','20'),('200604','Lancones','2006','20'),('200605','Marcavelica','2006','20'),('200606','Miguel Checa','2006','20'),('200607','Querecotillo','2006','20'),('200608','Salitral','2006','20'),('200701','Pariñas','2007','20'),('200702','El Alto','2007','20'),('200703','La Brea','2007','20'),('200704','Lobitos','2007','20'),('200705','Los Organos','2007','20'),('200706','Mancora','2007','20'),('200801','Sechura','2008','20'),('200802','Bellavista de la Unión','2008','20'),('200803','Bernal','2008','20'),('200804','Cristo Nos Valga','2008','20'),('200805','Vice','2008','20'),('200806','Rinconada Llicuar','2008','20'),('210101','Puno','2101','21'),('210102','Acora','2101','21'),('210103','Amantani','2101','21'),('210104','Atuncolla','2101','21'),('210105','Capachica','2101','21'),('210106','Chucuito','2101','21'),('210107','Coata','2101','21'),('210108','Huata','2101','21'),('210109','Mañazo','2101','21'),('210110','Paucarcolla','2101','21'),('210111','Pichacani','2101','21'),('210112','Plateria','2101','21'),('210113','San Antonio','2101','21'),('210114','Tiquillaca','2101','21'),('210115','Vilque','2101','21'),('210201','Azángaro','2102','21'),('210202','Achaya','2102','21'),('210203','Arapa','2102','21'),('210204','Asillo','2102','21'),('210205','Caminaca','2102','21'),('210206','Chupa','2102','21'),('210207','José Domingo Choquehuanca','2102','21'),('210208','Muñani','2102','21'),('210209','Potoni','2102','21'),('210210','Saman','2102','21'),('210211','San Anton','2102','21'),('210212','San José','2102','21'),('210213','San Juan de Salinas','2102','21'),('210214','Santiago de Pupuja','2102','21'),('210215','Tirapata','2102','21'),('210301','Macusani','2103','21'),('210302','Ajoyani','2103','21'),('210303','Ayapata','2103','21'),('210304','Coasa','2103','21'),('210305','Corani','2103','21'),('210306','Crucero','2103','21'),('210307','Ituata','2103','21'),('210308','Ollachea','2103','21'),('210309','San Gaban','2103','21'),('210310','Usicayos','2103','21'),('210401','Juli','2104','21'),('210402','Desaguadero','2104','21'),('210403','Huacullani','2104','21'),('210404','Kelluyo','2104','21'),('210405','Pisacoma','2104','21'),('210406','Pomata','2104','21'),('210407','Zepita','2104','21'),('210501','Ilave','2105','21'),('210502','Capazo','2105','21'),('210503','Pilcuyo','2105','21'),('210504','Santa Rosa','2105','21'),('210505','Conduriri','2105','21'),('210601','Huancane','2106','21'),('210602','Cojata','2106','21'),('210603','Huatasani','2106','21'),('210604','Inchupalla','2106','21'),('210605','Pusi','2106','21'),('210606','Rosaspata','2106','21'),('210607','Taraco','2106','21'),('210608','Vilque Chico','2106','21'),('210701','Lampa','2107','21'),('210702','Cabanilla','2107','21'),('210703','Calapuja','2107','21'),('210704','Nicasio','2107','21'),('210705','Ocuviri','2107','21'),('210706','Palca','2107','21'),('210707','Paratia','2107','21'),('210708','Pucara','2107','21'),('210709','Santa Lucia','2107','21'),('210710','Vilavila','2107','21'),('210801','Ayaviri','2108','21'),('210802','Antauta','2108','21'),('210803','Cupi','2108','21'),('210804','Llalli','2108','21'),('210805','Macari','2108','21'),('210806','Nuñoa','2108','21'),('210807','Orurillo','2108','21'),('210808','Santa Rosa','2108','21'),('210809','Umachiri','2108','21'),('210901','Moho','2109','21'),('210902','Conima','2109','21'),('210903','Huayrapata','2109','21'),('210904','Tilali','2109','21'),('211001','Putina','2110','21'),('211002','Ananea','2110','21'),('211003','Pedro Vilca Apaza','2110','21'),('211004','Quilcapuncu','2110','21'),('211005','Sina','2110','21'),('211101','Juliaca','2111','21'),('211102','Cabana','2111','21'),('211103','Cabanillas','2111','21'),('211104','Caracoto','2111','21'),('211105','San Miguel','2111','21'),('211201','Sandia','2112','21'),('211202','Cuyocuyo','2112','21'),('211203','Limbani','2112','21'),('211204','Patambuco','2112','21'),('211205','Phara','2112','21'),('211206','Quiaca','2112','21'),('211207','San Juan del Oro','2112','21'),('211208','Yanahuaya','2112','21'),('211209','Alto Inambari','2112','21'),('211210','San Pedro de Putina Punco','2112','21'),('211301','Yunguyo','2113','21'),('211302','Anapia','2113','21'),('211303','Copani','2113','21'),('211304','Cuturapi','2113','21'),('211305','Ollaraya','2113','21'),('211306','Tinicachi','2113','21'),('211307','Unicachi','2113','21'),('220101','Moyobamba','2201','22'),('220102','Calzada','2201','22'),('220103','Habana','2201','22'),('220104','Jepelacio','2201','22'),('220105','Soritor','2201','22'),('220106','Yantalo','2201','22'),('220201','Bellavista','2202','22'),('220202','Alto Biavo','2202','22'),('220203','Bajo Biavo','2202','22'),('220204','Huallaga','2202','22'),('220205','San Pablo','2202','22'),('220206','San Rafael','2202','22'),('220301','San José de Sisa','2203','22'),('220302','Agua Blanca','2203','22'),('220303','San Martín','2203','22'),('220304','Santa Rosa','2203','22'),('220305','Shatoja','2203','22'),('220401','Saposoa','2204','22'),('220402','Alto Saposoa','2204','22'),('220403','El Eslabón','2204','22'),('220404','Piscoyacu','2204','22'),('220405','Sacanche','2204','22'),('220406','Tingo de Saposoa','2204','22'),('220501','Lamas','2205','22'),('220502','Alonso de Alvarado','2205','22'),('220503','Barranquita','2205','22'),('220504','Caynarachi','2205','22'),('220505','Cuñumbuqui','2205','22'),('220506','Pinto Recodo','2205','22'),('220507','Rumisapa','2205','22'),('220508','San Roque de Cumbaza','2205','22'),('220509','Shanao','2205','22'),('220510','Tabalosos','2205','22'),('220511','Zapatero','2205','22'),('220601','Juanjuí','2206','22'),('220602','Campanilla','2206','22'),('220603','Huicungo','2206','22'),('220604','Pachiza','2206','22'),('220605','Pajarillo','2206','22'),('220701','Picota','2207','22'),('220702','Buenos Aires','2207','22'),('220703','Caspisapa','2207','22'),('220704','Pilluana','2207','22'),('220705','Pucacaca','2207','22'),('220706','San Cristóbal','2207','22'),('220707','San Hilarión','2207','22'),('220708','Shamboyacu','2207','22'),('220709','Tingo de Ponasa','2207','22'),('220710','Tres Unidos','2207','22'),('220801','Rioja','2208','22'),('220802','Awajun','2208','22'),('220803','Elías Soplin Vargas','2208','22'),('220804','Nueva Cajamarca','2208','22'),('220805','Pardo Miguel','2208','22'),('220806','Posic','2208','22'),('220807','San Fernando','2208','22'),('220808','Yorongos','2208','22'),('220809','Yuracyacu','2208','22'),('220901','Tarapoto','2209','22'),('220902','Alberto Leveau','2209','22'),('220903','Cacatachi','2209','22'),('220904','Chazuta','2209','22'),('220905','Chipurana','2209','22'),('220906','El Porvenir','2209','22'),('220907','Huimbayoc','2209','22'),('220908','Juan Guerra','2209','22'),('220909','La Banda de Shilcayo','2209','22'),('220910','Morales','2209','22'),('220911','Papaplaya','2209','22'),('220912','San Antonio','2209','22'),('220913','Sauce','2209','22'),('220914','Shapaja','2209','22'),('221001','Tocache','2210','22'),('221002','Nuevo Progreso','2210','22'),('221003','Polvora','2210','22'),('221004','Shunte','2210','22'),('221005','Uchiza','2210','22'),('230101','Tacna','2301','23'),('230102','Alto de la Alianza','2301','23'),('230103','Calana','2301','23'),('230104','Ciudad Nueva','2301','23'),('230105','Inclan','2301','23'),('230106','Pachia','2301','23'),('230107','Palca','2301','23'),('230108','Pocollay','2301','23'),('230109','Sama','2301','23'),('230110','Coronel Gregorio Albarracín Lanchipa','2301','23'),('230111','La Yarada los Palos','2301','23'),('230201','Candarave','2302','23'),('230202','Cairani','2302','23'),('230203','Camilaca','2302','23'),('230204','Curibaya','2302','23'),('230205','Huanuara','2302','23'),('230206','Quilahuani','2302','23'),('230301','Locumba','2303','23'),('230302','Ilabaya','2303','23'),('230303','Ite','2303','23'),('230401','Tarata','2304','23'),('230402','Héroes Albarracín','2304','23'),('230403','Estique','2304','23'),('230404','Estique-Pampa','2304','23'),('230405','Sitajara','2304','23'),('230406','Susapaya','2304','23'),('230407','Tarucachi','2304','23'),('230408','Ticaco','2304','23'),('240101','Tumbes','2401','24'),('240102','Corrales','2401','24'),('240103','La Cruz','2401','24'),('240104','Pampas de Hospital','2401','24'),('240105','San Jacinto','2401','24'),('240106','San Juan de la Virgen','2401','24'),('240201','Zorritos','2402','24'),('240202','Casitas','2402','24'),('240203','Canoas de Punta Sal','2402','24'),('240301','Zarumilla','2403','24'),('240302','Aguas Verdes','2403','24'),('240303','Matapalo','2403','24'),('240304','Papayal','2403','24'),('250101','Calleria','2501','25'),('250102','Campoverde','2501','25'),('250103','Iparia','2501','25'),('250104','Masisea','2501','25'),('250105','Yarinacocha','2501','25'),('250106','Nueva Requena','2501','25'),('250107','Manantay','2501','25'),('250201','Raymondi','2502','25'),('250202','Sepahua','2502','25'),('250203','Tahuania','2502','25'),('250204','Yurua','2502','25'),('250301','Padre Abad','2503','25'),('250302','Irazola','2503','25'),('250303','Curimana','2503','25'),('250304','Neshuya','2503','25'),('250305','Alexander Von Humboldt','2503','25'),('250401','Purus','2504','25');
/*!40000 ALTER TABLE `distrito` ENABLE KEYS */;
UNLOCK TABLES;

LOCK TABLES `grado_pnp` WRITE;
/*!40000 ALTER TABLE `grado_pnp` DISABLE KEYS */;
INSERT INTO `grado_pnp` VALUES (1,'Gral. Pol.','General de Policía','OFICIAL_GENERAL',1),(2,'Tnte. Gral.','Teniente General','OFICIAL_GENERAL',2),(3,'Gral.','General','OFICIAL_GENERAL',3),(4,'Crnel.','Coronel','OFICIAL_SUPERIOR',4),(5,'Cmdte.','Comandante','OFICIAL_SUPERIOR',5),(6,'My.','Mayor','OFICIAL_SUPERIOR',6),(7,'Cap.','Capitán','OFICIAL_SUBALTERNO',7),(8,'Tnte.','Teniente','OFICIAL_SUBALTERNO',8),(9,'Alf.','Alférez','OFICIAL_SUBALTERNO',9),(10,'SS','Suboficial Superior','SUBOFICIAL',10),(11,'SB','Suboficial Brigadier','SUBOFICIAL',11),(12,'SOT1','Suboficial Técnico de Primera','SUBOFICIAL',12),(13,'SOT2','Suboficial Técnico de Segunda','SUBOFICIAL',13),(14,'SOT3','Suboficial Técnico de Tercera','SUBOFICIAL',14),(15,'SO1','Suboficial de Primera','SUBOFICIAL',15),(16,'SO2','Suboficial de Segunda','SUBOFICIAL',16),(17,'SO3','Suboficial de Tercera','SUBOFICIAL',17),(18,'EC','Empleado Civil','EMPLEADO_CIVIL',18),(19,'Cad.','Cadete','CADETE',19),(20,'Al.','Alumno','ALUMNO',20);
/*!40000 ALTER TABLE `grado_pnp` ENABLE KEYS */;
UNLOCK TABLES;

LOCK TABLES `unidad_pnp` WRITE;
/*!40000 ALTER TABLE `unidad_pnp` DISABLE KEYS */;
/*!40000 ALTER TABLE `unidad_pnp` ENABLE KEYS */;
UNLOCK TABLES;

LOCK TABLES `red_salud` WRITE;
/*!40000 ALTER TABLE `red_salud` DISABLE KEYS */;
INSERT INTO `red_salud` VALUES (1,'Red Amazonas · Sanidad PNP','DIRSAPOL'),(2,'Red Ancash · Sanidad PNP','DIRSAPOL'),(3,'Red Apurimac · Sanidad PNP','DIRSAPOL'),(4,'Red Arequipa · Sanidad PNP','DIRSAPOL'),(5,'Red Ayacucho · Sanidad PNP','DIRSAPOL'),(6,'Red Cajamarca · Sanidad PNP','DIRSAPOL'),(7,'Red Callao · Sanidad PNP','DIRSAPOL'),(8,'Red Cusco · Sanidad PNP','DIRSAPOL'),(9,'Red Huancavelica · Sanidad PNP','DIRSAPOL'),(10,'Red Huanuco · Sanidad PNP','DIRSAPOL'),(11,'Red Ica · Sanidad PNP','DIRSAPOL'),(12,'Red Junin · Sanidad PNP','DIRSAPOL'),(13,'Red La Libertad · Sanidad PNP','DIRSAPOL'),(14,'Red Lambayeque · Sanidad PNP','DIRSAPOL'),(15,'Red Lima · Sanidad PNP','DIRSAPOL'),(16,'Red Loreto · Sanidad PNP','DIRSAPOL'),(17,'Red Madre De Dios · Sanidad PNP','DIRSAPOL'),(18,'Red Moquegua · Sanidad PNP','DIRSAPOL'),(19,'Red Pasco · Sanidad PNP','DIRSAPOL'),(20,'Red Piura · Sanidad PNP','DIRSAPOL'),(21,'Red Puno · Sanidad PNP','DIRSAPOL'),(22,'Red San Martin · Sanidad PNP','DIRSAPOL'),(23,'Red Tacna · Sanidad PNP','DIRSAPOL'),(24,'Red Tumbes · Sanidad PNP','DIRSAPOL'),(25,'Red Ucayali · Sanidad PNP','DIRSAPOL');
/*!40000 ALTER TABLE `red_salud` ENABLE KEYS */;
UNLOCK TABLES;

LOCK TABLES `establecimiento` WRITE;
/*!40000 ALTER TABLE `establecimiento` DISABLE KEYS */;
INSERT INTO `establecimiento` VALUES (1,'00012739','POLICLINICO POLICIAL SAN DIEGO',15,'FFAA_SANIDAD','150135',1),(2,'00011744','SANIDAD PNP LA CONVENCION - QUILLABAMBA',8,'FFAA_SANIDAD','080901',1),(3,'00010710','POLICLINICO POLICIAL HUANCAYO',12,'FFAA_SANIDAD','120101',1),(4,'00017336','POSTA MEDICA POLICIAL ISLAY',4,'FFAA_SANIDAD','040701',1),(5,'00035044','POSTA DE SALUD POLICIAL ANDAHUAYLAS',3,'FFAA_SANIDAD','030201',1),(6,'00035992','POLICLINICO POLICIAL CHACHAPOYAS',1,'FFAA_SANIDAD','010101',1),(7,'00015236','POSTA MEDICA POLICIAL MOQUEGUA',18,'FFAA_SANIDAD','180104',1),(8,'00018106','POLICLINICO POLICIAL BAGUA GRANDE',1,'FFAA_SANIDAD','010701',1),(9,'00009476','POSTA DE SALUD POLICIAL- HUANCAVELICA',9,'FFAA_SANIDAD','090101',1),(10,'00018950','POLICLINICO POLICIAL JAEN',6,'FFAA_SANIDAD','060801',1),(11,'00011400','POSTA MEDICA POLICIAL PISCO',11,'FFAA_SANIDAD','110501',1),(12,'00011399','UNIDAD EJECUTORA 020:SANIDAD DE LA PNP',11,'FFAA_SANIDAD','110301',1),(13,'00024663','SANIDAD PNP SICUANI',8,'FFAA_SANIDAD','080601',1),(14,'00010688','POSTA MEDICA POLICIAL SULLANA',20,'FFAA_SANIDAD','200601',1),(15,'00020382','POLICLINICO POLICIAL CHORRILLOS',15,'FFAA_SANIDAD','150108',1),(16,'00015771','POSTA MEDICA POLICIAL TINGO MARIA',10,'FFAA_SANIDAD','100601',1),(17,'00011421','POLICLINICO POLICIAL HUÁNUCO',10,'FFAA_SANIDAD','100101',1),(18,'00027203','PUESTO DE SALUD PNP PALMAPAMPA',5,'FFAA_SANIDAD','050509',1),(19,'00019390','POSTA MEDICA ETS. PNP. SAN BARTOLO',15,'FFAA_SANIDAD','150129',1),(20,'00010834','POSTA MEDICA POLICIAL HUACHO',15,'FFAA_SANIDAD','150810',1),(21,'00025776','POSTA MEDICA POLICIAL EESTP - HYO',12,'FFAA_SANIDAD','120125',1),(22,'00012275','POLICLINICO PNP DINOES',15,'FFAA_SANIDAD','150103',1),(23,'00017690','POLICLINICO PNP CHIMBOTE',2,'FFAA_SANIDAD','021801',1),(24,'00012822','CENTRO ODONTOLOGICO PNP ANGAMOS',15,'FFAA_SANIDAD','150141',1),(25,'00011227','POSTA DE SALUD POLICIAL CHACLACAYO',15,'FFAA_SANIDAD','150107',1),(26,'00010929','POSTA MEDICA POLICIAL CHOTA',6,'FFAA_SANIDAD','060401',1),(27,'00017849','POLICLINICO POLICIAL CAÑETE',15,'FFAA_SANIDAD','150510',1),(28,'00025870','POSTA DE SALUD POLICIAL ILO',18,'FFAA_SANIDAD','180301',1),(29,'00036660','MEDICA POLICIAL PICHARI',8,'FFAA_SANIDAD','080910',1),(30,'00011833','HOSPITAL REGIONAL POLICIAL CHICLAYO',14,'FFAA_SANIDAD','140101',1),(31,'00012741','POSTA DE SALUD POLICIAL INDEPENDENCIA',15,'FFAA_SANIDAD','150112',1),(32,'00016094','HOSPITAL PNP \"AUGUSTO B. LEGUIA\"',15,'FFAA_SANIDAD','150128',1),(33,'00011794','HOSPITAL REGIONAL PNP AREQUIPA',4,'FFAA_SANIDAD','040103',1),(34,'00010573','POSTA MEDICA POLICIAL VENTANILLA',7,'FFAA_SANIDAD','070106',1),(35,'00010900','POLICLINICO POLICIAL ICA',11,'FFAA_SANIDAD','110101',1),(36,'00010236','POLICLINICO POLICIAL JULIACA',21,'FFAA_SANIDAD','211101',1),(37,'00035199','SANIDAD PNP BAGUA',1,'FFAA_SANIDAD','010201',1),(38,'00012923','POSTA MEDICA POLICIAL ETS ESCUELA PUENTE PIEDRA',15,'FFAA_SANIDAD','150125',1),(39,'00011369','POLICLINICO POLICIAL IQUITOS',16,'FFAA_SANIDAD','160113',1),(40,'00012740','POLICLINICO POLICIAL MININTER',15,'FFAA_SANIDAD','150131',1),(41,'00020827','POLICLINICO PNP TARAPOTO',22,'FFAA_SANIDAD','220901',1),(42,'00011743','POLICIAL \"SANTA ROSA\" CUSCO',8,'FFAA_SANIDAD','080105',1),(43,'00010451','POSTA MÉDICA POLICIAL VIPOL',7,'FFAA_SANIDAD','070101',1),(44,'00017391','POLICLINICO COIP',15,'FFAA_SANIDAD','150101',1),(45,'00012664','POLICLINICO POLICIAL DEFENSORES DE LA DEMOCRACIA CARABAYLLO',15,'FFAA_SANIDAD','150106',1),(46,'00010610','POSTA MEDICA POLICIAL SEDE DIRAVPOL',7,'FFAA_SANIDAD','070101',1),(47,'00011876','POLICLINICO PNP SAN MARTIN DE PORRES',15,'FFAA_SANIDAD','150135',1),(48,'00010153','POSTA MEDICA POLICIAL PAMPAS',9,'FFAA_SANIDAD','090701',1),(49,'00014718','HOSPITAL POLICIAL GERIATRICO SAN JOSE',15,'FFAA_SANIDAD','150136',1),(50,'00012885','POLICLINICO PNP WALTER ROSALES LEON',15,'FFAA_SANIDAD','150141',1),(51,'00008036','POLICLINICO POLICIAL ABANCAY',3,'FFAA_SANIDAD','030101',1),(52,'00027415','POSTA MEDICO POLICIAL EESTP PNP AYACUCHO',5,'FFAA_SANIDAD','050104',1),(53,'00013591','HOSPITAL NACIONAL POLICIA NACIONAL DEL PERU GRAL PNP LUIS N. SAENZ.',15,'FFAA_SANIDAD','150113',1),(54,'00010679','POLICLINICO POLICIAL ALMIRANTE MIGUEL GRAU PIURA',20,'FFAA_SANIDAD','200104',1),(55,'00011485','POLICIAL SATIPO',12,'FFAA_SANIDAD','120601',1),(56,'00030839','POLICLINICO POLICIAL ZARATE',15,'FFAA_SANIDAD','150132',1),(57,'00010557','POLICLINICO POLICIAL CALLAO',7,'FFAA_SANIDAD','070104',1),(58,'00038693','CENTRO DE SALUD MENTAL COMUNITARIO DE LA POLICIA NACIONAL DEL PERU',7,'FFAA_SANIDAD','070104',1),(59,'00011894','POSTA MÉDICA SANIDAD CHINCHEROS',3,'FFAA_SANIDAD','030601',1),(60,'00012088','POLICLINICO POLICIAL \"LA CRUZ\" TUMBES',24,'FFAA_SANIDAD','240101',1),(61,'00025272','POSTA DE SALUD POLICIAL SANTA LUCIA',22,'FFAA_SANIDAD',NULL,1),(62,'00018077','POLICLINICO POLICIAL MOYOBAMBA',22,'FFAA_SANIDAD','220101',1),(63,'00011747','POLICIAL PUCUTO',8,'FFAA_SANIDAD','081207',1),(64,'00011913','POSTA MEDICA POLICIAL LA MERCED',12,'FFAA_SANIDAD','120301',1),(65,'00010205','POLICLINICO PNP HUARAZ',2,'FFAA_SANIDAD','020101',1),(66,'00011661','POSTA MEDICA POLICIAL CAMANA',4,'FFAA_SANIDAD','040201',1),(67,'00010235','POLICLINICO POLICIAL PUNO',21,'FFAA_SANIDAD','210101',1),(68,'00011154','POLICLINICO POLICIAL TRUJILLO',13,'FFAA_SANIDAD','130101',1),(69,'00035261','POSTA MEDICA POLICIAL ESCUELA D EDUCACION SUPERIOR PROFESIONAL PNP TARAPOTO',22,'FFAA_SANIDAD','220909',1),(70,'00011437','POSTA MEDICA PNP HUANTA',5,'FFAA_SANIDAD','050401',1),(71,'00011528','POLICLINICO POLICIAL TACNA',23,'FFAA_SANIDAD','230101',1),(72,'00025659','PUESTO DE SALUD POLICIAL CHEPEN',13,'FFAA_SANIDAD','130401',1),(73,'00009320','POSTA MEDICA DE LA PNP',17,'FFAA_SANIDAD','170101',1),(74,'00010680','POSTA DE SALUD POLICIAL HUANCABAMBA',20,'FFAA_SANIDAD','200301',1),(75,'00011874','POSTA MEDICA POLICIAL JAUJA',12,'FFAA_SANIDAD','120401',1),(76,'00011664','POSTA MEDICA POLICIAL \"SAN MARTIN DE PORRES\" AREQUIPA',4,'FFAA_SANIDAD','040112',1),(77,'00011398','POLICLINICO POLICIAL CHINCHA',11,'FFAA_SANIDAD','110207',1),(78,'00009296','POLICLINICO PNP CAJAMARCA',6,'FFAA_SANIDAD','060101',1),(79,'00011773','POSTA MEDICA PNP CERRO DE PASCO',19,'FFAA_SANIDAD','190113',1),(80,'00011426','POLICLINICO POLICIAL DE AYACUCHO',5,'FFAA_SANIDAD','050101',1),(81,'00012454','POSTA MEDICA POLICIAL LOS SINCHIS',12,'FFAA_SANIDAD','120604',1),(82,'00010148','POLICLINICO POLICIAL PUCALLPA',25,'FFAA_SANIDAD','250101',1);
/*!40000 ALTER TABLE `establecimiento` ENABLE KEYS */;
UNLOCK TABLES;

LOCK TABLES `enfermedad` WRITE;
/*!40000 ALTER TABLE `enfermedad` DISABLE KEYS */;
INSERT INTO `enfermedad` VALUES (1,'Dengue, chikungunya, zika y arbovirosis','Dengue y arbovirosis','dengue, chikungunya, zika, arbovirosis, arbovirus','A97','INMEDIATA','A','Metaxénicas y zoonóticas',0,1,1,1,0,0,NULL,NULL,1,NULL,NULL,NULL,NULL),(2,'Sarampión / rubéola / febriles eruptivas','Sarampión / rubéola','sarampion, rubeola, febriles eruptivas, exantematicas','B05','INMEDIATA','A','Inmunoprevenibles',1,1,1,1,0,0,'CASO_INDICE',NULL,1,'[\"edad\",\"celular\",\"fecha_contacto\",\"lugar_contacto\",\"fecha_inicio_erupcion\",\"fecha_vacunacion\",\"vacunado_72h\"]',NULL,NULL,NULL),(3,'Tos ferina','Tos ferina',NULL,'A37.0','INMEDIATA','A','Inmunoprevenibles',1,1,1,1,0,0,NULL,NULL,1,'[\"parentesco\",\"celular\",\"doc\",\"lugar_contacto\"]',NULL,NULL,NULL),(4,'Leishmaniasis','Leishmaniasis',NULL,'B55','SEMANAL','A','Metaxénicas y zoonóticas',0,1,0,0,0,0,NULL,NULL,1,NULL,NULL,NULL,NULL),(5,'Difteria','Difteria',NULL,'A36','INMEDIATA','A','Inmunoprevenibles',1,1,1,1,1,0,NULL,'CONFIRMADO,DESCARTADO',1,'[\"edad\",\"sexo\",\"vacunado\",\"fecha_vacunacion\",\"profilaxis\"]',NULL,NULL,NULL),(6,'Fiebre amarilla','Fiebre amarilla',NULL,'A95','INMEDIATA','A','Metaxénicas y zoonóticas',0,1,1,1,1,0,NULL,'CONFIRMADO,DESCARTADO',1,NULL,NULL,NULL,NULL),(7,'ESAVI severo','ESAVI','esavi,vacuna,severo,reaccion adversa','Y59.0','INMEDIATA','C','Otros eventos bajo vigilancia',0,0,0,1,0,0,'CASO_INDICE',NULL,1,NULL,NULL,NULL,'[\"dosis\",\"via\",\"sitio\",\"adyuvante\",\"fabricante\",\"lote\",\"fecha_vencimiento\",\"establecimiento\"]'),(8,'Varicela con complicaciones','Varicela con complicaciones',NULL,'B01','INMEDIATA','A','Inmunoprevenibles',1,1,0,1,0,0,NULL,NULL,1,NULL,NULL,NULL,NULL),(9,'Parotiditis con complicaciones','Parotiditis con complicaciones',NULL,'B26','INMEDIATA','A','Inmunoprevenibles',1,0,0,1,0,0,NULL,NULL,1,NULL,NULL,NULL,NULL),(10,'Viruela del mono (Mpox)','Viruela del mono (Mpox)','mpox, monkeypox, viruela simica','B04X','INMEDIATA','A','Metaxénicas y zoonóticas',1,0,1,0,0,0,NULL,NULL,1,'[\"parentesco\",\"celular\",\"doc\",\"lugar_contacto\"]',NULL,NULL,NULL),(11,'EDA grave / cólera','EDA grave / cólera','colera, diarrea, eda, vibrio','A00','INMEDIATA','A','Transmisión hídrica y alimentaria',0,1,0,0,0,0,'CASO_INDICE',NULL,1,NULL,NULL,NULL,NULL),(12,'Enfermedad de Chagas','Enfermedad de Chagas',NULL,'B57','SEMANAL','A','Metaxénicas y zoonóticas',0,1,1,0,0,0,NULL,NULL,1,NULL,NULL,NULL,NULL),(13,'Enfermedad de Carrión (bartonelosis)','Enfermedad de Carrión (bartonelosis)','bartonelosis, verruga peruana, carrion','A44','SEMANAL','A','Metaxénicas y zoonóticas',0,1,1,0,0,0,NULL,NULL,1,NULL,NULL,NULL,NULL),(14,'Tétanos','Tétanos',NULL,'A35','INMEDIATA','A','Inmunoprevenibles',0,0,0,1,0,0,'CASO_INDICE',NULL,1,NULL,NULL,NULL,NULL),(15,'Tétanos neonatal','Tétanos neonatal',NULL,'A33','INMEDIATA','A','Inmunoprevenibles',0,0,0,0,0,1,'CASO_INDICE,MADRE',NULL,1,NULL,NULL,NULL,NULL),(16,'Parálisis flácida aguda (PFA)','Parálisis flácida aguda (PFA)','pfa, polio, poliomielitis','A80','INMEDIATA','A','Inmunoprevenibles',1,1,0,1,0,0,'CASO_INDICE','CONFIRMADO,PROBABLE,DESCARTADO',1,NULL,NULL,NULL,NULL),(17,'Síndrome de rubéola congénita (SRC)','Rubéola congénita','rubeola,src,congenita','P35.0','SEMANAL','B','Inmunoprevenibles',0,1,1,0,0,1,'CASO_INDICE,MADRE',NULL,1,NULL,NULL,NULL,NULL),(18,'Gestante con VIH y niño expuesto','Gestante VIH/Niño','vih,gestante,niño expuesto,transmision vertical','Z21','SEMANAL','B','Materno-perinatal y transmisión vertical',0,1,0,0,0,1,'MADRE,NINO_EXPUESTO',NULL,1,NULL,NULL,NULL,NULL),(19,'VIH / SIDA — notificación individual','VIH / SIDA','vih,sida,retrovirus','B24','SEMANAL','B','Materno-perinatal y transmisión vertical',0,1,0,0,0,0,'CASO_INDICE',NULL,1,NULL,NULL,NULL,NULL),(20,'Sífilis materna y congénita','Sífilis','sifilis,congenita,materna','A50','SEMANAL','B','Materno-perinatal y transmisión vertical',0,0,0,0,0,1,'MADRE,RECIEN_NACIDO',NULL,1,NULL,NULL,NULL,NULL),(21,'Violencia familiar','Violencia','violencia,agresion,familiar,domestica','Y07','SEMANAL','C','Otros eventos bajo vigilancia',0,0,0,0,0,1,'CASO_INDICE,AGRESOR',NULL,1,NULL,NULL,NULL,NULL),(22,'Lesiones por accidentes de tránsito','Accidentes Tránsito','accidente,transito,lesion,choque','V99','SEMANAL','C','Otros eventos bajo vigilancia',0,0,0,0,0,1,'CASO_INDICE,CONDUCTOR',NULL,1,NULL,NULL,NULL,NULL),(23,'Muerte materna (Anexo 1 y 2)','Muerte Materna','muerte,materna,fallecimiento,gestante','O95','INMEDIATA','D','Materno-perinatal y transmisión vertical',0,0,0,0,0,0,'CASO_INDICE',NULL,1,NULL,NULL,NULL,NULL),(24,'Muerte fetal y neonatal','Muerte Fetal/Neonatal','muerte,fetal,neonatal,mortinato','P96','SEMANAL','D','Materno-perinatal y transmisión vertical',0,0,0,0,0,1,'CASO_INDICE,MADRE',NULL,1,NULL,NULL,NULL,NULL);
/*!40000 ALTER TABLE `enfermedad` ENABLE KEYS */;
UNLOCK TABLES;

LOCK TABLES `catalogo` WRITE;
/*!40000 ALTER TABLE `catalogo` DISABLE KEYS */;
INSERT INTO `catalogo` VALUES (434,'A00 - ¿De dónde obtuvo el agua en los últimos 3 días?'),(435,'A00 - ¿Dónde consumió alimentos los últimos 3 días?'),(439,'A00 - Antibiótico usado'),(437,'A00 - Eliminación de excretas'),(440,'A00 - Lugar de fallecimiento'),(436,'A00 - Para menores de 2 años'),(438,'A00 - Plan de tratamiento'),(441,'A00 - Serogrupo'),(442,'A00 - Serotipo'),(444,'A33 - Atendido por'),(443,'A33 - Grado de instrucción'),(269,'A36 - Complicaciones'),(394,'A37.0 - Clasificación final'),(419,'A44 - Antibióticos usados'),(420,'A44 - Condición de alta'),(418,'A44 - Edema, localización'),(416,'A44 - Orientación (lúcido, tiempo, espacio, persona)'),(417,'A44 - Palidez'),(415,'A44 - Síntomas'),(466,'A50 - Clasificación de caso de sífilis en la gestante'),(467,'A50 - Criterios de caso de sífilis congénita'),(468,'A50 - Tratamiento del niño'),(450,'A80 - ¿Existen otros casos semejantes en el área?'),(449,'A80 - Cara (lado afectado)'),(448,'A80 - Características (paresia, parálisis, etc.)'),(453,'A80 - Clasificación final'),(454,'A80 - Criterio de clasificación'),(452,'A80 - Localización'),(445,'A80 - Progresión de la parálisis'),(455,'A80 - Se ha descartado'),(447,'A80 - Signos'),(446,'A80 - Síntomas'),(451,'A80 - Tipo de secuela'),(401,'A95 - Casos reportados en los últimos 10 días'),(402,'A95 - Criterio de clasificación'),(393,'A97 - Clasificación'),(391,'A97 - Signos de alarma'),(392,'A97 - Signos de gravedad'),(390,'A97 - Signos y síntomas frecuentes'),(389,'A97 - Subsistema de vigilancia'),(524,'adyuvante_vacuna'),(119,'Alimentación en menores de 2 años'),(31,'Antecedentes de relaciones sexuales'),(55,'Antecedentes familiares - ESAVI'),(95,'Antecedentes patológicos - muerte materna'),(21,'ARV recibido - niño expuesto'),(83,'Aseguradora - accidentes'),(49,'Aseguramiento'),(133,'Atendido por - Tétanos'),(396,'B01 - Complicaciones'),(398,'B01 - Condición de egreso'),(397,'B01 - Factores de riesgo'),(395,'B01 - Tipo de lesión dérmica'),(425,'B04X - Animales (especificar)'),(433,'B04X - Clasificación'),(427,'B04X - Comorbilidades'),(429,'B04X - Distribución del sarpullido'),(431,'B04X - Estadio de los exantemas'),(424,'B04X - Exposiciones en los últimos 21 días'),(426,'B04X - ITS en los últimos 12 meses'),(423,'B04X - Lugares a los que asistió'),(430,'B04X - Número de lesiones'),(422,'B04X - Orientación sexual'),(421,'B04X - Población específica'),(428,'B04X - Signos y síntomas'),(432,'B04X - Tipo de presentación'),(462,'B05 - Clasificación según fuente de infección'),(460,'B05 - Contacto con'),(461,'B05 - Criterio de descarte'),(456,'B05 - Cronología (día -10 a +10, día 0 = erupción)'),(459,'B05 - Fuente de información'),(458,'B05 - N.° de dosis'),(457,'B05 - Tipo de vacuna'),(464,'B24 - Motivo de notificación'),(519,'B24 - Subtipo (vía parenteral)'),(518,'B24 - Subtipo (vía sexual)'),(465,'B24 - Vía de transmisión'),(517,'B24 - Vía de transmisión (2)'),(399,'B26 - Localización'),(403,'B55 - Actividad que desarrolló durante el contagio'),(405,'B55 - Antecedente de otras enfermedades'),(407,'B55 - Forma'),(406,'B55 - Signos de leishmaniasis visceral'),(404,'B55 - Síntomas'),(408,'B55 - Situación'),(409,'B55 - Tratamiento'),(414,'B57 - Clasificación final'),(411,'B57 - Condición'),(412,'B57 - Etapa aguda'),(413,'B57 - Etapa crónica'),(410,'B57 - Posible forma de transmisión'),(12,'Captación del caso - Sarampión/Rubéola'),(88,'Causa genérica de muerte materna'),(38,'Clasificación de caso de sífilis en la gestante'),(90,'Clasificación de causa - muerte materna (final)'),(89,'Clasificación de causa - muerte materna (inicial)'),(125,'Clasificación de deshidratación'),(46,'Clasificación del caso - SRC'),(129,'Clasificación final - EDA grave/cólera'),(60,'Clasificación final - ESAVI'),(138,'Clasificación final - PFA'),(14,'Clasificación final - Sarampión/Rubéola'),(43,'Clasificación final - sífilis congénita'),(17,'Clasificación según fuente de infección - Sarampión/Rubéola'),(54,'Comorbilidad personal - ESAVI'),(400,'Compartido: I/II/III'),(65,'Completa / Incompleta'),(127,'Complicaciones - EDA grave/cólera'),(9,'Complicaciones - Sarampión/Rubéola'),(98,'Complicaciones del embarazo'),(99,'Complicaciones del parto'),(100,'Complicaciones del puerperio'),(75,'Condición de egreso - accidentes'),(146,'Condición de egreso - Fiebre amarilla'),(81,'Condición del vehículo ocasionante'),(28,'Condición especial - VIH/SIDA'),(122,'Consistencia de la deposición'),(13,'Contacto con - Sarampión/Rubéola'),(15,'Criterio de confirmación - Sarampión/Rubéola'),(16,'Criterio de descarte - Sarampión/Rubéola'),(33,'Criterio diagnóstico de SIDA'),(41,'Criterios de caso de sífilis congénita'),(73,'Derivación - Violencia'),(134,'Diagnóstico definitivo - Tétanos'),(104,'Dificultad de acceso a servicios de salud'),(105,'Dificultad de atención en el EE.SS.'),(523,'dosis_vacuna'),(142,'Egreso del hospital - Difteria'),(120,'Eliminación de excretas'),(56,'Enfermedades prevalentes en la región'),(53,'ESAVI previo - cuál'),(27,'Estadio de infección VIH al diagnóstico'),(63,'Estado civil'),(93,'Estado civil - muerte materna'),(58,'Estado de alta - ESAVI'),(67,'Estado del agresor'),(10,'Estado general - Sarampión/Rubéola'),(22,'Estado serológico final - niño expuesto'),(11,'Estado vacunal - Sarampión/Rubéola'),(40,'Estado vital al nacer'),(139,'Evaluación a los 60 días - PFA'),(57,'Eventos ESAVI severos'),(44,'Fiebre y exantema durante el embarazo'),(116,'Fuente de agua de consumo'),(74,'Fuente de financiamiento - accidentes'),(24,'Grado de instrucción'),(64,'Grado de instrucción (nivel)'),(130,'Herida - Tétanos'),(140,'Hospitalizado - Difteria'),(30,'Identidad de género'),(84,'Identificado por - muerte materna'),(91,'Idioma'),(20,'Institución del EE.SS. del parto'),(85,'Institución que notifica - muerte materna'),(61,'Institución que registra - Violencia'),(34,'Investigación de - Sífilis'),(110,'Las cuatro demoras - muerte materna'),(82,'Licencia de conducir'),(135,'Localización de la parálisis - PFA'),(118,'Lugar de consumo de alimentos'),(71,'Lugar de la agresión'),(114,'Lugar de la muerte - fetal/neonatal'),(87,'Lugar del fallecimiento - muerte materna'),(112,'Lugar del parto - fetal/neonatal'),(39,'Lugar del parto - sífilis'),(101,'Lugar del parto o aborto - muerte materna'),(45,'Manifestaciones clínicas - SRC'),(108,'Maniobras usadas durante el parto/placenta'),(72,'Medidas tomadas - Violencia'),(69,'Medio utilizado en la agresión'),(96,'Método anticonceptivo previo'),(18,'Momento de diagnóstico VIH - gestante'),(113,'Momento de ocurrencia del fallecimiento - fetal/neonatal'),(19,'Momento del diagnóstico durante gestación'),(86,'Momento del fallecimiento - muerte materna'),(23,'Motivo de estado indeterminado'),(25,'Motivo de notificación - VIH/SIDA'),(37,'Motivo de tratamiento inadecuado - sífilis'),(70,'Motivo expresado de la agresión'),(35,'Nivel del establecimiento'),(92,'Nivel educativo - muerte materna'),(502,'O95 - 1.ª demora: en la identificación del problema'),(503,'O95 - 2.ª demora: en la decisión de buscar ayuda'),(504,'O95 - 3.ª demora: en acceder a los servicios de salud'),(505,'O95 - 4.ª demora: en recibir tratamiento adecuado y oportuno'),(493,'O95 - Categoría del EE.SS.'),(496,'O95 - Complicaciones del embarazo'),(498,'O95 - Especificar dificultad de acceso'),(499,'O95 - Especificar dificultad de atención'),(492,'O95 - Fase del puerperio en que falleció'),(491,'O95 - Lugar del fallecimiento'),(495,'O95 - Responsable de la APN'),(494,'O95 - Responsable de la atención'),(497,'O95 - Responsable de la atención del parto o aborto'),(500,'O95 - Sintomatología o molestias'),(501,'O95 - Tipo de establecimiento más cercano'),(50,'Ocupación - ESAVI'),(471,'P35.0 - Cardiopatía congénita'),(470,'P35.0 - Manifestación auditiva'),(469,'P35.0 - Manifestaciones oftálmicas'),(472,'P35.0 - Otras manifestaciones'),(507,'P96 - Lugar de la muerte'),(506,'P96 - Lugar del parto'),(106,'Persona que brindó la información'),(103,'Persona que identificó signos de peligro / decisión'),(126,'Plan de tratamiento - EDA'),(124,'Presencia de (deposición)'),(7,'Presencia de Placa - Difteria'),(97,'Responsable de la atención'),(36,'Resultado prueba treponémica/no treponémica'),(3,'resultado_lab'),(59,'Seguimiento del paciente - ESAVI'),(1,'sexo'),(29,'Sexo al nacer'),(2,'si_no'),(145,'Sí/No/Desconocido - Tos ferina'),(144,'Sí/No/Ignorado - Difteria'),(8,'Signos - Sarampión/Rubéola'),(6,'Signos Clínicos - Difteria'),(132,'Signos y síntomas - Tétanos'),(121,'Síntomas - EDA grave/cólera'),(107,'Sintomatología comunitaria - muerte materna'),(52,'Sitio de vacunación'),(522,'sitio_vacuna'),(26,'Subtipo de infección VIH'),(77,'Tipo de accidente'),(123,'Tipo de diarrea'),(47,'Tipo de ESAVI'),(109,'Tipo de establecimiento más cercano'),(131,'Tipo de herida - Tétanos'),(62,'Tipo de institución - Violencia'),(48,'Tipo de localidad'),(111,'Tipo de muerte - fetal/neonatal'),(136,'Tipo de parálisis - PFA'),(102,'Tipo de parto - muerte materna'),(117,'Tipo de recipiente de almacenamiento de agua'),(94,'Tipo de seguro - muerte materna'),(78,'Tipo de vehículo'),(68,'Tipo de violencia'),(4,'tipo_muestra'),(5,'tipo_prueba'),(137,'Tono muscular - PFA'),(128,'Transferencia - EDA grave/cólera'),(80,'Traslado del lesionado por'),(42,'Tratamiento del niño - sífilis congénita'),(141,'Tratamiento recibido - Difteria'),(115,'Trimestre de primera atención prenatal'),(79,'Ubicación del lesionado'),(490,'V99 - Vía donde ocurrió'),(520,'vacuna_minsa'),(51,'Vía de administración - vacuna'),(32,'Vía de transmisión - VIH/SIDA'),(76,'Vía donde ocurrió el accidente'),(521,'via_vacuna'),(66,'Vínculo con la víctima'),(489,'Y07 - ¿Dónde? (derivación)'),(486,'Y07 - Durante el último mes, ¿cuántas veces?'),(485,'Y07 - Durante la semana, ¿cuántas veces fue agredido(a)?'),(481,'Y07 - Estado del agresor'),(487,'Y07 - Lugar de la agresión'),(488,'Y07 - Medidas tomadas'),(483,'Y07 - Medio utilizado'),(484,'Y07 - Motivo expresado'),(479,'Y07 - Tipo de establecimiento'),(482,'Y07 - Tipo de violencia'),(480,'Y07 - Vínculo con la víctima'),(475,'Y59.0 - Adyuvante'),(476,'Y59.0 - Dosis'),(474,'Y59.0 - Nombre de vacuna'),(478,'Y59.0 - Sitio'),(473,'Y59.0 - Tipo de seguro'),(477,'Y59.0 - Vía'),(463,'Z21 - Motivo de estado indeterminado');
/*!40000 ALTER TABLE `catalogo` ENABLE KEYS */;
UNLOCK TABLES;

LOCK TABLES `catalogo_item` WRITE;
/*!40000 ALTER TABLE `catalogo_item` DISABLE KEYS */;
INSERT INTO `catalogo_item` VALUES (1,1,'M','Masculino',1),(2,1,'F','Femenino',2),(3,2,'SI','Sí',1),(4,2,'NO','No',2),(5,2,'IGN','Ignorado',3),(6,3,'POS','Positivo',1),(7,3,'NEG','Negativo',2),(8,3,'IND','Indeterminado',3),(9,4,'HNF','Hisopado nasofaríngeo',1),(10,4,'SUERO','Suero',2),(11,4,'LESION','Hisopado de lesión',3),(12,5,'PCR','PCR - RT',1),(13,5,'AG','Prueba antigénica',2),(14,5,'ELISA','ELISA',3),(15,5,'CULT','Cultivo',4),(16,6,'FIEBRE','Fiebre o sensación de alza térmica',1),(17,6,'DOLOR_GARGANTA','Dolor de garganta o al deglutir',2),(18,6,'FARINGITIS','Faringitis',3),(19,6,'LARINGITIS','Laringitis',4),(20,6,'AMIGDALITIS','Amigdalitis',5),(21,6,'AUMENTO_CUELLO','Aumento de volumen en cuello',6),(22,6,'TOS','Tos',7),(23,6,'SECRECION_NASAL','Secreción nasal (mucosa o sanguinolenta)',8),(24,6,'LESION_CUTANEA','Lesión cutánea ulcerosa',9),(25,6,'DISNEA','Disnea',10),(26,7,'OROFARINGE','Orofaringe',1),(27,7,'NASAL','Nasal',2),(28,7,'TRAQUEOBRONQUIAL','Traqueobronquial',3),(29,7,'OTROS','Otros',4),(30,8,'TOS','Tos',1),(31,8,'CORIZA','Coriza o rinorrea',2),(32,8,'CONJUNTIVITIS','Conjuntivitis',3),(33,8,'KOPLIK','Manchas de Koplik',4),(34,8,'ADENOPATIA_CERVICAL','Adenopatía cervical',5),(35,8,'ADENOPATIA_RETROAURICULAR','Adenopatía retroauricular',6),(36,8,'ARTRALGIAS','Artralgias',7),(37,8,'OTROS','Otros',8),(38,9,'OTITIS_MEDIA','Otitis media',1),(39,9,'CONVULSIONES','Convulsiones',2),(40,9,'NEUMONIA','Neumonía',3),(41,9,'TROMBOCITOPENIA','Trombocitopenia',4),(42,9,'DIARREA','Diarrea',5),(43,9,'ENCEFALITIS','Encefalitis',6),(44,9,'OTRAS','Otras',7),(45,10,'BUENO','Bueno',1),(46,10,'REGULAR','Regular',2),(47,10,'MALO','Malo',3),(48,11,'VACUNADO','Vacunado',1),(49,11,'VACUNADO_INCOMPLETO','Vacunado incompleto',2),(50,11,'NO_VACUNADO','No vacunado',3),(51,11,'IGNORADO','Ignorado',4),(52,11,'NO_CORRESPONDE','No corresponde',5),(53,11,'SIN_EVIDENCIA','Sin evidencia',6),(54,12,'CONSULTA','Consulta',1),(55,12,'LABORATORIO','Laboratorio',2),(56,12,'BA_INSTITUCIONAL','Búsqueda activa institucional',3),(57,12,'BA_COMUNITARIA','Búsqueda activa comunitaria',4),(58,12,'INVESTIGACION_CONTACTOS','Investigación de contactos',5),(59,12,'CASOS_REPORTADOS_COMUNIDAD','Casos reportados en comunidad',6),(60,12,'OTROS','Otros',7),(61,13,'EXTRANJEROS','Extranjeros',1),(62,13,'VISITO_EESS','Visitó establecimiento de salud',2),(63,13,'RECIBIO_VISITAS','Recibió visitas en casa',3),(64,13,'CELEBRACIONES_MASIVAS','Asistió a celebraciones masivas',4),(65,13,'OTROS','Otros',5),(66,14,'SARAMPION','Sarampión',1),(67,14,'RUBEOLA','Rubéola',2),(68,14,'DESCARTADO','Descartado',3),(69,15,'IGM_INDIRECTA','IgM indirecta (+)',1),(70,15,'SEROCONVERSION_IGG','Seroconversión de IgG indirecta',2),(71,15,'PCR','PCR (+)',3),(72,16,'IGM_NEGATIVO','Sarampión/rubéola IgM negativo',1),(73,16,'REACCION_VACUNAL','Reacción vacunal',2),(74,16,'DENGUE','Dengue',3),(75,16,'PARVOVIRUS_B19','Parvovirus B19',4),(76,16,'HERPES_6','Herpes 6',5),(77,16,'REACCION_ALERGICA','Reacción alérgica',6),(78,16,'ZIKA','Zika',7),(79,16,'OTROS','Otros',8),(80,17,'IMPORTADO','Importado',1),(81,17,'RELACIONADO_IMPORTACION','Relacionado a importación',2),(82,17,'FUENTE_DESCONOCIDA','Fuente desconocida',3),(83,17,'LOCAL_AUTOCTONO','Local o autóctono',4),(84,18,'PREVIO','Previo a la gestación actual',1),(85,18,'DURANTE','Durante la actual gestación',2),(86,19,'APN','Atención prenatal (APN)',1),(87,19,'PARTO','Trabajo de parto',2),(88,19,'PUERPERIO','Puerperio',3),(89,19,'POST_PUERPERIO','Posterior al puerperio',4),(90,19,'ABORTO','Por aborto',5),(91,20,'MINSA','MINSA',1),(92,20,'ESSALUD','EsSalud',2),(93,20,'FFAA_FFPP','FFAA/FFPP',3),(94,20,'PRIVADO','Privado',4),(95,20,'OTRO','Otro',5),(96,21,'AZT','AZT',1),(97,21,'AZT_NVP','AZT + NVP',2),(98,21,'OTRO','Otro',3),(99,22,'INFECTADO','Infectado por VIH',1),(100,22,'NO_INFECTADO','No infectado por VIH',2),(101,22,'INDETERMINADO','Estado indeterminado',3),(102,23,'SEGUIMIENTO','Continúa en seguimiento',1),(103,23,'FALLECIDO','Fallecido antes de poder determinar su estado',2),(104,23,'ABANDONO','Abandonó el seguimiento / seguimiento irregular',3),(105,23,'REFERIDO','Referido',4),(106,24,'ANALFABETA','Analfabeta',1),(107,24,'PRIMARIA','Primaria',2),(108,24,'SECUNDARIA','Secundaria',3),(109,24,'TECNICA','Técnica',4),(110,24,'UNIVERSITARIA','Universitaria',5),(111,25,'INFECCION_VIH','Infección por VIH',1),(112,25,'NINO_EXPUESTO','Niño nacido expuesto al VIH',2),(113,25,'NINO_EXPUESTO_NO_INFECTADO','Niño nacido expuesto, no infectado por VIH',3),(114,26,'ESTADIO_SIDA','Estadio SIDA',1),(115,26,'GESTANTE_VIH','Gestante con VIH',2),(116,26,'NINO_INFECTADO','Niño nacido expuesto, infectado por VIH',3),(117,26,'INICIO_TARGA','Inicio de TARGA',4),(118,26,'FALLECIDO','Fallecido con VIH o SIDA',5),(119,27,'ESTADIO_1','Estadio 1',1),(120,27,'ESTADIO_2','Estadio 2 (Avanzado)',2),(121,27,'ESTADIO_3','Estadio 3 (SIDA)',3),(122,27,'DESCONOCIDO','Desconocido',4),(123,28,'TRABAJADOR_SEXUAL','Trabajador(a) sexual',1),(124,28,'PRIVADO_LIBERTAD','Privado de libertad',2),(125,28,'UDI','Usuario de drogas inyectables',3),(126,28,'UDNI','Usuario de drogas no inyectables',4),(127,29,'MUJER','Mujer',1),(128,29,'HOMBRE','Hombre',2),(129,30,'FEMENINO','Femenino',1),(130,30,'MASCULINO','Masculino',2),(131,30,'TRANS_MF','Transgénero masculino a femenino',3),(132,30,'TRANS_FM','Transgénero femenino a masculino',4),(133,30,'OTRO','Otro',5),(134,30,'DESCONOCIDO','Desconocido',6),(135,31,'RS_HOMBRES','RS con hombres',1),(136,31,'RS_MUJERES','RS con mujeres',2),(137,31,'RS_AMBOS','RS con ambos sexos',3),(138,31,'DESCONOCIDO','Desconocido',4),(139,32,'SEXUAL_HETERO','Sexual: heterosexual',1),(140,32,'SEXUAL_HOMO','Sexual: homosexual',2),(141,32,'SEXUAL_BI','Sexual: bisexual',3),(142,32,'SEXUAL_ND','Sexual: no determinado',4),(143,32,'PARENTERAL_TRANSFUSION','Parenteral: transfusión de sangre y/o derivados',5),(144,32,'PARENTERAL_UDI','Parenteral: compartir agujas / UDI',6),(145,32,'PARENTERAL_ACCIDENTE','Parenteral: accidente con material contaminado',7),(146,32,'PARENTERAL_TRASPLANTE','Parenteral: trasplante de órganos o tejidos',8),(147,32,'PARENTERAL_ND','Parenteral: no determinado',9),(148,32,'VERTICAL','Madre-niño (vertical)',10),(149,32,'DESCONOCIDA','Desconocida',11),(150,33,'CD4','CD4',1),(151,33,'ENFERMEDAD_INDICADORA','Enfermedad indicadora',2),(152,34,'MATERNA','Sífilis materna',1),(153,34,'CONGENITA','Sífilis congénita',2),(154,35,'I1','I-1',1),(155,35,'I2','I-2',2),(156,35,'I3','I-3',3),(157,35,'I4','I-4',4),(158,35,'II1','II-1',5),(159,35,'II2','II-2',6),(160,35,'III1','III-1',7),(161,36,'REACTIVO','Reactivo',1),(162,36,'NO_REACTIVO','No reactivo',2),(163,36,'DESCONOCIDO','Desconocido',3),(164,37,'SIN_PENICILINA','Tratamiento sin penicilina',1),(165,37,'ULTIMOS_30_DIAS','Tratamiento durante los 30 días previos al parto',2),(166,37,'NO_INICIO','No inició tratamiento durante la gestación',3),(167,37,'INCOMPLETO','Tratamiento incompleto (1 ó 2 dosis)',4),(168,38,'PROBABLE','Probable',1),(169,38,'CONFIRMADO','Confirmado',2),(170,38,'DESCARTADO_FALSO_POSITIVO','Descartado (falso positivo)',3),(171,38,'DESCARTADO_MEMORIA','Descartado (sífilis memoria)',4),(172,39,'EESS','Establecimiento de salud',1),(173,39,'DOMICILIO','Domicilio',2),(174,40,'VIVO','Vivo',1),(175,40,'NACIO_VIVO_FALLECIO','Nació vivo, luego falleció',2),(176,40,'MORTINATO','Mortinato',3),(177,40,'ABORTO','Aborto',4),(178,41,'MADRE_SIN_TRATAMIENTO','Madre con sífilis que no recibió tratamiento o fue tratada inadecuadamente',1),(179,41,'TITULOS_4X','Títulos no treponémicos cuatro veces mayores que los de la madre',2),(180,41,'CLINICA_SUGESTIVA','Niño con manifestaciones clínicas sugestivas',3),(181,41,'TREPONEMA_DEMOSTRADO','Demostración de Treponema pallidum en lesiones, placenta, cordón o autopsia',4),(182,41,'MAYOR_2_ANOS','Niño mayor de 2 años con signos de sífilis secundaria, descartado abuso/contacto sexual',5),(183,42,'PENICILINA_10DIAS','Sí, con penicilina G sódica o procaínica por ≥10 días',1),(184,42,'PENICILINA_BENZATINICA','Sí, con penicilina benzatínica × 1 dosis',2),(185,42,'OTRO_TRATAMIENTO','Sí, con otro tratamiento',3),(186,42,'NO_RECIBIO','No recibió tratamiento',4),(187,42,'DESCONOCIDO','Desconocido',5),(188,43,'CONGENITA','Sífilis congénita',1),(189,43,'EXPUESTO_NO_INFECTADO','Niño expuesto a sífilis, no infectado',2),(190,44,'SI','Sí',1),(191,44,'NO','No',2),(192,44,'NO_RECUERDA','No recuerda',3),(193,45,'CATARATAS','Cataratas',1),(194,45,'GLAUCOMA_CONGENITO','Glaucoma congénito',2),(195,45,'RETINOPATIA_PIGMENTARIA','Retinopatía pigmentaria',3),(196,45,'MICROFTALMIA','Microftalmia',4),(197,45,'DEFICIT_AUDICION','Déficit de la audición',5),(198,45,'ESTENOSIS_PULMONAR','Estenosis periférica de arteria pulmonar',6),(199,45,'PERSISTENCIA_CONDUCTO','Persistencia del conducto arterioso',7),(200,45,'COMUNICACION_INTERAURICULAR','Comunicación interauricular',8),(201,45,'OTRA_CARDIOPATIA','Otra cardiopatía congénita',9),(202,45,'PURPURA','Púrpura',10),(203,45,'TROMBOCITOPENIA','Trombocitopenia',11),(204,45,'HEPATOMEGALIA','Hepatomegalia',12),(205,45,'ESPLENOMEGALIA','Esplenomegalia',13),(206,45,'MICROCEFALIA','Microcefalia',14),(207,45,'MENINGOENCEFALITIS','Meningoencefalitis',15),(208,45,'ENF_OSEA_RADIOTRANSPARENCIA','Enfermedad ósea de radiotransparencia',16),(209,45,'RETRASO_PSICOMOTOR','Retraso en el desarrollo psicomotor',17),(210,45,'ICTERICIA_24H','Ictericia (dentro de las 24 h del nacimiento)',18),(211,46,'SOSPECHOSO','Sospechoso',1),(212,46,'CONFIRMADO','Confirmado',2),(213,46,'DESCARTADO','Descartado',3),(214,46,'INFECCION_CONGENITA','Infección congénita por el virus de la rubéola',4),(215,47,'SEVERO','Severo',1),(216,47,'CONGLOMERADO','Conglomerado (leve-moderado)',2),(217,48,'URBANO','Urbano',1),(218,48,'PERIURBANO','Periurbano',2),(219,48,'RURAL','Rural',3),(220,49,'SI','Sí',1),(221,49,'NO','No',2),(222,49,'SIS','SIS',3),(223,49,'ESSALUD','EsSalud',4),(224,49,'PRIVADO','Privado',5),(225,50,'SIN_OCUPACION','Sin ocupación',1),(226,50,'ESTUDIANTE','Estudiante',2),(227,50,'COMERCIANTE','Comerciante',3),(228,50,'EMPLEADO','Empleado',4),(229,50,'PERSONAL_SALUD','Personal de salud',5),(230,50,'OTRO','Otro',6),(231,51,'ORAL','Oral',1),(232,51,'INTRADERMICA','Intradérmica',2),(233,51,'SUBCUTANEA','Subcutánea',3),(234,51,'INTRAMUSCULAR','Intramuscular',4),(235,52,'HOMBRO_D','Hombro derecho',1),(236,52,'HOMBRO_I','Hombro izquierdo',2),(237,52,'BRAZO_D','Brazo derecho',3),(238,52,'BRAZO_I','Brazo izquierdo',4),(239,52,'VASTO_D','Vasto externo de muslo derecho',5),(240,52,'VASTO_I','Vasto externo de muslo izquierdo',6),(241,52,'ORAL','Oral',7),(242,53,'CONVULSION','Convulsión',1),(243,53,'RUSH','Rush',2),(244,53,'PERDIDA_CONOCIMIENTO','Pérdida de conocimiento',3),(245,53,'OTRA','Otra',4),(246,54,'ALERGIA','Alergia',1),(247,54,'CONVULSION','Convulsión',2),(248,54,'ASMA','Asma',3),(249,54,'DIABETES','Diabetes',4),(250,54,'OBESIDAD','Obesidad',5),(251,54,'HTA','HTA',6),(252,54,'ENF_RENAL','Enf. renal',7),(253,54,'DANO_HEPATICO','Daño hepático',8),(254,54,'CANCER','Cáncer',9),(255,54,'ENF_PULMONAR','Enf. pulmonar',10),(256,54,'ENF_REUMATOLOGICA','Enf. reumatológica',11),(257,54,'ENF_CARDIOVASCULAR','Enf. cardiovascular',12),(258,54,'ENF_NEUROLOGICA','Enf. neurológica o neuromuscular',13),(259,54,'INMUNODEFICIENCIA','Inmunodeficiencia (incluye VIH)',14),(260,54,'OTRA','Otra',15),(261,55,'ALERGIA','Alergia',1),(262,55,'ASMA','Asma',2),(263,55,'URTICARIA','Urticaria',3),(264,55,'EPILEPSIA','Epilepsia',4),(265,55,'DIABETES','Diabetes',5),(266,55,'OBESIDAD','Obesidad',6),(267,55,'CANCER','Cáncer',7),(268,55,'CONVULSION_FEBRIL','Convulsión febril en la infancia',8),(269,55,'COVID19','COVID-19',9),(270,55,'TBC','TBC',10),(271,55,'HTA','HTA',11),(272,55,'ENF_CARDIOVASCULAR','Enf. cardiovascular',12),(273,55,'ENF_PULMONAR','Enf. pulmonar',13),(274,55,'ENF_REUMATOLOGICA','Enf. reumatológica',14),(275,55,'ENF_RENAL','Enf. renal',15),(276,55,'INMUNODEFICIENCIA','Inmunodeficiencia (incluye VIH)',16),(277,55,'OTRA','Otra',17),(278,56,'DENGUE','Dengue',1),(279,56,'MALARIA','Malaria',2),(280,56,'ZIKA','Zika',3),(281,56,'LEPTOSPIROSIS','Leptospirosis',4),(282,56,'BARTONELOSIS','Bartonelosis',5),(283,56,'RABIA','Rabia',6),(284,56,'OTRA','Otra',7),(285,57,'ABSCESO','Absceso en el sitio de inyección',1),(286,57,'LINFADENITIS','Linfadenitis supurativa',2),(287,57,'REACCION_LOCAL_SEVERA','Reacción local severa',3),(288,57,'LLANTO_PERSISTENTE','Llanto persistente (>3 horas)',4),(289,57,'CONVULSIONES','Convulsiones',5),(290,57,'SINDROME_HIPOTONICO','Síndrome hipotónico-hiporreactivo',6),(291,57,'REACCION_ALERGICA','Reacción alérgica',7),(292,57,'PURPURA_TROMBOCITOPENICA','Púrpura trombocitopénica',8),(293,57,'SINCOPE','Síncope o reacción vasovagal',9),(294,57,'PFA','Parálisis flácida aguda',10),(295,57,'ENCEFALOPATIAS','Encefalopatías',11),(296,57,'ENCEFALITIS','Encefalitis',12),(297,57,'MENINGITIS','Meningitis',13),(298,57,'OSTEITIS','Osteítis / osteomielitis',14),(299,57,'ARTRALGIA','Artralgia',15),(300,57,'SEPSIS','Sepsis',16),(301,57,'SHOCK_TOXICO','Síndrome de shock tóxico',17),(302,57,'OTROS_EVENTOS','Otros eventos severos e inusuales',18),(303,58,'MEJORADO','Mejorado',1),(304,58,'SECUELA','Secuela',2),(305,58,'FALLECIDO','Fallecido',3),(306,59,'NO_UBICABLE','Caso no ubicable',1),(307,59,'REHABILITACION','En rehabilitación',2),(308,59,'CONTROL_MEDICO','Requiere solo control médico',3),(309,59,'TX_QUIRURGICO','Requiere tratamiento quirúrgico',4),(310,59,'CONTROL_Y_QUIRURGICO','Requiere control médico y tratamiento quirúrgico',5),(311,59,'RECUPERADO_SIN_SECUELA','Recuperado sin secuela',6),(312,59,'RECUPERADO_CON_SECUELA','Recuperación con secuela',7),(313,59,'OTRO','Otro estudio final',8),(314,60,'RELACIONADA_VACUNA','Reacción relacionada a la vacuna',1),(315,60,'DEFECTO_CALIDAD','Reacción relacionada con un defecto en la calidad de la vacuna',2),(316,60,'ERROR_INMUNIZACION','Reacción relacionada con un error en la inmunización',3),(317,60,'ANSIEDAD_INMUNIZACION','Reacción relacionada con la ansiedad por la inmunización',4),(318,60,'COINCIDENTE','Eventos coincidentes',5),(319,60,'NO_CONCLUYENTE','Evento no concluyente',6),(320,61,'MINSA','MINSA',1),(321,61,'PNP','PNP',2),(322,61,'DEMUNAS','DEMUNAS',3),(323,61,'CMM','CMM',4),(324,61,'OTROS','Otros',5),(325,62,'HOSPITAL','Hospital',1),(326,62,'CENTRO_SALUD','Centro de salud',2),(327,63,'SOLTERO','Soltero(a)',1),(328,63,'CASADO','Casado(a)',2),(329,63,'CONVIVIENTE','Conviviente',3),(330,63,'SEPARADO','Separado(a)',4),(331,63,'DIVORCIADO','Divorciado(a)',5),(332,63,'VIUDO','Viudo(a)',6),(333,64,'ILETRADA','Iletrada',1),(334,64,'PRIMARIA','Primaria',2),(335,64,'SECUNDARIA','Secundaria',3),(336,64,'SUPERIOR','Superior',4),(337,65,'COMPLETA','Completa',1),(338,65,'INCOMPLETA','Incompleta',2),(339,66,'ESPOSO','Esposo(a)',1),(340,66,'CONVIVIENTE','Conviviente',2),(341,66,'HIJO','Hijo(a)',3),(342,66,'PADRE','Padre',4),(343,66,'MADRE','Madre',5),(344,66,'OTRO','Otro (especificar)',6),(345,67,'ECUANIME','Ecuánime',1),(346,67,'DROGAS','Efecto de drogas',2),(347,67,'ALCOHOL','Efecto de alcohol',3),(348,67,'AMBAS','Ambas',4),(349,68,'FISICA','Física',1),(350,68,'PSICOLOGICA','Psicológica',2),(351,68,'SEXUAL_FORZADA','Relaciones sexuales forzadas',3),(352,68,'ABANDONO','Abandono',4),(353,69,'PROPIO_CUERPO','Propio cuerpo',1),(354,69,'ARMA_BLANCA','Arma blanca',2),(355,69,'ARMA_FUEGO','Arma de fuego',3),(356,69,'OBJETO_CONTUNDENTE','Objeto contundente',4),(357,70,'FAMILIARES','Familiares',1),(358,70,'CELOS','Celos',2),(359,70,'ECONOMICOS','Económicos',3),(360,70,'LABORALES','Laborales',4),(361,70,'SIN_MOTIVO','Sin motivo',5),(362,70,'OTROS','Otros',6),(363,71,'CALLE','Calle',1),(364,71,'CASA','Casa',2),(365,71,'TRABAJO','Centro de trabajo',3),(366,71,'OTROS','Otros',4),(367,72,'ATENCION_MEDICA','Atención médica',1),(368,72,'ATENCION_PSICOLOGICA','Atención psicológica',2),(369,72,'DENUNCIA_JUDICIAL','Denuncia judicial',3),(370,72,'ASISTENCIA_SOCIAL','Asistencia social',4),(371,72,'DENUNCIA_POLICIAL','Denuncia policial',5),(372,72,'OTROS','Otros (especificar)',6),(373,73,'MINSA','Ministerio de Salud',1),(374,73,'POLICIA','Policía',2),(375,73,'ONG','ONG',3),(376,73,'MINISTERIO_PUBLICO','Ministerio Público',4),(377,73,'MEDICO_LEGAL','Médico legal',5),(378,73,'DEMUNA','DEMUNA',6),(379,73,'OTROS','Otros',7),(380,74,'SOAT','SOAT',1),(381,74,'MTC','MTC',2),(382,74,'PARTICULAR','Particular',3),(383,75,'ALTA','Alta',1),(384,75,'FALLECIDO','Fallecido',2),(385,75,'REFERIDO','Referido',3),(386,76,'CALLES_JIRONES','Calles/jirones',1),(387,76,'AVENIDAS','Avenidas',2),(388,76,'CARRETERAS','Carreteras',3),(389,76,'AUTOPISTAS','Autopistas / vía expresa',4),(390,76,'FLUVIAL','Fluvial',5),(391,76,'AEREO','Aéreo',6),(392,76,'MARITIMO','Marítimo',7),(393,77,'ATROPELLADO','Atropellado',1),(394,77,'CHOQUE','Choque',2),(395,77,'VOLCADURA','Volcadura',3),(396,77,'CAIDA_OCUPANTE','Caída de ocupante',4),(397,77,'OTRO','Otro',5),(398,78,'MOTOCICLETA','Motocicleta',1),(399,78,'MOTOCAR','Motocar',2),(400,78,'AUTOMOVIL','Automóvil',3),(401,78,'MICROBUS','Microbús',4),(402,78,'OMNIBUS','Ómnibus',5),(403,78,'CAMION_TRAILER','Camión/tráiler',6),(404,78,'TREN','Tren',7),(405,78,'BICICLETA','Bicicleta',8),(406,78,'CARRETA','Carreta',9),(407,78,'AVION','Avión',10),(408,78,'AVIONETA_HELICOPTERO','Avioneta/helicóptero',11),(409,78,'EMBARCACION_CON_MOTOR','Embarcación con motor',12),(410,78,'EMBARCACION_SIN_MOTOR','Embarcación sin motor',13),(411,79,'PASAJERO','Pasajero',1),(412,79,'CONDUCTOR','Conductor',2),(413,79,'PEATON','Peatón',3),(414,80,'OCASIONANTE','Ocasionante',1),(415,80,'FAMILIAR','Familiar',2),(416,80,'PROPIOS_MEDIOS','Propios medios',3),(417,80,'SERENAZGO','Serenazgo',4),(418,80,'PARTICULAR','Persona particular',5),(419,80,'POLICIA','Policía',6),(420,80,'BOMBERO','Bombero',7),(421,80,'AMBULANCIA','Ambulancia de servicio de salud',8),(422,81,'PARTICULAR','Particular',1),(423,81,'PUBLICO','Público',2),(424,81,'ESTATAL','Estatal',3),(425,81,'PRIVADO','Privado',4),(426,82,'SI','Sí',1),(427,82,'NO','No',2),(428,82,'NO_SE_SABE','No se sabe',3),(429,83,'RIMAC','Rímac',1),(430,83,'PACIFICO','Pacífico Seguros',2),(431,83,'LA_POSITIVA','La Positiva',3),(432,83,'GENERALI','Generali Perú',4),(433,83,'MAPFRE','Mapfre Perú',5),(434,83,'LATINO','Latino Seguros',6),(435,83,'OTRO','Otro',7),(436,84,'ACTIVA','Vigilancia activa',1),(437,84,'PASIVA','Vigilancia pasiva',2),(438,85,'IGSS_GOB_REGIONAL','IGSS/Gobierno Regional',1),(439,85,'ESSALUD','EsSalud',2),(440,85,'SANIDAD_FFAA_PNP','Sanidad de FFAA/PNP',3),(441,85,'PRIVADO','Privado',4),(442,85,'OTRA','Otra',5),(443,86,'EMBARAZO','Embarazo',1),(444,86,'PARTO','Parto',2),(445,86,'PUERPERIO','Puerperio',3),(446,86,'DESCONOCIDO','Desconocido',4),(447,87,'EESS_IGSS','EE.SS. IGSS/Gobierno Regional',1),(448,87,'EESS_ESSALUD','EE.SS. EsSalud',2),(449,87,'EESS_FFAA_PNP','EE.SS. Sanidad FFAA/PNP',3),(450,87,'EESS_PRIVADO','EE.SS. privado',4),(451,87,'TRAYECTO','Trayecto',5),(452,87,'DOMICILIO','Domicilio',6),(453,87,'OTRO','Otro',7),(454,88,'HEMORRAGIA','Hemorragia',1),(455,88,'HIPERTENSION_GESTACIONAL','Hipertensión gestacional',2),(456,88,'INFECCION_SEPSIS','Infección/Sepsis',3),(457,88,'OTRA','Otra causa',4),(458,89,'DIRECTA','Directa',1),(459,89,'INDIRECTA','Indirecta',2),(460,89,'INCIDENTAL','Incidental',3),(461,89,'POR_DETERMINAR','Por determinar',4),(462,90,'DIRECTA','Directa',1),(463,90,'INDIRECTA','Indirecta',2),(464,90,'INCIDENTAL','Incidental',3),(465,91,'ESPANOL','Español',1),(466,91,'QUECHUA','Quechua',2),(467,91,'AYMARA','Aymara',3),(468,91,'OTRA','Otra',4),(469,92,'NINGUNO','Ninguno',1),(470,92,'PRIMARIA_INCOMPLETA','Primaria incompleta',2),(471,92,'PRIMARIA_COMPLETA','Primaria completa',3),(472,92,'SECUNDARIA_INCOMPLETA','Secundaria incompleta',4),(473,92,'SECUNDARIA_COMPLETA','Secundaria completa',5),(474,92,'SUPERIOR_UNIVERSITARIA','Superior universitaria',6),(475,92,'SUPERIOR_TECNICA','Superior técnica',7),(476,92,'DESCONOCIDO','Desconocido',8),(477,93,'SOLTERA','Soltera',1),(478,93,'CASADA','Casada',2),(479,93,'CONVIVIENTE','Conviviente',3),(480,93,'DIVORCIADA','Divorciada',4),(481,93,'SEPARADA','Separada',5),(482,93,'VIUDA','Viuda',6),(483,93,'DESCONOCIDO','Desconocido',7),(484,94,'SIS','SIS',1),(485,94,'ESSALUD','EsSalud',2),(486,94,'PRIVADO','Privado',3),(487,94,'OTROS','Otros',4),(488,94,'NO_TIENE','No tiene seguro',5),(489,95,'NINGUNO','Ninguno',1),(490,95,'HTA_CRONICA','Hipertensión crónica',2),(491,95,'DIABETES','Diabetes mellitus',3),(492,95,'CARDIOPATIAS','Cardiopatías',4),(493,95,'ENF_RENAL','Enfermedad renal',5),(494,95,'NEOPLASIAS','Neoplasias',6),(495,95,'ENF_HEPATICA','Enfermedad hepática',7),(496,95,'TUBERCULOSIS','Tuberculosis',8),(497,95,'ITS_VIH_SIDA','ITS/VIH/SIDA',9),(498,95,'ALCOHOLISMO','Alcoholismo',10),(499,95,'DROGADICCION','Drogadicción',11),(500,95,'VIOLENCIA_GENERO','Violencia de género',12),(501,95,'TABAQUISMO','Tabaquismo',13),(502,95,'DESNUTRICION_CRONICA','Desnutrición crónica',14),(503,95,'OTRA','Otra',15),(504,95,'DESCONOCIDO','Desconocido',16),(505,96,'NO_USO','No usó',1),(506,96,'HORMONAL','Hormonal',2),(507,96,'DIU','DIU',3),(508,96,'BARRERA','Barrera',4),(509,96,'QUIRURGICO','Quirúrgico',5),(510,96,'ABSTINENCIA_PERIODICA','Abstinencia periódica',6),(511,96,'OTRO','Otro',7),(512,96,'DESCONOCIDO','Desconocido',8),(513,97,'GINECO_OBSTETRA','Méd. gineco-obstetra',1),(514,97,'INTENSIVISTA','Méd. intensivista',2),(515,97,'RESIDENTE','Méd. residente',3),(516,97,'MEDICO_GENERAL','Méd. general',4),(517,97,'OBSTETRA','Obstetra',5),(518,97,'ENFERMERA','Enfermera(o)',6),(519,97,'INTERNO','Interno',7),(520,97,'TECNICO','Técnico',8),(521,97,'PARTERA','Partera',9),(522,97,'FAMILIAR','Familiar',10),(523,97,'OTRO','Otro',11),(524,97,'DESCONOCIDO','Desconocido',12),(525,98,'HEMORRAGIA','Hemorragia',1),(526,98,'PREECLAMPSIA','Preeclampsia/Eclampsia',2),(527,98,'HELLP','Síndrome de HELLP',3),(528,98,'DIABETES_GESTACIONAL','Diabetes gestacional',4),(529,98,'ABORTO','Aborto',5),(530,98,'DESNUTRICION','Desnutrición',6),(531,98,'RPM','RPM más de 12 horas',7),(532,98,'ECTOPICO','Embarazo ectópico',8),(533,98,'ITU','Infección del tracto urinario',9),(534,98,'SEPSIS','Sepsis',10),(535,98,'OBITO_FETAL','Óbito fetal',11),(536,98,'ANEMIA','Anemia',12),(537,98,'OTRO','Otro',13),(538,99,'HEMORRAGIA','Hemorragia',1),(539,99,'PREECLAMPSIA','Preeclampsia/Eclampsia',2),(540,99,'HELLP','Síndrome de HELLP',3),(541,99,'TP_PROLONGADO','Trabajo de parto prolongado',4),(542,99,'PARTO_OBSTRUIDO','Parto obstruido',5),(543,99,'PARTO_DISTOCICO','Parto distócico',6),(544,99,'TP_PRECIPITADO','Trabajo de parto precipitado',7),(545,99,'ALUMBRAMIENTO_INCOMPLETO','Alumbramiento incompleto',8),(546,99,'OTRO','Otro',9),(547,100,'HEMORRAGIA','Hemorragia',1),(548,100,'ATONIA_UTERINA','Atonía uterina',2),(549,100,'PREECLAMPSIA','Preeclampsia/Eclampsia',3),(550,100,'HELLP','Síndrome de HELLP',4),(551,100,'SEPSIS','Sepsis',5),(552,100,'ENDOMETRITIS','Endometritis',6),(553,100,'RETENCION_RESTOS','Retención de restos placentarios',7),(554,100,'DEPRESION_POSPARTO','Depresión posparto',8),(555,100,'OTRO','Otro',9),(556,101,'DOMICILIO','Domicilio',1),(557,101,'EESS','En EE.SS.',2),(558,101,'OTRO','Otro',3),(559,101,'NO_APLICA','No aplica',4),(560,102,'VAGINAL','Vaginal',1),(561,102,'CESAREA','Cesárea',2),(562,102,'INSTRUMENTADO','Instrumentado',3),(563,102,'DESCONOCIDO','Desconocido',4),(564,102,'NO_APLICA','No aplica',5),(565,103,'ELLA_MISMA','Ella misma',1),(566,103,'PAREJA','Pareja',2),(567,103,'FAMILIAR','Familiar',3),(568,103,'OTRO','Otro',4),(569,104,'INACCESIBILIDAD_GEOGRAFICA','Inaccesibilidad geográfica',1),(570,104,'DISTANCIA','Distancia',2),(571,104,'TRANSPORTE','Transporte',3),(572,104,'CREENCIAS','Creencias/costumbres',4),(573,104,'OTRO','Otro',5),(574,105,'ECONOMICAS','Económicas',1),(575,105,'IDIOMA','Idioma',2),(576,105,'ADMINISTRATIVAS','Administrativas/trámites',3),(577,105,'DEMORA_ATENCION','Demora en la atención',4),(578,105,'MALA_ATENCION','Mala atención',5),(579,105,'OTRO','Otro',6),(580,106,'MADRE','Madre',1),(581,106,'PADRE','Padre',2),(582,106,'PAREJA','Pareja',3),(583,106,'FAMILIAR','Familiar',4),(584,106,'PARTERA','Partera',5),(585,106,'VECINO','Vecino',6),(586,106,'OTRO','Otro',7),(587,107,'SANGRADO','Sangrado',1),(588,107,'PERDIDA_LIQUIDO','Pérdida de líquido',2),(589,107,'DOLOR','Dolor',3),(590,107,'ALZA_TERMICA','Sensación de alza térmica',4),(591,107,'NAUSEAS_VOMITOS','Náuseas y vómitos',5),(592,107,'CONVULSIONES','Convulsiones',6),(593,107,'DEBILIDAD','Debilidad',7),(594,107,'ANSIEDAD','Ansiedad',8),(595,107,'ALTERACION_CONCIENCIA','Pérdida o alteración del estado de conciencia',9),(596,107,'CEFALEA','Cefalea',10),(597,107,'OTRO','Otro',11),(598,108,'NO_SE_USO','No se usó',1),(599,108,'MANTEO','Manteo',2),(600,108,'ACOMODO','Acomodo',3),(601,108,'MASAJES','Masajes',4),(602,108,'OTRO','Otro',5),(603,109,'PUESTO_SALUD','Puesto de salud',1),(604,109,'CENTRO_SALUD','Centro de salud',2),(605,109,'HOSPITAL','Hospital',3),(606,110,'IDENTIFICACION_PROBLEMA','En la identificación del problema',1),(607,110,'DECISION_BUSCAR_AYUDA','En la decisión de buscar ayuda',2),(608,110,'ACCEDER_SERVICIOS','En acceder a los servicios de salud',3),(609,110,'RECIBIR_TRATAMIENTO','En recibir tratamiento adecuado y oportuno',4),(610,111,'FETAL','Fetal',1),(611,111,'NEONATAL','Neonatal',2),(612,112,'PI','PI - Parto institucional',1),(613,112,'PD','PD - Parto domiciliario',2),(614,113,'ANTEPARTO','Anteparto',1),(615,113,'INTRAPARTO','Intraparto',2),(616,113,'POSTPARTO','Post-parto',3),(617,114,'ES','ES - Establecimiento de salud',1),(618,114,'CC','CC - Comunidad',2),(619,115,'I','I trimestre',1),(620,115,'II','II trimestre',2),(621,115,'III','III trimestre',3),(622,116,'CANO_CASA','Caño dentro de su casa',1),(623,116,'CANO_PUBLICO','Caño público',2),(624,116,'POZO','Pozo',3),(625,116,'RIO','Río',4),(626,116,'PUQUIAL','Puquial (manantial)',5),(627,116,'CAMION_CISTERNA','Camión cisterna',6),(628,116,'EMBOTELLADA','Embotellada',7),(629,116,'OTRO','Otro',8),(630,117,'TANQUE_ELEVADO','Tanque elevado',1),(631,117,'CILINDRO','Cilindro',2),(632,117,'TANQUE_BAJO','Tanque bajo',3),(633,117,'OTRO','Otro',4),(634,118,'CASA','Solo preparados en casa',1),(635,118,'RESTAURANTE','Restaurante',2),(636,118,'AMBULANTE','Ambulante',3),(637,118,'PENSION','Pensión',4),(638,118,'MERCADO','Mercado',5),(639,118,'OTRO','Otro',6),(640,119,'BIBERON','Ingiere leche en biberón',1),(641,119,'IGUAL_ADULTOS','Consume los mismos alimentos que los adultos',2),(642,119,'LACTANCIA','Recibe lactancia materna',3),(643,120,'RED_DENTRO','Red pública dentro de la vivienda',1),(644,120,'RED_FUERA','Red pública fuera de la vivienda',2),(645,120,'POZO_LETRINA','Pozo negro/ciego/letrina',3),(646,120,'SIN_SERVICIO','Sin servicio',4),(647,120,'OTRO','Otro',5),(648,121,'DIARREA','Diarrea',1),(649,121,'DOLOR_ABDOMINAL','Dolor abdominal',2),(650,121,'NAUSEAS','Náuseas',3),(651,121,'VOMITOS','Vómitos',4),(652,121,'ARTRALGIAS','Artralgias',5),(653,121,'FIEBRE','Fiebre',6),(654,121,'CEFALEA','Cefalea',7),(655,121,'MALESTAR_GENERAL','Malestar general',8),(656,121,'CALAMBRES','Calambres',9),(657,122,'ACUOSA','Acuosa o líquida',1),(658,122,'GRUMOSA','Grumosa',2),(659,122,'PASTOSA','Pastosa',3),(660,123,'ACUOSA','EDA acuosa',1),(661,123,'DISENTERICA','EDA disentérica',2),(662,123,'PERSISTENTE','EDA persistente',3),(663,124,'MOCO','Moco',1),(664,124,'SANGRE','Sangre',2),(665,124,'MOCO_SANGRE','Moco y sangre',3),(666,125,'SIN','Sin deshidratación',1),(667,125,'LEVE','Con deshidratación leve',2),(668,125,'MODERADA','Con deshidratación moderada',3),(669,125,'GRAVE','Con deshidratación grave',4),(670,125,'SHOCK','Shock',5),(671,126,'A','Plan A',1),(672,126,'B','Plan B',2),(673,126,'C','Plan C',3),(674,127,'SHOCK_HIPOVOLEMICO','Shock hipovolémico',1),(675,127,'ACIDOSIS','Acidosis',2),(676,127,'INSUFICIENCIA_RENAL','Insuficiencia renal',3),(677,127,'EDEMA_PULMON','Edema agudo de pulmón',4),(678,128,'HOSPITALIZACION','Para hospitalización',1),(679,128,'DIALISIS','Para diálisis',2),(680,129,'SOSPECHOSO','Sospechoso',1),(681,129,'PROBABLE','Probable',2),(682,129,'CONFIRMADO','Confirmado',3),(683,129,'COMPATIBLE','Compatible',4),(684,129,'DESCARTADO','Descartado',5),(685,130,'UNICA','Única',1),(686,130,'MULTIPLE','Múltiple',2),(687,131,'SUPERFICIAL','Superficial',1),(688,131,'PROFUNDA','Profunda',2),(689,132,'FIEBRE','Fiebre',1),(690,132,'TRISMUS','Trismus (no succiona)',2),(691,132,'RISA_SARDONICA','Risa sardónica',3),(692,132,'CONVULSIONES','Convulsiones (espasmos)',4),(693,132,'OPISTOTONOS','Opistótonos',5),(694,132,'ONFALITIS','Onfalitis',6),(695,132,'ICTERICIA','Ictericia',7),(696,133,'MEDICO','Médico',1),(697,133,'ENFERMERA','Enfermera',2),(698,133,'TECNICO_SANITARIO','Técnico sanitario',3),(699,133,'OTRO','Otro',4),(700,134,'CONFIRMADO','Confirmado',1),(701,134,'DESCARTADO','Descartado',2),(702,135,'MSD','Miembro superior derecho',1),(703,135,'MSI','Miembro superior izquierdo',2),(704,135,'MID','Miembro inferior derecho',3),(705,135,'MII','Miembro inferior izquierdo',4),(706,135,'MUSCULOS_CERVICALES','Músculos cervicales',5),(707,135,'MUSCULOS_RESPIRATORIOS','Músculos respiratorios',6),(708,135,'PARES_CRANEALES','Pares craneales',7),(709,136,'PARESIA','Paresia (parálisis parcial)',1),(710,136,'PARALISIS','Parálisis (completa)',2),(711,137,'DISMINUIDO','Disminuido',1),(712,137,'AUSENTE','Ausente',2),(713,137,'NORMAL','Normal',3),(714,137,'IGNORADO','Ignorado',4),(715,138,'CONFIRMADO','Poliomielitis confirmada',1),(716,138,'COMPATIBLE','Compatible',2),(717,138,'DESCARTADO','Descartado (no polio)',3),(718,139,'CON_SECUELA','Con secuela',1),(719,139,'SIN_SECUELA','Sin secuela',2),(720,139,'FALLECIDO','Fallecido',3),(721,139,'PERDIDO','Perdido de seguimiento',4),(722,139,'NO_EVALUADO','No evaluado',5),(723,4,'MEMBRANA','Membrana',100),(724,140,'SI','Sí',1),(725,140,'NO','No',2),(726,140,'IGNORADO','Ignorado',3),(727,141,'ANTIBIOTICO','Antibiótico',1),(728,141,'ANTITOXINA','Antitoxina',2),(729,142,'RECUPERADO','Recuperado',1),(730,142,'REFERIDO','Referido',2),(731,142,'FALLECIO','Falleció',3),(732,142,'CON_SECUELA','Con secuela',4),(736,144,'SI','Sí',1),(737,144,'NO','No',2),(738,144,'IGNORADO','Ignorado',3),(739,145,'SI','Sí',1),(740,145,'NO','No',2),(741,145,'DESCONOCIDO','Desconocido',3),(742,146,'ALTA_RECUPERADO','Alta / Recuperado',1),(743,146,'FALLECIDO','Fallecido',2),(1433,269,'CARDIACAS','Cardíacas',1),(1434,269,'NEUROLOGICAS','Neurológicas',2),(1435,269,'OTROS','Otros',3),(2143,389,'DEFINICION_DE_CASOS','Definición de casos',1),(2144,389,'VIGILANCIA_CENTINELA','Vigilancia centinela',2),(2145,389,'VIGILANCIA_DE_FEBRILES','Vigilancia de febriles',3),(2146,390,'ARTRALGIAS_MANOS','Artralgias (manos)',1),(2147,390,'ARTRALGIAS_PIES','Artralgias (pies)',2),(2148,390,'MIALGIAS','Mialgias',3),(2149,390,'CEFALEA','Cefalea',4),(2150,390,'DOLOR_OCULAR_O_RETROOCULAR','Dolor ocular o retroocular',5),(2151,390,'DOLOR_LUMBAR','Dolor lumbar',6),(2152,390,'RASH_EXANTEMA','Rash/exantema',7),(2153,390,'CONJUNTIVITIS_NO_PURULENTA_OJOS_ROJOS','Conjuntivitis no purulenta (ojos rojos)',8),(2154,390,'NAUSEAS_VOMITOS','Náuseas/vómitos',9),(2155,390,'OTROS','Otros',10),(2156,391,'DOLOR_ABDOMINAL_INTENSO_Y_CONTINUO','Dolor abdominal intenso y continuo',1),(2157,391,'DOLOR_TORACICO_O_DISNEA','Dolor torácico o disnea',2),(2158,391,'DERRAME_SEROSO_ASCITIS_O_DERRAME_PLEURAL_O_PERICARDICO','Derrame seroso (ascitis o derrame pleural o pericárdico)',3),(2159,391,'VOMITOS_PERSISTENTES','Vómitos persistentes',4),(2160,391,'DISMINUCION_BRUSCA_DE_LA_TEMPERATURA_O_HIPOTERMIA','Disminución brusca de la temperatura o hipotermia',5),(2161,391,'DISMINUCION_DE_LA_DIURESIS','Disminución de la diuresis',6),(2162,391,'HEPATOMEGALIA','Hepatomegalia',7),(2163,391,'ICTERICIA','Ictericia',8),(2164,391,'ESTADO_MENTAL_ALTERADO_SOMNOLENCIA_INQUIETUD_IRRITABILIDAD_O','Estado mental alterado (somnolencia, inquietud, irritabilidad o convulsión)',9),(2165,391,'INCREMENTO_DEL_HEMATOCRITO','Incremento del hematocrito',10),(2166,392,'PULSO_DEBIL_E_INDETECTABLE','Pulso débil e indetectable',1),(2167,392,'EXTREMIDADES_FRIAS_O_CIANOTICAS','Extremidades frías o cianóticas',2),(2168,392,'DIFERENCIAL_DE_PRESION_ARTERIAL_20_MMHG','Diferencial de Presión Arterial ≤20 mmHg',3),(2169,392,'COMPROMISO_GRAVE_DE_ORGANOS','Compromiso grave de órganos',4),(2170,392,'SANGRADO_GRAVE','Sangrado grave',5),(2171,393,'DENGUE_SIN_SIGNOS_DE_ALARMA_PROBABLE','Dengue sin signos de alarma - Probable',1),(2172,393,'DENGUE_SIN_SIGNOS_DE_ALARMA_CONFIRMADO','Dengue sin signos de alarma - Confirmado',2),(2173,393,'DENGUE_SIN_SIGNOS_DE_ALARMA_DESCARTADO','Dengue sin signos de alarma - Descartado',3),(2174,393,'DENGUE_CON_SIGNOS_DE_ALARMA_PROBABLE','Dengue con signos de alarma - Probable',4),(2175,393,'DENGUE_CON_SIGNOS_DE_ALARMA_CONFIRMADO','Dengue con signos de alarma - Confirmado',5),(2176,393,'DENGUE_CON_SIGNOS_DE_ALARMA_DESCARTADO','Dengue con signos de alarma - Descartado',6),(2177,393,'DENGUE_GRAVE_PROBABLE','Dengue grave - Probable',7),(2178,393,'DENGUE_GRAVE_CONFIRMADO','Dengue grave - Confirmado',8),(2179,393,'DENGUE_GRAVE_DESCARTADO','Dengue grave - Descartado',9),(2180,393,'CHIKUNGUNYA_PROBABLE','Chikungunya - Probable',10),(2181,393,'CHIKUNGUNYA_CONFIRMADO','Chikungunya - Confirmado',11),(2182,393,'CHIKUNGUNYA_DESCARTADO','Chikungunya - Descartado',12),(2183,393,'CHIKUNGUNYA_GRAVE_PROBABLE','Chikungunya grave - Probable',13),(2184,393,'CHIKUNGUNYA_GRAVE_CONFIRMADO','Chikungunya grave - Confirmado',14),(2185,393,'CHIKUNGUNYA_GRAVE_DESCARTADO','Chikungunya grave - Descartado',15),(2186,393,'ZIKA_SOSPECHOSO','Zika - Sospechoso',16),(2187,393,'ZIKA_CONFIRMADO','Zika - Confirmado',17),(2188,393,'ZIKA_DESCARTADO','Zika - Descartado',18),(2189,393,'OTRAS_ARBOVIROSIS_PROBABLE','Otras arbovirosis - Probable',19),(2190,393,'OTRAS_ARBOVIROSIS_CONFIRMADO','Otras arbovirosis - Confirmado',20),(2191,393,'OTRAS_ARBOVIROSIS_DESCARTADO','Otras arbovirosis - Descartado',21),(2192,393,'FIEBRE_AMARILLA_SINDROME_FEBRIL_PROBABLE','Fiebre amarilla (síndrome febril) - Probable',22),(2193,393,'FIEBRE_AMARILLA_SINDROME_FEBRIL_CONFIRMADO','Fiebre amarilla (síndrome febril) - Confirmado',23),(2194,393,'FIEBRE_AMARILLA_SINDROME_FEBRIL_DESCARTADO','Fiebre amarilla (síndrome febril) - Descartado',24),(2195,394,'PROBABLE','Probable',1),(2196,394,'CONFIRMADO_POR_LABORATORIO','Confirmado por laboratorio',2),(2197,394,'CONFIRMADO_POR_NEXO_EPIDEMIOLOGICO','Confirmado por nexo epidemiológico',3),(2198,394,'DESCARTADO','Descartado',4),(2199,395,'MACULA','Mácula',1),(2200,395,'PAPULA','Pápula',2),(2201,395,'VESICULA','Vesícula',3),(2202,395,'COSTRA','Costra',4),(2203,396,'SOBREINFECCION_DE_PIEL_Y_PARTES_BLANDAS','Sobreinfección de piel y partes blandas',1),(2204,396,'NEUROLOGICAS','Neurológicas',2),(2205,396,'RESPIRATORIAS','Respiratorias',3),(2206,396,'HEMORRAGICAS','Hemorrágicas',4),(2207,396,'OTRAS','Otras',5),(2208,397,'INMUNOSUPRESION','Inmunosupresión',1),(2209,397,'ASMA','Asma',2),(2210,397,'CANCER','Cáncer',3),(2211,397,'MALFORMACION_CONGENITA','Malformación congénita',4),(2212,397,'GESTANTE','Gestante',5),(2213,397,'ENF_REUMATOLOGICA','Enf. reumatológica',6),(2214,397,'ENF_CARDIACA','Enf. cardíaca',7),(2215,397,'DESORDENES_METABOLICOS','Desórdenes metabólicos',8),(2216,397,'OTRAS','Otras',9),(2217,398,'ALTA_MEDICA','Alta médica',1),(2218,398,'ALTA_VOLUNTARIA','Alta voluntaria',2),(2219,398,'REFERIDO','Referido',3),(2220,398,'FALLECIDO','Fallecido',4),(2221,399,'UNILATERAL','Unilateral',1),(2222,399,'BILATERAL','Bilateral',2),(2223,400,'I','I',1),(2224,400,'II','II',2),(2225,400,'III','III',3),(2226,401,'EN_LOS_LUGARES_VISITADOS_POR_EL_PACIENTE','En los lugares visitados por el paciente',1),(2227,401,'EN_SU_COMUNIDAD','En su comunidad',2),(2228,401,'EN_SU_CASA','En su casa',3),(2229,401,'EPIZOOTIAS','Epizootias',4),(2230,402,'LABORATORIO','Laboratorio',1),(2231,402,'ANATOMIA_PATOLOGICA','Anatomía patológica',2),(2232,402,'CLINICA','Clínica',3),(2233,403,'AGRICULTURA','Agricultura',1),(2234,403,'EXTRACCION_DE_MADERA','Extracción de Madera',2),(2235,403,'EXTRACCION_DE_ORO','Extracción de oro',3),(2236,403,'ESTUDIANTE','Estudiante',4),(2237,403,'INDUSTRIA_PETROLERA','Industria petrolera',5),(2238,403,'COMERCIANTE','Comerciante',6),(2239,403,'FUERZAS_ARMADAS','Fuerzas Armadas',7),(2240,403,'BIOLOGO_INVESTIGACION','Biólogo/Investigación',8),(2241,403,'TURISMO','Turismo',9),(2242,403,'SU_CASA','Su casa',10),(2243,403,'OTROS','Otros',11),(2244,404,'DOLOR_EN_LA_LESION','Dolor en la lesión',1),(2245,404,'FIEBRE','Fiebre',2),(2246,404,'PRURITO_LOCAL','Prurito local',3),(2247,404,'TUPIDEZ_NASAL','Tupidez nasal',4),(2248,404,'DISFONIA_LEVE','Disfonía leve',5),(2249,404,'DISFONIA_MODERADA','Disfonía moderada',6),(2250,404,'DISFONIA_GRAVE','Disfonía grave',7),(2251,404,'DIFICULTAD_RESPIRATORIA_LEVE','Dificultad respiratoria leve',8),(2252,404,'DIFICULTAD_RESPIRATORIA_MODERADA','Dificultad respiratoria moderada',9),(2253,404,'DIFICULTAD_RESPIRATORIA_SEVERA','Dificultad respiratoria severa',10),(2254,404,'TOS','Tos',11),(2255,404,'PERDIDA_DE_PESO','Pérdida de peso',12),(2256,405,'TBC','TBC',1),(2257,405,'VIH','VIH',2),(2258,405,'ENFERMEDAD_DE_CHAGAS','Enfermedad de Chagas',3),(2259,405,'OTRAS','Otras',4),(2260,406,'HEPATOMEGALIA','Hepatomegalia',1),(2261,406,'ESPLENOMEGALIA','Esplenomegalia',2),(2262,406,'ADENOMEGALIA','Adenomegalia',3),(2263,406,'ANEMIA','Anemia',4),(2264,406,'PERDIDA_DE_PESO','Pérdida de peso',5),(2265,406,'ANOREXIA','Anorexia',6),(2266,406,'ADENOPATIAS','Adenopatías',7),(2267,406,'EPISTAXIS','Epistaxis',8),(2268,406,'HEMORRAGIA_GINGIVAL','Hemorragia gingival',9),(2269,406,'DEBILIDAD_PROGRESIVA','Debilidad progresiva',10),(2270,406,'DESNUTRICION','Desnutrición',11),(2271,406,'EDEMA','Edema',12),(2272,406,'ALTERACIONES_DE_LA_PIEL','Alteraciones de la piel',13),(2273,406,'ASCITIS','Ascitis',14),(2274,407,'CUTANEA','Cutánea',1),(2275,407,'MUCOSA','Mucosa',2),(2276,407,'VISCERAL','Visceral',3),(2277,408,'PRIMER_EPISODIO','Primer episodio',1),(2278,408,'REINFECCION','Reinfección',2),(2279,408,'RECAIDA','Recaída',3),(2280,408,'FALLA_AL_TRATAMIENTO','Falla al tratamiento',4),(2281,409,'ADECUADO','Adecuado',1),(2282,409,'INADECUADO','Inadecuado',2),(2283,410,'VECTORIAL','Vectorial',1),(2284,410,'TRANSFUSIONAL','Transfusional',2),(2285,410,'VERTICAL','Vertical',3),(2286,411,'SINTOMATICO','Sintomático',1),(2287,411,'ASINTOMATICO','Asintomático',2),(2288,412,'FIEBRE','Fiebre',1),(2289,412,'HEPATOMEGALIA','Hepatomegalia',2),(2290,412,'ESPLENOMEGALIA','Esplenomegalia',3),(2291,412,'MIOCARDITIS','Miocarditis',4),(2292,412,'MIALGIAS','Mialgias',5),(2293,412,'MENINGOENCEFALITIS','Meningoencefalitis',6),(2294,412,'CHAGOMA_DE_INOCULACION','Chagoma de inoculación',7),(2295,412,'SIGNO_DE_ROMANA','Signo de Romaña',8),(2296,412,'MALESTAR_GENERAL','Malestar general',9),(2297,413,'PALPITACIONES','Palpitaciones',1),(2298,413,'DISFAGIA','Disfagia',2),(2299,413,'EDEMA','Edema',3),(2300,413,'ARRITMIA','Arritmia',4),(2301,413,'REGURGITACION','Regurgitación',5),(2302,413,'SOPLO','Soplo',6),(2303,413,'DOLOR_PRECORDIAL','Dolor precordial',7),(2304,413,'TAQUICARDIA','Taquicardia',8),(2305,413,'TOS','Tos',9),(2306,413,'HEPATOMEGALIA','Hepatomegalia',10),(2307,413,'DISNEA','Disnea',11),(2308,413,'ODINOFAGIA','Odinofagia',12),(2309,414,'CHAGAS_AGUDO_CONFIRMADO','Chagas agudo - confirmado',1),(2310,414,'CHAGAS_CRONICO_CONFIRMADO','Chagas crónico - confirmado',2),(2311,414,'CHAGAS_CONGENITO_CONFIRMADO','Chagas congénito - confirmado',3),(2312,414,'CHAGAS_AGUDO_DESCARTADO','Chagas agudo - descartado',4),(2313,414,'CHAGAS_CRONICO_DESCARTADO','Chagas crónico - descartado',5),(2314,414,'CHAGAS_CONGENITO_DESCARTADO','Chagas congénito - descartado',6),(2315,415,'FIEBRE','Fiebre',1),(2316,415,'PALIDEZ','Palidez',2),(2317,415,'CEFALEA','Cefalea',3),(2318,415,'MALESTAR_GENERAL','Malestar general',4),(2319,415,'MIALGIAS','Mialgias',5),(2320,415,'DOLOR_ARTICULAR','Dolor articular',6),(2321,415,'ASTENIA','Astenia',7),(2322,415,'PRURITO','Prurito',8),(2323,415,'PETEQUIAS','Petequias',9),(2324,415,'EQUIMOSIS','Equimosis',10),(2325,415,'ESCALOFRIOS','Escalofríos',11),(2326,415,'MAREOS','Mareos',12),(2327,415,'VERRUGAS','Verrugas',13),(2328,415,'LUMBALGIA','Lumbalgia',14),(2329,415,'NAUSEAS','Náuseas',15),(2330,415,'VOMITOS','Vómitos',16),(2331,415,'HIPOREXIA','Hiporexia',17),(2332,415,'DOLOR_ABDOMINAL','Dolor abdominal',18),(2333,415,'HEMATOQUESIA','Hematoquesia',19),(2334,415,'MELENA','Melena',20),(2335,415,'DIARREA','Diarrea',21),(2336,415,'ICTERICIA','Ictericia',22),(2337,415,'DISURIA','Disuria',23),(2338,415,'POLAQUIURIA','Polaquiuria',24),(2339,415,'COLURIA','Coluria',25),(2340,415,'EPIGASTRALGIA','Epigastralgia',26),(2341,415,'SOMNOLENCIA','Somnolencia',27),(2342,415,'POLIPNEA','Polipnea',28),(2343,415,'TOS','Tos',29),(2344,415,'EXPECTORACION','Expectoración',30),(2345,415,'DOLOR_TORACICO','Dolor torácico',31),(2346,415,'DISNEA','Disnea',32),(2347,415,'CIANOSIS','Cianosis',33),(2348,415,'CONVULSIONES','Convulsiones',34),(2349,415,'INYECCION_CONJUNTIVAL','Inyección conjuntival',35),(2350,415,'EPISTAXIS','Epistaxis',36),(2351,415,'CONGESTION_FARINGEA','Congestión faríngea',37),(2352,415,'ODINOFAGIA','Odinofagia',38),(2353,415,'FOTOFOBIA','Fotofobia',39),(2354,415,'EXCITACION_PSICOMOTRIZ','Excitación psicomotriz',40),(2355,416,'LUCIDO','Lúcido',1),(2356,416,'ORIENTADO_EN_TIEMPO','Orientado en tiempo',2),(2357,416,'ORIENTADO_EN_ESPACIO','Orientado en espacio',3),(2358,416,'ORIENTADO_EN_PERSONA','Orientado en persona',4),(2359,417,'LEVE','Leve',1),(2360,417,'MODERADA','Moderada',2),(2361,417,'SEVERA','Severa',3),(2362,418,'MIEMBROS_INFERIORES','Miembros inferiores',1),(2363,418,'MIEMBROS_SUPERIORES','Miembros superiores',2),(2364,418,'PALPEBRAL','Palpebral',3),(2365,418,'LUMBOSACRO','Lumbosacro',4),(2366,418,'OTRO','Otro',5),(2367,419,'PENICILINA','Penicilina',1),(2368,419,'CLORANFENICOL','Cloranfenicol',2),(2369,419,'RIFAMPICINA','Rifampicina',3),(2370,419,'CIPROFLOXACINA','Ciprofloxacina',4),(2371,419,'ERITROMICINA','Eritromicina',5),(2372,419,'COTRIMOXAZOL','Cotrimoxazol',6),(2373,419,'CEFTRIAXONA','Ceftriaxona',7),(2374,419,'OTROS','Otros',8),(2375,420,'CURADO','Curado',1),(2376,420,'MEJORADO','Mejorado',2),(2377,420,'TRANSFERIDO','Transferido',3),(2378,420,'ALTA_VOLUNTARIA','Alta voluntaria',4),(2379,420,'FALLECIDO','Fallecido',5),(2380,421,'HSH','HSH',1),(2381,421,'MUJER_TRANSGENERO','Mujer transgénero',2),(2382,421,'TRABAJADOR_A_SEXUAL','Trabajador(a) sexual',3),(2383,421,'PRIVADO_DE_LA_LIBERTAD','Privado de la libertad',4),(2384,421,'PERSONAL_DE_SALUD','Personal de salud',5),(2385,421,'OTRO','Otro',6),(2386,422,'HETEROSEXUAL','Heterosexual',1),(2387,422,'BISEXUAL','Bisexual',2),(2388,422,'HOMOSEXUAL','Homosexual',3),(2389,422,'OTRA','Otra',4),(2390,423,'DISCOTECA','Discoteca',1),(2391,423,'SAUNA','Sauna',2),(2392,423,'BAR','Bar',3),(2393,423,'CLUB_SEXUAL','Club sexual',4),(2394,423,'EVENTO_MASIVO','Evento masivo',5),(2395,423,'FIESTA','Fiesta',6),(2396,423,'EE_SS','EE.SS.',7),(2397,423,'OTRO','Otro',8),(2398,423,'NINGUNO','Ninguno',9),(2399,424,'TUVO_RELACIONES_SEXUALES_CON_DESCONOCIDO_A_O_PAREJAS_MULTIPL','Tuvo relaciones sexuales con desconocido(a) o parejas múltiples',1),(2400,424,'TUVO_RELACIONES_SEXUALES_CON_TRABAJADOR_A_SEXUAL','Tuvo relaciones sexuales con trabajador(a) sexual',2),(2401,424,'TUVO_RELACIONES_SEXUALES_CON_SU_PAREJA_CON_EXANTEMA_O_LESION','Tuvo relaciones sexuales con su pareja (con exantema o lesiones)',3),(2402,424,'TUVO_RELACIONES_SEXUALES_CON_SU_PAREJA_SIN_MOLESTIAS_CLINICA','Tuvo relaciones sexuales con su pareja (sin molestias clínicas)',4),(2403,424,'TUVO_CONTACTO_CON_PERSONAS_CON_EXANTEMAS_O_LESIONES_EN_PIEL','Tuvo contacto con personas con exantemas o lesiones en piel',5),(2404,424,'BRINDO_CUIDADOS_DE_UN_CASO_PROBABLE_O_CONFIRMADO_DE_VM_EN_DO','Brindó cuidados de un caso probable o confirmado de VM en domicilio',6),(2405,424,'EN_EE_SS_MANIPULO_MATERIAL_CONTAMINADO_DE_CASO_PROBABLE_O_CO','En EE.SS. manipuló material contaminado de caso probable o confirmado VM',7),(2406,424,'SE_REALIZO_ALGUN_PROCEDIMIENTO_MEDICO_O_DE_LABORATORIO','Se realizó algún procedimiento médico o de laboratorio',8),(2407,424,'SE_REALIZO_UN_TATUAJE_PIERCING_O_ACUPUNTURA','Se realizó un tatuaje, piercing o acupuntura',9),(2408,424,'COMPARTIO_JERINGAS_POR_USO_DE_SUSTANCIAS_PSICOACTIVAS_ENDOVE','Compartió jeringas por uso de sustancias psicoactivas endovenosas',10),(2409,424,'OTROS','Otros',11),(2410,424,'NINGUNO','Ninguno',12),(2411,425,'PERRO','Perro',1),(2412,425,'GATO','Gato',2),(2413,425,'MONO','Mono',3),(2414,425,'AVES','Aves',4),(2415,425,'ROEDORES','Roedores',5),(2416,425,'OTROS','Otros',6),(2417,426,'CHLAMYDIA','Chlamydia',1),(2418,426,'GONORREA','Gonorrea',2),(2419,426,'HERPES_GENITAL','Herpes genital',3),(2420,426,'SIFILIS','Sífilis',4),(2421,426,'VERRUGAS_GENITALES','Verrugas genitales',5),(2422,426,'OTROS','Otros',6),(2423,427,'TUBERCULOSIS','Tuberculosis',1),(2424,427,'COVID_19','COVID-19',2),(2425,427,'OTROS','Otros',3),(2426,428,'FIEBRE_38_5_C','Fiebre (>38,5°C)',1),(2427,428,'ESCALOFRIOS','Escalofríos',2),(2428,428,'CEFALEA','Cefalea',3),(2429,428,'ASTENIA','Astenia',4),(2430,428,'MIALGIA','Mialgia',5),(2431,428,'DOLOR_DE_ESPALDA','Dolor de espalda',6),(2432,428,'DOLOR_DE_GARGANTA','Dolor de garganta',7),(2433,428,'EXANTEMA_LESION','Exantema/lesión',8),(2434,428,'LINFADENOPATIA_LOCALIZADA','Linfadenopatía localizada',9),(2435,428,'LINFADENOPATIA_GENERALIZADA','Linfadenopatía generalizada',10),(2436,428,'PROCTITIS_DOLOR_O_SANGRADO_ANAL','Proctitis (dolor o sangrado anal)',11),(2437,428,'OTROS','Otros',12),(2438,429,'LOCALIZADO','Localizado',1),(2439,429,'GENERALIZADO','Generalizado',2),(2440,430,'1_A_10_LESIONES','1 a 10 lesiones',1),(2441,430,'11_A_25_LESIONES','11 a 25 lesiones',2),(2442,430,'26_A_99_LESIONES','26 a 99 lesiones',3),(2443,430,'100_A_MAS','100 a más',4),(2444,431,'MACULA','Mácula',1),(2445,431,'PAPULA','Pápula',2),(2446,431,'VESICULA','Vesícula',3),(2447,431,'PUSTULA','Pústula',4),(2448,431,'COSTRA','Costra',5),(2449,432,'MONOMORFICO','Monomórfico',1),(2450,432,'POLIMORFICO','Polimórfico',2),(2451,433,'SOSPECHOSO','Sospechoso',1),(2452,433,'PROBABLE','Probable',2),(2453,433,'CONFIRMADO','Confirmado',3),(2454,433,'DESCARTADO','Descartado',4),(2455,434,'CANO_DENTRO_DE_SU_CASA','Caño dentro de su casa',1),(2456,434,'CANO_PUBLICO','Caño público',2),(2457,434,'DE_UN_POZO','De un pozo',3),(2458,434,'DE_UN_RIO','De un río',4),(2459,434,'PUQUIAL_MANANTIAL','Puquial (manantial)',5),(2460,434,'CAMION_CISTERNA','Camión cisterna',6),(2461,434,'FUE_EMBOTELLADA','Fue embotellada',7),(2462,434,'OTRO','Otro',8),(2463,435,'SOLO_LOS_QUE_HAN_SIDO_PREPARADOS_EN_MI_CASA','Solo los que han sido preparados en mi casa',1),(2464,435,'EN_UN_RESTAURANTE','En un restaurante',2),(2465,435,'EN_UN_AMBULANTE','En un ambulante',3),(2466,435,'EN_UNA_PENSION','En una pensión',4),(2467,435,'EN_UN_MERCADO','En un mercado',5),(2468,435,'OTRO','Otro',6),(2469,436,'INGIERE_LECHE_EN_BIBERON','Ingiere leche en biberón',1),(2470,436,'CONSUME_LOS_MISMOS_ALIMENTOS_QUE_LOS_ADULTOS_EN_LA_CASA','Consume los mismos alimentos que los adultos en la casa',2),(2471,436,'RECIBE_LACTANCIA_MATERNA','Recibe lactancia materna',3),(2472,437,'RED_PUBLICA_DENTRO_DE_LA_VIVIENDA','Red pública dentro de la vivienda',1),(2473,437,'RED_PUBLICA_FUERA_DE_LA_VIVIENDA','Red pública fuera de la vivienda',2),(2474,437,'POZO_NEGRO_O_CIEGO_O_SILO_LETRINA','Pozo negro o ciego o silo/letrina',3),(2475,437,'SIN_SERVICIO','Sin servicio',4),(2476,437,'OTRO','Otro',5),(2477,438,'A','A',1),(2478,438,'B','B',2),(2479,438,'C','C',3),(2480,439,'TETRACICLINA','Tetraciclina',1),(2481,439,'COTRIMOXAZOL','Cotrimoxazol',2),(2482,439,'DOXICICLINA','Doxiciclina',3),(2483,439,'CIPROFLOXACINA','Ciprofloxacina',4),(2484,439,'CLORANFENICOL','Cloranfenicol',5),(2485,439,'OTRO','Otro',6),(2486,440,'EN_EL_ESTABLECIMIENTO_DE_SALUD','En el establecimiento de salud',1),(2487,440,'EN_CASA','En casa',2),(2488,441,'O1','O1',1),(2489,441,'O139','O139',2),(2490,442,'OGAWA','Ogawa',1),(2491,442,'INABA','Inaba',2),(2492,442,'HIKOJIMA','Hikojima',3),(2493,443,'ANALFABETA','Analfabeta',1),(2494,443,'PRIMARIA','Primaria',2),(2495,443,'SECUNDARIA','Secundaria',3),(2496,443,'SUPERIOR','Superior',4),(2497,444,'MEDICO','Médico',1),(2498,444,'OBSTETRIZ','Obstetriz',2),(2499,444,'ENFERMERA','Enfermera',3),(2500,444,'TECNICO_SANITARIO','Técnico sanitario',4),(2501,444,'PARTERA','Partera',5),(2502,444,'OTRO','Otro',6),(2503,445,'ASCENDENTE','Ascendente',1),(2504,445,'DESCENDENTE','Descendente',2),(2505,445,'MIXTA','Mixta',3),(2506,446,'TOS','Tos',1),(2507,446,'FIEBRE','Fiebre',2),(2508,446,'ESTRENIMIENTO','Estreñimiento',3),(2509,446,'VOMITOS','Vómitos',4),(2510,446,'DIARREA','Diarrea',5),(2511,447,'DOLOR_MUSCULAR','Dolor muscular',1),(2512,447,'CEFALEA','Cefalea',2),(2513,447,'MENINGEO','Meníngeo',3),(2514,448,'PARESIA','Paresia',1),(2515,448,'PARALISIS','Parálisis',2),(2516,448,'PARES_CRANEALES','Pares craneales',3),(2517,448,'FLACIDEZ','Flacidez',4),(2518,448,'SUBITA','Súbita',5),(2519,448,'ASIMETRIA','Asimetría',6),(2520,448,'SENSIBILIDAD','Sensibilidad',7),(2521,448,'PARESTESIA','Parestesia',8),(2522,448,'BABINSKI','Babinski',9),(2523,449,'DERECHO','Derecho',1),(2524,449,'IZQUIERDO','Izquierdo',2),(2525,450,'SI','Sí',1),(2526,450,'NO','No',2),(2527,450,'NO_SABE','No sabe',3),(2528,451,'AUSENTE','Ausente',1),(2529,451,'MINIMA','Mínima',2),(2530,451,'MEDIA','Media',3),(2531,451,'GRAVE','Grave',4),(2532,452,'MSI','MSI',1),(2533,452,'MSD','MSD',2),(2534,452,'MII','MII',3),(2535,452,'MID','MID',4),(2536,452,'CARA','Cara',5),(2537,452,'MUSCULOS_CERVICALES','Músculos cervicales',6),(2538,452,'MUSCULOS_RESPIRATORIOS','Músculos respiratorios',7),(2539,453,'POLIO_SALVAJE','Polio salvaje',1),(2540,453,'POLIO_DERIVADO_DE_LA_VACUNA','Polio derivado de la vacuna',2),(2541,453,'POLIO_ASOCIADO_A_LA_VACUNA','Polio asociado a la vacuna',3),(2542,453,'POLIO_COMPATIBLE','Polio compatible',4),(2543,453,'DESCARTADO','Descartado',5),(2544,454,'LABORATORIO','Laboratorio',1),(2545,454,'DEFUNCION','Defunción',2),(2546,454,'CON_PARALISIS_RESIDUAL','Con parálisis residual',3),(2547,454,'SIN_PARALISIS_RESIDUAL','Sin parálisis residual',4),(2548,455,'SGB','SGB',1),(2549,455,'NEURITIS_TRAUMATICA','Neuritis traumática',2),(2550,455,'MIELITIS_TRANSVERSA','Mielitis transversa',3),(2551,455,'TUMOR','Tumor',4),(2552,455,'DESCONOCIDO','Desconocido',5),(2553,455,'OTRO','Otro',6),(2554,456,'ERUPCION','Erupción',1),(2555,456,'FIEBRE','Fiebre',2),(2556,456,'TOS','Tos',3),(2557,456,'CONJUNTIVITIS','Conjuntivitis',4),(2558,456,'CORIZA_O_RINORREA','Coriza o rinorrea',5),(2559,456,'MANCHAS_DE_KOPLIK','Manchas de Koplik',6),(2560,456,'ADENOPATIA_RETROAURICULAR','Adenopatía retroauricular',7),(2561,456,'ADENOPATIA_CERVICAL','Adenopatía cervical',8),(2562,456,'ARTRALGIAS','Artralgias',9),(2563,456,'OTROS','Otros',10),(2564,457,'ANTISARAMPIONOSA','Antisarampionosa',1),(2565,457,'ANTIRRUBEOLICA','Antirrubeólica',2),(2566,457,'DOBLE_VIRAL_SR','Doble viral (SR)',3),(2567,457,'TRIPLE_VIRAL_SRP','Triple viral (SRP)',4),(2568,458,'DOSIS_CERO','Dosis cero',1),(2569,458,'PRIMERA_DOSIS','Primera dosis',2),(2570,458,'SEGUNDA_DOSIS','Segunda dosis',3),(2571,458,'DOSIS_ADICIONAL','Dosis adicional',4),(2572,458,'DESCONOCIDO','Desconocido',5),(2573,459,'CARNE_DE_VACUNACION','Carné de vacunación',1),(2574,459,'REGISTRO_EN_SERVICIO_DE_SALUD','Registro en servicio de salud',2),(2575,460,'CONTACTO_CON_EXTRANJEROS','Contacto con extranjeros',1),(2576,460,'VISITO_ESTABLECIMIENTO_DE_SALUD','Visitó establecimiento de salud',2),(2577,460,'RECIBIO_VISITAS_EN_CASA','Recibió visitas en casa',3),(2578,460,'ASISTIO_A_CELEBRACIONES_MASIVAS_RELIGIOSAS_FESTIVIDADES_SOCI','Asistió a celebraciones masivas (religiosas, festividades, sociales, etc.)',4),(2579,460,'OTROS','Otros',5),(2580,461,'SARAMPION_RUBEOLA_IGM_NEG','Sarampión/Rubéola IgM-neg',1),(2581,461,'REACCION_VACUNAL','Reacción vacunal',2),(2582,461,'DENGUE','Dengue',3),(2583,461,'PARVOVIRUS_B19','Parvovirus B19',4),(2584,461,'HERPES_6','Herpes 6',5),(2585,461,'REACCION_ALERGICA','Reacción alérgica',6),(2586,461,'ZIKA','Zika',7),(2587,461,'OTROS','Otros',8),(2588,462,'IMPORTADO','Importado',1),(2589,462,'RELACIONADO_A_IMPORTACION','Relacionado a importación',2),(2590,462,'FUENTE_DESCONOCIDA','Fuente desconocida',3),(2591,462,'LOCAL_O_AUTOCTONO','Local o Autóctono',4),(2592,463,'CONTINUA_EN_SEGUIMIENTO','Continúa en seguimiento',1),(2593,463,'FALLECIDO_ANTES_DE_PODER_DETERMINAR_SU_ESTADO_SEROLOGICO','Fallecido antes de poder determinar su estado serológico',2),(2594,463,'ABANDONO_EL_SEGUIMIENTO_SEGUIMIENTO_IRREGULAR','Abandonó el seguimiento / seguimiento irregular',3),(2595,463,'REFERIDO','Referido',4),(2596,464,'INFECCION_POR_VIH','Infección por VIH',1),(2597,464,'GESTANTE_CON_VIH','Gestante con VIH',2),(2598,464,'NINO_NACIDO_EXPUESTO_AL_VIH','Niño nacido expuesto al VIH',3),(2599,464,'NINO_NACIDO_EXPUESTO_NO_INFECTADO_POR_VIH','Niño nacido expuesto, no infectado por VIH',4),(2600,465,'HETEROSEXUAL','Heterosexual',1),(2601,465,'HOMOSEXUAL','Homosexual',2),(2602,465,'BISEXUAL','Bisexual',3),(2603,465,'NO_DETERMINADO_SEXUAL','No determinado (sexual)',4),(2604,465,'TRANSFUSION_DE_SANGRE_Y_O_DERIVADOS','Transfusión de sangre y/o derivados',5),(2605,465,'COMPARTIR_AGUJAS_UDI','Compartir agujas / UDI',6),(2606,465,'ACCIDENTE_CON_MATERIAL_CONTAMINADO','Accidente con material contaminado',7),(2607,465,'TRASPLANTE_DE_ORGANOS_O_TEJIDOS','Trasplante de órganos o tejidos',8),(2608,465,'NO_DETERMINADO_PARENTERAL','No determinado (parenteral)',9),(2609,465,'MADRE_NINO_VERTICAL','Madre-niño (vertical)',10),(2610,465,'DESCONOCIDA','Desconocida',11),(2611,466,'PROBABLE','Probable',1),(2612,466,'CONFIRMADO','Confirmado',2),(2613,466,'DESCARTADO_FALSO_POSITIVO','Descartado (Falso positivo)',3),(2614,466,'DESCARTADO_SIFILIS_MEMORIA','Descartado (Sífilis Memoria)',4),(2615,467,'MADRE_CON_SIFILIS_QUE_NO_RECIBIO_TRATAMIENTO_O_FUE_TRATADA_I','Madre con sífilis, que no recibió tratamiento o fue tratada inadecuadamente',1),(2616,467,'TITULOS_NO_TREPONEMICOS_CUATRO_VECES_MAYORES_QUE_LOS_DE_LA_M','Títulos no treponémicos cuatro veces mayores que los de la madre',2),(2617,467,'NINO_CON_MANIFESTACIONES_CLINICAS_SUGESTIVAS_DE_SIFILIS_CONG','Niño con manifestaciones clínicas sugestivas de sífilis congénita',3),(2618,467,'DEMOSTRACION_DE_TREPONEMA_PALLIDUM_EN_LESIONES_PLACENTA_CORD','Demostración de Treponema pallidum en lesiones, placenta, cordón umbilical o material de autopsia',4),(2619,467,'NINO_MAYOR_DE_2_ANOS_CON_SIGNOS_DE_SIFILIS_SECUNDARIA_DESCAR','Niño mayor de 2 años con signos de sífilis secundaria, descartado abuso o contacto sexual',5),(2620,468,'SI_CON_PENICILINA_G_SODICA_O_PROCAINICA_POR_10_DIAS','Sí, con penicilina G sódica o procaínica por ≥10 días',1),(2621,468,'SI_CON_PENICILINA_BENZATINICA_X_1_DOSIS','Sí, con penicilina benzatínica x 1 dosis',2),(2622,468,'SI_CON_OTRO_TRATAMIENTO','Sí, con otro tratamiento',3),(2623,468,'NO_RECIBIO_TRATAMIENTO','No recibió tratamiento',4),(2624,468,'DESCONOCIDO','Desconocido',5),(2625,469,'CATARATAS','Cataratas',1),(2626,469,'GLAUCOMA_CONGENITO','Glaucoma congénito',2),(2627,469,'RETINOPATIA_PIGMENTARIA','Retinopatía pigmentaria',3),(2628,469,'MICROFTALMIA','Microftalmia',4),(2629,470,'DEFICIT_DE_LA_AUDICION','Déficit de la audición',1),(2630,471,'ESTENOSIS_PERIFERICA_DE_ARTERIA_PULMONAR','Estenosis periférica de arteria pulmonar',1),(2631,471,'PERSISTENCIA_DEL_CONDUCTO_ARTERIOSO','Persistencia del conducto arterioso',2),(2632,471,'COMUNICACION_INTERAURICULAR','Comunicación interauricular',3),(2633,472,'PURPURA','Púrpura',1),(2634,472,'TROMBOCITOPENIA','Trombocitopenia',2),(2635,472,'HEPATOMEGALIA','Hepatomegalia',3),(2636,472,'ESPLENOMEGALIA','Esplenomegalia',4),(2637,472,'MICROCEFALIA','Microcefalia',5),(2638,472,'MENINGOENCEFALITIS','Meningoencefalitis',6),(2639,472,'ENFERMEDAD_OSEA_DE_RADIOTRANSPARENCIA','Enfermedad ósea de radiotransparencia',7),(2640,472,'RETRASO_EN_EL_DESARROLLO_PSICOMOTOR','Retraso en el desarrollo psicomotor',8),(2641,472,'ICTERICIA_DENTRO_DE_LAS_24_H_DEL_NACIMIENTO','Ictericia (dentro de las 24 h del nacimiento)',9),(2642,473,'SIS','SIS',1),(2643,473,'ESSALUD','EsSalud',2),(2644,473,'PRIVADO','Privado',3),(2645,474,'01_BCG','01 BCG',1),(2646,474,'02_DPT','02 DPT',2),(2647,474,'03_APO','03 APO',3),(2648,474,'04_HEPATITIS_B','04 Hepatitis B',4),(2649,474,'05_HIB','05 Hib',5),(2650,474,'06_PENTAVALENTE','06 Pentavalente',6),(2651,474,'07_SPR','07 SPR',7),(2652,474,'08_FIEBRE_AMARILLA','08 Fiebre amarilla',8),(2653,474,'09_SR','09 SR',9),(2654,474,'10_DT','10 DT',10),(2655,474,'11_INFLUENZA_ESTACIONAL','11 Influenza estacional',11),(2656,474,'12_ANTISARAMPION','12 Antisarampión',12),(2657,474,'13_CONTRA_NEUMOCOCO','13 Contra neumococo',13),(2658,474,'14_CONTRA_ROTAVIRUS','14 Contra rotavirus',14),(2659,474,'15_CONTRA_VPH','15 Contra VPH',15),(2660,474,'16_IPV','16 IPV',16),(2661,474,'17_CONTRA_VARICELA','17 Contra varicela',17),(2662,474,'18_DTPA','18 dTpa',18),(2663,474,'19_ANTI_COVID_19','19 Anti COVID-19',19),(2664,474,'20_OTRO','20 Otro',20),(2665,475,'01_SI','01 Sí',1),(2666,475,'02_NO','02 No',2),(2667,476,'01_PRIMERA','01 Primera',1),(2668,476,'02_SEGUNDA','02 Segunda',2),(2669,476,'03_TERCERA','03 Tercera',3),(2670,476,'04_ADICIONAL','04 Adicional',4),(2671,476,'05_UNICA','05 Única',5),(2672,476,'06_REFUERZO','06 Refuerzo',6),(2673,477,'01_ORAL','01 Oral',1),(2674,477,'02_INTRADERMICA','02 Intradérmica',2),(2675,477,'03_SUBCUTANEA','03 Subcutánea',3),(2676,477,'04_INTRAMUSCULAR','04 Intramuscular',4),(2677,478,'01_HOMBRO_DERECHO','01 Hombro derecho',1),(2678,478,'02_HOMBRO_IZQUIERDO','02 Hombro izquierdo',2),(2679,478,'03_BRAZO_DERECHO','03 Brazo derecho',3),(2680,478,'04_BRAZO_IZQUIERDO','04 Brazo izquierdo',4),(2681,478,'05_VASTO_EXTERNO_DE_MUSLO_DERECHO','05 Vasto externo de muslo derecho',5),(2682,478,'06_VASTO_EXTERNO_DE_MUSLO_IZQUIERDO','06 Vasto externo de muslo izquierdo',6),(2683,478,'09_ORAL','09 Oral',7),(2684,479,'HOSPITAL','Hospital',1),(2685,479,'CENTRO_DE_SALUD','Centro de Salud',2),(2686,480,'ESPOSO_A','Esposo(a)',1),(2687,480,'CONVIVIENTE','Conviviente',2),(2688,480,'HIJO_A','Hijo(a)',3),(2689,480,'PADRE','Padre',4),(2690,480,'MADRE','Madre',5),(2691,480,'OTRO','Otro',6),(2692,481,'ECUANIME','Ecuánime',1),(2693,481,'EFECTO_DE_DROGAS','Efecto de Drogas',2),(2694,481,'EFECTO_DE_ALCOHOL','Efecto de Alcohol',3),(2695,481,'AMBAS','Ambas',4),(2696,482,'FISICA','Física',1),(2697,482,'PSICOLOGICA','Psicológica',2),(2698,482,'RELACIONES_SEXUALES_FORZADAS','Relaciones Sexuales Forzadas',3),(2699,482,'ABANDONO','Abandono',4),(2700,483,'PROPIO_CUERPO','Propio Cuerpo',1),(2701,483,'ARMA_BLANCA','Arma blanca',2),(2702,483,'ARMA_DE_FUEGO','Arma de Fuego',3),(2703,483,'OBJETO_CONTUNDENTE','Objeto contundente',4),(2704,484,'FAMILIARES','Familiares',1),(2705,484,'CELOS','Celos',2),(2706,484,'ECONOMICOS','Económicos',3),(2707,484,'LABORALES','Laborales',4),(2708,484,'SIN_MOTIVO','Sin Motivo',5),(2709,484,'OTROS','Otros',6),(2710,485,'1','1',1),(2711,485,'2','2',2),(2712,485,'3','3',3),(2713,485,'4','4',4),(2714,485,'5','5',5),(2715,485,'6','6',6),(2716,485,'7','7',7),(2717,486,'1','1',1),(2718,486,'2_A_3','2 a 3',2),(2719,486,'4_A_5','4 a 5',3),(2720,486,'6_A_7','6 a 7',4),(2721,486,'7_A_8','7 a 8',5),(2722,486,'9','9',6),(2723,486,'10','10',7),(2724,487,'CALLE','Calle',1),(2725,487,'CASA','Casa',2),(2726,487,'CENTRO_DE_TRABAJO','Centro de Trabajo',3),(2727,487,'OTROS','Otros',4),(2728,488,'ATENCION_MEDICA','Atención Médica',1),(2729,488,'ATENCION_PSICOLOGICA','Atención Psicológica',2),(2730,488,'DENUNCIA_JUDICIAL','Denuncia Judicial',3),(2731,488,'ASISTENCIA_SOCIAL','Asistencia Social',4),(2732,488,'DENUNCIA_POLICIAL','Denuncia Policial',5),(2733,488,'OTROS','Otros',6),(2734,489,'MINISTERIO_DE_SALUD','Ministerio de Salud',1),(2735,489,'POLICIA','Policía',2),(2736,489,'ONG','ONG',3),(2737,489,'MINISTERIO_PUBLICO','Ministerio Público',4),(2738,489,'MEDICO_LEGAL','Médico Legal',5),(2739,489,'DEMUNA','DEMUNA',6),(2740,489,'OTROS','Otros',7),(2741,490,'CALLES_JIRONES','Calles/Jirones',1),(2742,490,'AVENIDAS','Avenidas',2),(2743,490,'CARRETERAS','Carreteras',3),(2744,490,'AUTOPISTAS_VIA_EXPRESA','Autopistas/Vía expresa',4),(2745,490,'FLUVIAL','Fluvial',5),(2746,490,'AEREO','Aéreo',6),(2747,490,'MARITIMO','Marítimo',7),(2748,491,'EE_SS_IGSS_GOBIERNO_REGIONAL','EE.SS. IGSS/Gobierno Regional',1),(2749,491,'EE_SS_ESSALUD','EE.SS. EsSalud',2),(2750,491,'EE_SS_SANIDAD_FFAA_PNP','EE.SS. Sanidad FFAA/PNP',3),(2751,491,'EE_SS_PRIVADO','EE.SS. Privado',4),(2752,491,'TRAYECTO','Trayecto',5),(2753,491,'DOMICILIO','Domicilio',6),(2754,491,'OTRO','Otro',7),(2755,492,'PUERPERIO_INMEDIATO','Puerperio Inmediato',1),(2756,492,'PUERPERIO_MEDIATO','Puerperio mediato',2),(2757,492,'PUERPERIO_TARDIO','Puerperio tardío',3),(2758,492,'NO_APLICA','No aplica',4),(2759,492,'DESCONOCIDO','Desconocido',5),(2760,493,'I_1','I-1',1),(2761,493,'I_2','I-2',2),(2762,493,'I_3','I-3',3),(2763,493,'I_4','I-4',4),(2764,493,'II_1','II-1',5),(2765,493,'II_2','II-2',6),(2766,493,'II_E','II-E',7),(2767,493,'III_1','III-1',8),(2768,493,'III_E','III-E',9),(2769,493,'III_2','III-2',10),(2770,493,'DESCONOCIDO','Desconocido',11),(2771,494,'MED_G_O','Méd. G-O',1),(2772,494,'MED_INTENSIVISTA','Méd. intensivista',2),(2773,494,'MED_RESIDENTE','Méd. residente',3),(2774,494,'MED_GENERAL','Méd. general',4),(2775,494,'OBSTETRA','Obstetra',5),(2776,494,'ENFERMERA_O','Enfermera(o)',6),(2777,494,'INTERNO','Interno',7),(2778,494,'TECNICO','Técnico',8),(2779,494,'PARTERA','Partera',9),(2780,494,'FAMILIAR','Familiar',10),(2781,494,'OTRO','Otro',11),(2782,494,'DESCONOCIDO','Desconocido',12),(2783,495,'MED_G_O','Méd. G-O',1),(2784,495,'MED_RESIDENTE','Méd. residente',2),(2785,495,'MED_GENERAL','Méd. general',3),(2786,495,'OBSTETRA','Obstetra',4),(2787,495,'ENFERMERA_O','Enfermera(o)',5),(2788,495,'INTERNO','Interno',6),(2789,495,'TECNICO','Técnico',7),(2790,495,'OTRO','Otro',8),(2791,495,'DESCONOCIDO','Desconocido',9),(2792,496,'HEMORRAGIA','Hemorragia',1),(2793,496,'PREECLAMPSIA_ECLAMPSIA','Preeclampsia/Eclampsia',2),(2794,496,'SINDROME_DE_HELLP','Síndrome de HELLP',3),(2795,496,'DIABETES_GESTACIONAL','Diabetes gestacional',4),(2796,496,'ABORTO','Aborto',5),(2797,496,'DESNUTRICION','Desnutrición',6),(2798,496,'RPM_MAS_DE_12_HORAS','RPM más de 12 horas',7),(2799,496,'EMBARAZO_ECTOPICO','Embarazo ectópico',8),(2800,496,'INFECCION_TRACTO_URINARIO','Infección tracto urinario',9),(2801,496,'SEPSIS','Sepsis',10),(2802,496,'OBITO_FETAL','Óbito fetal',11),(2803,496,'ANEMIA','Anemia',12),(2804,496,'OTRO','Otro',13),(2805,497,'MED_G_O','Méd. G-O',1),(2806,497,'MED_INTENSIVISTA','Méd. intensivista',2),(2807,497,'MED_RESIDENTE','Méd. residente',3),(2808,497,'MED_GENERAL','Méd. general',4),(2809,497,'OBSTETRA','Obstetra',5),(2810,497,'ENFERMERA','Enfermera',6),(2811,497,'INTERNO','Interno',7),(2812,497,'TECNICO','Técnico',8),(2813,497,'PARTERA','Partera',9),(2814,497,'FAMILIAR','Familiar',10),(2815,497,'OTRO','Otro',11),(2816,497,'DESCONOCIDO','Desconocido',12),(2817,498,'INACCESIBILIDAD_GEOGRAFICA','Inaccesibilidad geográfica',1),(2818,498,'DISTANCIA','Distancia',2),(2819,498,'TRANSPORTE','Transporte',3),(2820,498,'CREENCIAS_COSTUMBRES','Creencias/Costumbres',4),(2821,498,'OTRO','Otro',5),(2822,499,'ECONOMICAS','Económicas',1),(2823,499,'IDIOMA','Idioma',2),(2824,499,'ADMINISTRATIVAS_TRAMITES','Administrativas/Trámites',3),(2825,499,'DEMORA_EN_ATENCION','Demora en Atención',4),(2826,499,'MALA_ATENCION','Mala atención',5),(2827,499,'OTRO','Otro',6),(2828,500,'SANGRADO','Sangrado',1),(2829,500,'PERDIDA_DE_LIQUIDO','Pérdida de líquido',2),(2830,500,'DOLOR','Dolor',3),(2831,500,'SENSACION_DE_ALZA_TERMICA','Sensación de alza térmica',4),(2832,500,'NAUSEAS_Y_VOMITOS','Náuseas y vómitos',5),(2833,500,'CONVULSIONES','Convulsiones',6),(2834,500,'DEBILIDAD','Debilidad',7),(2835,500,'ANSIEDAD','Ansiedad',8),(2836,500,'PERDIDA_ALTERACION_DEL_ESTADO_DE_CONCIENCIA','Pérdida/alteración del estado de conciencia',9),(2837,500,'CEFALEA','Cefalea',10),(2838,500,'OTRO','Otro',11),(2839,501,'PUESTO_DE_SALUD','Puesto de Salud',1),(2840,501,'CENTRO_DE_SALUD','Centro de Salud',2),(2841,501,'HOSPITAL','Hospital',3),(2842,502,'EN_LA_IDENTIFICACION_DEL_PROBLEMA','En la identificación del problema',1),(2843,503,'EN_LA_DECISION_DE_BUSCAR_AYUDA','En la decisión de buscar ayuda',1),(2844,504,'EN_ACCEDER_A_LOS_SERVICIOS_DE_SALUD','En acceder a los servicios de salud',1),(2845,505,'EN_RECIBIR_TRATAMIENTO_ADECUADO_Y_OPORTUNO','En recibir tratamiento adecuado y oportuno',1),(2846,506,'PI_PARTO_INSTITUCIONAL','PI Parto institucional',1),(2847,506,'PD_PARTO_DOMICILIARIO','PD Parto domiciliario',2),(2848,507,'ES_ESTABLECIMIENTO_DE_SALUD','ES Establecimiento de salud',1),(2849,507,'CC_COMUNIDAD','CC Comunidad',2),(2889,517,'SEXUAL','Sexual',1),(2890,517,'PARENTERAL','Parenteral',2),(2891,517,'MADRE_NINO_VERTICAL','Madre-niño (vertical)',3),(2892,517,'DESCONOCIDA','Desconocida',4),(2893,518,'HETEROSEXUAL','Heterosexual',1),(2894,518,'HOMOSEXUAL','Homosexual',2),(2895,518,'BISEXUAL','Bisexual',3),(2896,518,'NO_DETERMINADO','No determinado',4),(2897,519,'TRANSFUSION_DE_SANGRE_Y_O_DERIVADOS','Transfusión de sangre y/o derivados',1),(2898,519,'COMPARTIR_AGUJAS_UDI','Compartir agujas / UDI',2),(2899,519,'ACCIDENTE_CON_MATERIAL_CONTAMINADO','Accidente con material contaminado',3),(2900,519,'TRASPLANTE_DE_ORGANOS_O_TEJIDOS','Trasplante de órganos o tejidos',4),(2901,519,'NO_DETERMINADO','No determinado',5),(2902,520,'01_BCG','01 BCG',1),(2903,520,'02_DPT','02 DPT',2),(2904,520,'03_APO','03 APO',3),(2905,520,'04_HEPATITIS_B','04 Hepatitis B',4),(2906,520,'05_HIB','05 Hib',5),(2907,520,'06_PENTAVALENTE','06 Pentavalente',6),(2908,520,'07_SPR','07 SPR',7),(2909,520,'08_FIEBRE_AMARILLA','08 Fiebre amarilla',8),(2910,520,'09_SR','09 SR',9),(2911,520,'10_DT','10 DT',10),(2912,520,'11_INFLUENZA_ESTACIONAL','11 Influenza estacional',11),(2913,520,'12_ANTISARAMPION','12 Antisarampión',12),(2914,520,'13_NEUMOCOCO','13 Neumococo',13),(2915,520,'14_ROTAVIRUS','14 Rotavirus',14),(2916,520,'15_VPH','15 VPH',15),(2917,520,'16_IPV','16 IPV',16),(2918,520,'17_VARICELA','17 Varicela',17),(2919,520,'18_DTPA','18 dTpa',18),(2920,520,'19_ANTI_COVID_19','19 Anti COVID-19',19),(2921,520,'20_OTRO','20 Otro',20),(2922,521,'01_ORAL','01 Oral',1),(2923,521,'02_INTRADERMICA','02 Intradérmica',2),(2924,521,'03_SUBCUTANEA','03 Subcutánea',3),(2925,521,'04_INTRAMUSCULAR','04 Intramuscular',4),(2926,522,'01_HOMBRO_DERECHO','01 Hombro derecho',1),(2927,522,'02_HOMBRO_IZQUIERDO','02 Hombro izquierdo',2),(2928,522,'03_BRAZO_DERECHO','03 Brazo derecho',3),(2929,522,'04_BRAZO_IZQUIERDO','04 Brazo izquierdo',4),(2930,522,'05_VASTO_EXTERNO_MUSLO_DERECHO','05 Vasto externo de muslo derecho',5),(2931,522,'06_VASTO_EXTERNO_MUSLO_IZQUIERDO','06 Vasto externo de muslo izquierdo',6),(2932,522,'09_ORAL','09 Oral',7),(2933,523,'01_PRIMERA','01 Primera',1),(2934,523,'02_SEGUNDA','02 Segunda',2),(2935,523,'03_TERCERA','03 Tercera',3),(2936,523,'04_ADICIONAL','04 Adicional',4),(2937,523,'05_UNICA','05 Única',5),(2938,523,'06_REFUERZO','06 Refuerzo',6),(2939,524,'01_SI','01 Sí',1),(2940,524,'02_NO','02 No',2);
/*!40000 ALTER TABLE `catalogo_item` ENABLE KEYS */;
UNLOCK TABLES;

LOCK TABLES `seccion_def` WRITE;
/*!40000 ALTER TABLE `seccion_def` DISABLE KEYS */;
INSERT INTO `seccion_def` VALUES (2097,1,'Subsistema de vigilancia',1,NULL,NULL),(2098,1,'Antecedentes epidemiológicos',2,NULL,NULL),(2099,1,'Cuadro clínico',3,NULL,NULL),(2100,1,'Evolución de casos graves y egreso',4,NULL,NULL),(2101,1,'Clasificación',5,NULL,NULL),(2102,1,'Observaciones',6,NULL,NULL),(2103,3,'Cuadro clínico',1,NULL,NULL),(2104,3,'Tratamiento',2,NULL,NULL),(2105,3,'Complicaciones y hospitalización',3,NULL,NULL),(2106,3,'Antecedentes vacunales (preguntas contextuales)',4,NULL,NULL),(2107,3,'Lugar probable de infección',5,NULL,NULL),(2108,3,'Clasificación final',6,NULL,NULL),(2109,8,'Cuadro clínico',1,NULL,NULL),(2110,8,'Complicaciones',2,NULL,NULL),(2111,8,'Factores de riesgo',3,NULL,NULL),(2112,8,'Hospitalización y egreso',4,NULL,NULL),(2113,8,'Lugar probable de infección',5,NULL,NULL),(2114,9,'Cuadro clínico',1,NULL,NULL),(2115,9,'Complicaciones',2,NULL,NULL),(2116,9,'Hospitalización y egreso',3,NULL,NULL),(2117,9,'Lugar probable de infección',4,NULL,NULL),(2118,5,'Signos y síntomas',1,NULL,NULL),(2119,5,'Evolución',2,NULL,NULL),(2120,5,'Información epidemiológica',3,NULL,NULL),(2121,6,'Cuadro clínico',1,NULL,NULL),(2122,6,'Migración',2,NULL,NULL),(2123,6,'Antecedentes epidemiológicos',3,NULL,NULL),(2124,6,'Hospitalización',4,NULL,NULL),(2125,6,'Clasificación final',5,NULL,NULL),(2126,4,'Antecedente epidemiológico',1,NULL,NULL),(2127,4,'Datos clínicos',2,NULL,NULL),(2128,4,'Lesiones cutáneas',3,NULL,NULL),(2129,4,'Enfermedad mucosa',4,NULL,NULL),(2130,4,'Signos de leishmaniasis visceral',5,NULL,NULL),(2131,4,'Diagnóstico',6,NULL,NULL),(2132,12,'Antecedentes epidemiológicos',1,NULL,NULL),(2133,12,'Cuadro clínico',2,NULL,NULL),(2134,12,'Hospitalización',3,NULL,NULL),(2135,12,'Tratamiento',4,NULL,NULL),(2136,12,'Clasificación final',5,NULL,NULL),(2137,13,'Antecedente epidemiológico',1,NULL,NULL),(2138,13,'Síntomas',2,NULL,NULL),(2139,13,'Funciones vitales',3,NULL,NULL),(2140,13,'Signos generales',4,NULL,NULL),(2141,13,'Piel',5,NULL,NULL),(2142,13,'Tejido celular subcutáneo',6,NULL,NULL),(2143,13,'Ganglios linfáticos',7,NULL,NULL),(2144,13,'Laboratorio y evolución',8,NULL,NULL),(2145,13,'Hospitalización',9,NULL,NULL),(2146,10,'Datos del paciente (adicionales)',1,NULL,NULL),(2147,10,'Lugar probable de infección y exposición',2,NULL,NULL),(2148,10,'Antecedentes',3,NULL,NULL),(2149,10,'Cuadro clínico',4,NULL,NULL),(2150,10,'Hospitalización',5,NULL,NULL),(2151,10,'Clasificación',6,NULL,NULL),(2152,11,'Antecedentes epidemiológicos — fuente de infección',1,NULL,NULL),(2153,11,'Cuadro clínico',2,NULL,NULL),(2154,11,'Tratamiento',3,NULL,NULL),(2155,11,'Evolución',4,NULL,NULL),(2156,11,'Laboratorio',5,NULL,NULL),(2157,11,'Clasificación',6,NULL,NULL),(2158,14,'Cuadro clínico',1,NULL,NULL),(2159,14,'Atención',2,NULL,NULL),(2160,14,'Diagnóstico definitivo',3,NULL,NULL),(2161,15,'Cuadro clínico',1,NULL,NULL),(2162,15,'Datos de la madre',2,NULL,NULL),(2163,15,'Atención del parto',3,NULL,NULL),(2164,15,'Diagnóstico definitivo',4,NULL,NULL),(2165,16,'Cuadro clínico',1,NULL,NULL),(2166,16,'Examen físico',2,NULL,NULL),(2167,16,'Hospitalización y defunción',3,NULL,NULL),(2168,16,'Fuente probable de infección',4,NULL,NULL),(2169,16,'Seguimiento de secuelas',5,NULL,NULL),(2170,16,'Evaluación final de secuelas',6,NULL,NULL),(2171,16,'Clasificación final',7,NULL,NULL),(2172,2,'Cuadro clínico',1,NULL,NULL),(2173,2,'Cronología de signos y síntomas',2,NULL,NULL),(2174,2,'Antecedentes vacunales',3,NULL,NULL),(2175,2,'Antecedentes epidemiológicos',4,NULL,NULL),(2176,2,'Lugar probable de infección',5,NULL,NULL),(2177,2,'Investigación epidemiológica',6,NULL,NULL),(2178,2,'Clasificación final',7,NULL,NULL),(2179,18,'Sección I — Gestante con VIH',1,NULL,NULL),(2180,18,'Sección II — Niño nacido expuesto al VIH',2,NULL,NULL),(2181,19,'Identificación',1,NULL,NULL),(2182,19,'Motivo de notificación',2,NULL,NULL),(2183,19,'Estadio de infección VIH al momento del diagnóstico',3,NULL,NULL),(2184,19,'Datos sociodemográficos',4,NULL,NULL),(2185,19,'Vía de transmisión',5,NULL,NULL),(2186,19,'TARGA y estadio SIDA',6,NULL,NULL),(2187,19,'Coinfección',7,NULL,NULL),(2188,19,'Defunción',8,NULL,NULL),(2189,20,'Encabezado',1,NULL,NULL),(2190,20,'Sección II — Sífilis materna',2,NULL,NULL),(2191,20,'Sección III — Sífilis congénita',3,NULL,NULL),(2192,17,'Antecedentes del paciente',1,NULL,NULL),(2193,17,'Antecedentes de la madre',2,NULL,NULL),(2194,17,'Cuadro clínico — manifestaciones',3,NULL,NULL),(2195,17,'Hospitalización y defunción',4,NULL,NULL),(2196,17,'Clasificación del caso',5,NULL,NULL),(2205,21,'Institución que registra',1,NULL,NULL),(2206,21,'Datos de la persona agredida',2,NULL,NULL),(2207,21,'Datos de la persona agresora',3,NULL,NULL),(2208,21,'Datos sobre la agresión',4,NULL,NULL),(2209,21,'Medidas tomadas',5,NULL,NULL),(2210,21,'Seguimiento',6,NULL,NULL),(2211,22,'Fuente de financiamiento',1,NULL,NULL),(2212,22,'Datos del lesionado',2,NULL,NULL),(2213,22,'Datos del accidente',3,NULL,NULL),(2214,22,'Referente al lesionado',4,NULL,NULL),(2215,22,'Referente al ocasionante del accidente',5,NULL,NULL),(2216,22,'Datos del conductor',6,NULL,NULL),(2217,22,'Datos del vehículo',7,NULL,NULL),(2218,23,'Anexo 1 — Notificación inmediata',1,NULL,NULL),(2219,23,'Datos del fallecimiento (Anexo 1)',2,NULL,NULL),(2220,23,'Referencia (Anexo 1)',3,NULL,NULL),(2221,23,'Causas de defunción (Anexo 1)',4,NULL,NULL),(2222,23,'Datos básicos adicionales (Anexo 2)',5,NULL,NULL),(2223,23,'Datos del fallecimiento ampliados (Anexo 2)',6,NULL,NULL),(2224,23,'Antecedentes patológicos',7,NULL,NULL),(2225,23,'Antecedentes gineco-obstétricos',8,NULL,NULL),(2226,23,'Atención prenatal',9,NULL,NULL),(2227,23,'Complicaciones',10,NULL,NULL),(2228,23,'Referencia y hospitalizaciones',11,NULL,NULL),(2229,23,'Parto o aborto',12,NULL,NULL),(2230,23,'Entorno social y comunitario',13,NULL,NULL),(2231,23,'Datos comunitarios',14,NULL,NULL),(2232,23,'Causas de defunción (Anexo 2)',15,NULL,NULL),(2233,23,'Las cuatro demoras',16,NULL,NULL),(2234,24,'Datos del fallecido',1,NULL,NULL),(2235,24,'Tipo de muerte',2,NULL,NULL),(2236,24,'Causa y diagnóstico',3,NULL,NULL),(2237,24,'Circunstancias',4,NULL,NULL),(2238,7,'Notificación',1,NULL,NULL),(2239,7,'Datos del paciente (adicionales)',2,NULL,NULL),(2240,7,'Antecedentes',3,NULL,NULL),(2241,7,'Signos y síntomas',4,NULL,NULL),(2242,7,'Descripción del cuadro clínico',5,NULL,NULL),(2243,7,'Hospitalización',6,NULL,NULL),(2244,7,'Seguimiento del paciente',7,NULL,NULL),(2245,7,'Clasificación final',8,NULL,NULL);
/*!40000 ALTER TABLE `seccion_def` ENABLE KEYS */;
UNLOCK TABLES;

LOCK TABLES `campo_def` WRITE;
/*!40000 ALTER TABLE `campo_def` DISABLE KEYS */;
INSERT INTO `campo_def` VALUES (11962,2097,'a97_subsistema_de_vigilancia','Subsistema de vigilancia','SELECT',0,'CASO_INDICE',0,389,NULL,NULL,NULL,'FICHA_MINSA',1),(11963,2098,'a97_caso_autoctono','Caso autóctono','BOOLEANO',0,'CASO_INDICE',0,NULL,NULL,NULL,NULL,'FICHA_MINSA',1),(11964,2098,'a97_caso_importado_nacional','Caso importado nacional','BOOLEANO',0,'CASO_INDICE',0,NULL,NULL,NULL,NULL,'FICHA_MINSA',2),(11965,2098,'a97_caso_importado_internacional','Caso importado internacional','BOOLEANO',0,'CASO_INDICE',0,NULL,NULL,NULL,NULL,'FICHA_MINSA',3),(11966,2098,'a97_tuvo_dengue_anteriormente','¿Tuvo dengue anteriormente?','BOOLEANO',0,'CASO_INDICE',0,NULL,NULL,NULL,NULL,'FICHA_MINSA',4),(11967,2098,'a97_ano_dengue_anterior','Año (dengue anterior)','NUMERO',0,'CASO_INDICE',0,NULL,NULL,NULL,NULL,'FICHA_MINSA',5),(11968,2098,'a97_tiene_comorbilidad','¿Tiene comorbilidad?','BOOLEANO',0,'CASO_INDICE',0,NULL,NULL,NULL,NULL,'FICHA_MINSA',6),(11969,2098,'a97_comorbilidad_cual','Comorbilidad (cuál)','TEXTO',0,'CASO_INDICE',0,NULL,NULL,NULL,NULL,'FICHA_MINSA',7),(11970,2099,'a97_fecha_de_inicio_de_sintomas','Fecha de inicio de síntomas','FECHA',0,'CASO_INDICE',0,NULL,NULL,NULL,NULL,'FICHA_MINSA',1),(11971,2099,'a97_signos_y_sintomas_frecuentes','Signos y síntomas frecuentes','MULTISELECT',0,'CASO_INDICE',0,390,NULL,NULL,NULL,'FICHA_MINSA',2),(11972,2099,'a97_temperatura_c','Temperatura (°C)','NUMERO',0,'CASO_INDICE',0,NULL,NULL,NULL,NULL,'FICHA_MINSA',3),(11973,2099,'a97_signos_de_alarma','Signos de alarma','MULTISELECT',0,'CASO_INDICE',0,391,NULL,NULL,NULL,'FICHA_MINSA',4),(11974,2099,'a97_signos_de_gravedad','Signos de gravedad','MULTISELECT',0,'CASO_INDICE',0,392,NULL,NULL,NULL,'FICHA_MINSA',5),(11975,2099,'a97_compromiso_grave_de_organos_especificar','Compromiso grave de órganos (especificar)','TEXTO',0,'CASO_INDICE',0,NULL,NULL,NULL,NULL,'FICHA_MINSA',6),(11976,2099,'a97_sangrado_grave_especificar','Sangrado grave (especificar)','TEXTO',0,'CASO_INDICE',0,NULL,NULL,NULL,NULL,'FICHA_MINSA',7),(11977,2099,'a97_escala_de_glasgow_apertura_ocular','Escala de Glasgow: apertura ocular','NUMERO',0,'CASO_INDICE',0,NULL,NULL,NULL,NULL,'FICHA_MINSA',8),(11978,2099,'a97_escala_de_glasgow_respuesta_motora','Escala de Glasgow: respuesta motora','NUMERO',0,'CASO_INDICE',0,NULL,NULL,NULL,NULL,'FICHA_MINSA',9),(11979,2099,'a97_escala_de_glasgow_respuesta_verbal','Escala de Glasgow: respuesta verbal','NUMERO',0,'CASO_INDICE',0,NULL,NULL,NULL,NULL,'FICHA_MINSA',10),(11980,2100,'a97_hospitalizado','Hospitalizado','BOOLEANO',0,'CASO_INDICE',0,NULL,NULL,NULL,NULL,'FICHA_MINSA',1),(11981,2100,'a97_fecha_de_hospitalizacion','Fecha de hospitalización','FECHA',0,'CASO_INDICE',0,NULL,NULL,NULL,NULL,'FICHA_MINSA',2),(11982,2100,'a97_fallecio','Falleció','BOOLEANO',0,'CASO_INDICE',0,NULL,NULL,NULL,NULL,'FICHA_MINSA',3),(11983,2100,'a97_fecha_de_defuncion','Fecha de defunción','FECHA',0,'CASO_INDICE',0,NULL,NULL,NULL,NULL,'FICHA_MINSA',4),(11984,2100,'a97_fue_referido','Fue referido','BOOLEANO',0,'CASO_INDICE',0,NULL,NULL,NULL,NULL,'FICHA_MINSA',5),(11985,2100,'a97_fecha_de_referencia','Fecha de referencia','FECHA',0,'CASO_INDICE',0,NULL,NULL,NULL,NULL,'FICHA_MINSA',6),(11986,2100,'a97_hospital_c_s','Hospital / C.S.','TEXTO',0,'CASO_INDICE',0,NULL,NULL,NULL,NULL,'FICHA_MINSA',7),(11987,2101,'a97_clasificacion','Clasificación','SELECT',0,'CASO_INDICE',0,393,NULL,NULL,NULL,'FICHA_MINSA',1),(11988,2101,'a97_otras_arbovirosis_especificar','Otras arbovirosis (especificar)','TEXTO',0,'CASO_INDICE',0,NULL,NULL,NULL,NULL,'FICHA_MINSA',2),(11989,2102,'a97_observaciones','Observaciones','TEXTAREA',0,'CASO_INDICE',0,NULL,NULL,NULL,NULL,'FICHA_MINSA',1),(11990,2103,'a37_0_fecha_de_inicio_de_sintomas','Fecha de inicio de síntomas','FECHA',0,'CASO_INDICE',0,NULL,NULL,NULL,NULL,'FICHA_MINSA',1),(11991,2103,'a37_0_duracion_en_dias_tos_paroxistica','Duración en días: tos paroxística','NUMERO',0,'CASO_INDICE',0,NULL,NULL,NULL,NULL,'FICHA_MINSA',2),(11992,2103,'a37_0_duracion_en_dias_tos_persistente_en_1_ano','Duración en días: tos persistente en ≥1 año','NUMERO',0,'CASO_INDICE',0,NULL,NULL,NULL,NULL,'FICHA_MINSA',3),(11993,2103,'a37_0_tos_paroxistica_10_golpes_de_tos','Tos paroxística (>10 golpes de tos)','SI_NO_FECHA',0,'CASO_INDICE',0,NULL,NULL,NULL,NULL,'FICHA_MINSA',4),(11994,2103,'a37_0_tos_persistente_2_semanas','Tos persistente (>2 semanas)','SI_NO_FECHA',0,'CASO_INDICE',0,NULL,NULL,NULL,NULL,'FICHA_MINSA',5),(11995,2103,'a37_0_estridor','Estridor','SI_NO_FECHA',0,'CASO_INDICE',0,NULL,NULL,NULL,NULL,'FICHA_MINSA',6),(11996,2103,'a37_0_vomitos_despues_de_la_tos','Vómitos después de la tos','SI_NO_FECHA',0,'CASO_INDICE',0,NULL,NULL,NULL,NULL,'FICHA_MINSA',7),(11997,2103,'a37_0_apnea','Apnea','SI_NO_FECHA',0,'CASO_INDICE',0,NULL,NULL,NULL,NULL,'FICHA_MINSA',8),(11998,2103,'a37_0_cianosis','Cianosis','SI_NO_FECHA',0,'CASO_INDICE',0,NULL,NULL,NULL,NULL,'FICHA_MINSA',9),(11999,2103,'a37_0_otros_sintomas','Otros síntomas','SI_NO_FECHA',0,'CASO_INDICE',0,NULL,NULL,NULL,NULL,'FICHA_MINSA',10),(12000,2104,'a37_0_paciente_recibio_antibiotico','¿Paciente recibió antibiótico?','BOOLEANO',0,'CASO_INDICE',0,NULL,NULL,NULL,NULL,'FICHA_MINSA',1),(12001,2104,'a37_0_antibioticos_recibidos','Antibióticos recibidos','MATRIZ',0,'CASO_INDICE',0,NULL,NULL,NULL,'{\"columnas\":[\"Dosis\",\"Fecha de inicio\",\"Vía de administración\",\"N.° de días\"],\"filas\":[\"Antibiótico 1\",\"Antibiótico 2\",\"Antibiótico 3\"],\"filas_nota\":null}','FICHA_MINSA',2),(12002,2105,'a37_0_neumonia','Neumonía','SI_NO_FECHA',0,'CASO_INDICE',0,NULL,NULL,NULL,NULL,'FICHA_MINSA',1),(12003,2105,'a37_0_convulsiones','Convulsiones','SI_NO_FECHA',0,'CASO_INDICE',0,NULL,NULL,NULL,NULL,'FICHA_MINSA',2),(12004,2105,'a37_0_encefalopatia','Encefalopatía','SI_NO_FECHA',0,'CASO_INDICE',0,NULL,NULL,NULL,NULL,'FICHA_MINSA',3),(12005,2105,'a37_0_anorexia','Anorexia','SI_NO_FECHA',0,'CASO_INDICE',0,NULL,NULL,NULL,NULL,'FICHA_MINSA',4),(12006,2105,'a37_0_desnutricion','Desnutrición','SI_NO_FECHA',0,'CASO_INDICE',0,NULL,NULL,NULL,NULL,'FICHA_MINSA',5),(12007,2105,'a37_0_deshidratacion','Deshidratación','SI_NO_FECHA',0,'CASO_INDICE',0,NULL,NULL,NULL,NULL,'FICHA_MINSA',6),(12008,2105,'a37_0_otitis_media','Otitis media','SI_NO_FECHA',0,'CASO_INDICE',0,NULL,NULL,NULL,NULL,'FICHA_MINSA',7),(12009,2105,'a37_0_otros','Otros','SI_NO_FECHA',0,'CASO_INDICE',0,NULL,NULL,NULL,NULL,'FICHA_MINSA',8),(12010,2105,'a37_0_hospitalizacion','Hospitalización','BOOLEANO',0,'CASO_INDICE',0,NULL,NULL,NULL,NULL,'FICHA_MINSA',9),(12011,2105,'a37_0_n_historia_clinica','N.° historia clínica','TEXTO',0,'CASO_INDICE',0,NULL,NULL,NULL,NULL,'FICHA_MINSA',10),(12012,2105,'a37_0_nombre_de_establecimiento_de_salud','Nombre de establecimiento de salud','TEXTO',0,'CASO_INDICE',0,NULL,NULL,NULL,NULL,'FICHA_MINSA',11),(12013,2105,'a37_0_fecha_de_hospitalizacion','Fecha de hospitalización','FECHA',0,'CASO_INDICE',0,NULL,NULL,NULL,NULL,'FICHA_MINSA',12),(12014,2105,'a37_0_n_de_dias_de_hospitalizacion','N.° de días de hospitalización','NUMERO',0,'CASO_INDICE',0,NULL,NULL,NULL,NULL,'FICHA_MINSA',13),(12015,2105,'a37_0_dx_de_ingreso','Dx de ingreso','TEXTO',0,'CASO_INDICE',0,NULL,NULL,NULL,NULL,'FICHA_MINSA',14),(12016,2105,'a37_0_fecha_de_alta','Fecha de alta','FECHA',0,'CASO_INDICE',0,NULL,NULL,NULL,NULL,'FICHA_MINSA',15),(12017,2105,'a37_0_dx_de_egreso','Dx de egreso','TEXTO',0,'CASO_INDICE',0,NULL,NULL,NULL,NULL,'FICHA_MINSA',16),(12018,2105,'a37_0_presenta_alguna_comorbilidad','¿Presenta alguna comorbilidad?','SELECT',0,'CASO_INDICE',0,145,NULL,NULL,NULL,'FICHA_MINSA',17),(12019,2105,'a37_0_comorbilidad_especificar','Comorbilidad (especificar)','TEXTO',0,'CASO_INDICE',0,NULL,12018,'SI',NULL,'FICHA_MINSA',18),(12020,2105,'a37_0_se_diagnosticaron_otras_infecciones_por_laborator','¿Se diagnosticaron otras infecciones por laboratorio?','SELECT',0,'CASO_INDICE',0,145,NULL,NULL,NULL,'FICHA_MINSA',19),(12021,2105,'a37_0_otras_infecciones_especificar','Otras infecciones (especificar)','TEXTO',0,'CASO_INDICE',0,NULL,NULL,NULL,NULL,'FICHA_MINSA',20),(12022,2105,'a37_0_fecha_de_diagnostico_de_otras_infecciones','Fecha de diagnóstico de otras infecciones','FECHA',0,'CASO_INDICE',0,NULL,NULL,NULL,NULL,'FICHA_MINSA',21),(12023,2105,'a37_0_defuncion','Defunción','BOOLEANO',0,'CASO_INDICE',0,NULL,NULL,NULL,NULL,'FICHA_MINSA',22),(12024,2105,'a37_0_fecha_de_defuncion','Fecha de defunción','FECHA',0,'CASO_INDICE',0,NULL,NULL,NULL,NULL,'FICHA_MINSA',23),(12025,2105,'a37_0_causa_basica_de_defuncion','Causa básica de defunción','TEXTO',0,'CASO_INDICE',0,NULL,NULL,NULL,NULL,'FICHA_MINSA',24),(12026,2106,'a37_0_la_madre_fue_vacunada_con_tdap_durante_la_gestaci','¿La madre fue vacunada con Tdap durante la gestación? (si el caso es <1 año)','BOOLEANO',0,'CASO_INDICE',0,NULL,NULL,NULL,NULL,'FICHA_MINSA',1),(12027,2106,'a37_0_fecha_de_vacunacion_tdap_de_la_madre','Fecha de vacunación Tdap de la madre','FECHA',0,'CASO_INDICE',0,NULL,NULL,NULL,NULL,'FICHA_MINSA',2),(12028,2106,'a37_0_la_gestante_recibio_tdap_si_el_caso_es_gestante','¿La gestante recibió Tdap? (si el caso es gestante)','BOOLEANO',0,'CASO_INDICE',0,NULL,NULL,NULL,NULL,'FICHA_MINSA',3),(12029,2106,'a37_0_semana_de_gestacion_durante_la_vacunacion_tdap','Semana de gestación durante la vacunación Tdap','NUMERO',0,'CASO_INDICE',0,NULL,NULL,NULL,NULL,'FICHA_MINSA',4),(12030,2106,'a37_0_fecha_de_vacunacion_tdap_gestante','Fecha de vacunación Tdap (gestante)','FECHA',0,'CASO_INDICE',0,NULL,NULL,NULL,NULL,'FICHA_MINSA',5),(12031,2107,'a37_0_contacto_con_casos_probables_o_confirmados_de_tos','¿Contacto con casos probables o confirmados de tos ferina?','SELECT',0,'CASO_INDICE',0,145,NULL,NULL,NULL,'FICHA_MINSA',1),(12032,2107,'a37_0_algun_miembro_de_la_familia_o_persona_cercana_ha_','¿Algún miembro de la familia o persona cercana ha tenido tos por más de 2 semanas?','BOOLEANO',0,'CASO_INDICE',0,NULL,NULL,NULL,NULL,'FICHA_MINSA',2),(12033,2107,'a37_0_contactos_directos_domiciliarios','Contactos directos domiciliarios','NUMERO',0,'CASO_INDICE',0,NULL,NULL,NULL,NULL,'FICHA_MINSA',3),(12034,2107,'a37_0_contactos_directos_extradomiciliarios','Contactos directos extradomiciliarios','NUMERO',0,'CASO_INDICE',0,NULL,NULL,NULL,NULL,'FICHA_MINSA',4),(12035,2107,'a37_0_contactos_por_lugar','Contactos por lugar','MATRIZ',0,'CASO_INDICE',0,NULL,NULL,NULL,'{\"columnas\":[\"Total\",\"Con síntomas\",\"Esquema de vacunación completo\",\"Esquema de vacunación incompleto\",\"Recibieron vacunación\",\"Recibieron antibióticos\"],\"filas\":[\"Casa\",\"Nido\\/guardería\",\"Colegio\",\"Centro de trabajo\",\"Establecimiento de salud\",\"Otro\"],\"filas_nota\":null}','FICHA_MINSA',5),(12036,2108,'a37_0_clasificacion_final','Clasificación final','SELECT',0,'CASO_INDICE',0,394,NULL,NULL,NULL,'FICHA_MINSA',1),(12037,2109,'b01_fecha_de_inicio_de_erupcion_dermica','Fecha de inicio de erupción dérmica','FECHA',0,'CASO_INDICE',0,NULL,NULL,NULL,NULL,'FICHA_MINSA',1),(12038,2109,'b01_tipo_de_lesion_dermica','Tipo de lesión dérmica','MULTISELECT',0,'CASO_INDICE',0,395,NULL,NULL,NULL,'FICHA_MINSA',2),(12039,2109,'b01_fecha_de_inicio_de_fiebre','Fecha de inicio de fiebre','FECHA',0,'CASO_INDICE',0,NULL,NULL,NULL,NULL,'FICHA_MINSA',3),(12040,2109,'b01_temperatura_c','Temperatura (°C)','NUMERO',0,'CASO_INDICE',0,NULL,NULL,NULL,NULL,'FICHA_MINSA',4),(12041,2109,'b01_n_de_dias_de_duracion','N.° de días de duración','NUMERO',0,'CASO_INDICE',0,NULL,NULL,NULL,NULL,'FICHA_MINSA',5),(12042,2110,'b01_complicaciones','Complicaciones','MULTISELECT',0,'CASO_INDICE',0,396,NULL,NULL,NULL,'FICHA_MINSA',1),(12043,2110,'b01_otras_complicaciones_especificar','Otras complicaciones (especificar)','TEXTO',0,'CASO_INDICE',0,NULL,NULL,NULL,NULL,'FICHA_MINSA',2),(12044,2111,'b01_factores_de_riesgo','Factores de riesgo','MULTISELECT',0,'CASO_INDICE',0,397,NULL,NULL,NULL,'FICHA_MINSA',1),(12045,2111,'b01_otros_factores_de_riesgo_especificar','Otros factores de riesgo (especificar)','TEXTO',0,'CASO_INDICE',0,NULL,NULL,NULL,NULL,'FICHA_MINSA',2),(12046,2112,'b01_hospitalizacion','Hospitalización','BOOLEANO',0,'CASO_INDICE',0,NULL,NULL,NULL,NULL,'FICHA_MINSA',1),(12047,2112,'b01_establecimiento','Establecimiento','TEXTO',0,'CASO_INDICE',0,NULL,NULL,NULL,NULL,'FICHA_MINSA',2),(12048,2112,'b01_fecha_de_hospitalizacion','Fecha de hospitalización','FECHA',0,'CASO_INDICE',0,NULL,NULL,NULL,NULL,'FICHA_MINSA',3),(12049,2112,'b01_n_de_dias','N.° de días','NUMERO',0,'CASO_INDICE',0,NULL,NULL,NULL,NULL,'FICHA_MINSA',4),(12050,2112,'b01_condicion_de_egreso','Condición de egreso','SELECT',0,'CASO_INDICE',0,398,NULL,NULL,NULL,'FICHA_MINSA',5),(12051,2112,'b01_fecha_de_egreso','Fecha de egreso','FECHA',0,'CASO_INDICE',0,NULL,NULL,NULL,NULL,'FICHA_MINSA',6),(12052,2112,'b01_referido_a','Referido a','TEXTO',0,'CASO_INDICE',0,NULL,NULL,NULL,NULL,'FICHA_MINSA',7),(12053,2112,'b01_causa_de_muerte','Causa de muerte','TEXTO',0,'CASO_INDICE',0,NULL,NULL,NULL,NULL,'FICHA_MINSA',8),(12054,2113,'b01_en_las_ultimas_2_a_3_semanas_estuvo_en_contacto_con','¿En las últimas 2 a 3 semanas estuvo en contacto con otro caso de varicela?','SELECT',0,'CASO_INDICE',0,140,NULL,NULL,NULL,'FICHA_MINSA',1),(12055,2113,'b01_contactos_por_lugar','Contactos por lugar','MATRIZ',0,'CASO_INDICE',0,NULL,NULL,NULL,'{\"columnas\":[\"Nombre del lugar\",\"Dirección\",\"N.° de contactos sanos\",\"N.° de contactos enfermos\"],\"filas\":[\"Casa\",\"Nido\\/guardería\",\"Colegio\",\"Universidad\\/Instituto\",\"Centro de trabajo\",\"Establecimiento de Salud\",\"Otros\"],\"filas_nota\":null}','FICHA_MINSA',2),(12056,2113,'b01_tuvo_contacto_con_gestante','¿Tuvo contacto con gestante?','BOOLEANO',0,'CASO_INDICE',0,NULL,NULL,NULL,NULL,'FICHA_MINSA',3),(12057,2113,'b01_fecha_de_contacto_con_gestante','Fecha de contacto con gestante','FECHA',0,'CASO_INDICE',0,NULL,NULL,NULL,NULL,'FICHA_MINSA',4),(12058,2113,'b01_semanas_de_gestacion_contacto','Semanas de gestación (contacto)','NUMERO',0,'CASO_INDICE',0,NULL,NULL,NULL,NULL,'FICHA_MINSA',5),(12059,2114,'b26_fecha_de_inicio_de_sintomas','Fecha de inicio de síntomas','FECHA',0,'CASO_INDICE',0,NULL,NULL,NULL,NULL,'FICHA_MINSA',1),(12060,2114,'b26_presento_inflamacion_de_glandulas_parotidas','¿Presentó inflamación de glándulas parótidas?','BOOLEANO',0,'CASO_INDICE',0,NULL,NULL,NULL,NULL,'FICHA_MINSA',2),(12061,2114,'b26_fecha_de_inicio_de_parotiditis','Fecha de inicio de parotiditis','FECHA',0,'CASO_INDICE',0,NULL,NULL,NULL,NULL,'FICHA_MINSA',3),(12062,2114,'b26_n_de_dias_de_duracion','N.° de días de duración','NUMERO',0,'CASO_INDICE',0,NULL,NULL,NULL,NULL,'FICHA_MINSA',4),(12063,2114,'b26_localizacion','Localización','SELECT',0,'CASO_INDICE',0,399,NULL,NULL,NULL,'FICHA_MINSA',5),(12064,2114,'b26_inflamacion_de_glandulas_submandibulares','Inflamación de glándulas submandibulares','BOOLEANO',0,'CASO_INDICE',0,NULL,NULL,NULL,NULL,'FICHA_MINSA',6),(12065,2114,'b26_inflamacion_de_glandulas_sublinguales','Inflamación de glándulas sublinguales','BOOLEANO',0,'CASO_INDICE',0,NULL,NULL,NULL,NULL,'FICHA_MINSA',7),(12066,2115,'b26_orquitis','Orquitis','SI_NO_FECHA',0,'CASO_INDICE',0,NULL,NULL,NULL,NULL,'FICHA_MINSA',1),(12067,2115,'b26_ooforitis','Ooforitis','SI_NO_FECHA',0,'CASO_INDICE',0,NULL,NULL,NULL,NULL,'FICHA_MINSA',2),(12068,2115,'b26_perdida_de_audicion','Pérdida de audición','SI_NO_FECHA',0,'CASO_INDICE',0,NULL,NULL,NULL,NULL,'FICHA_MINSA',3),(12069,2115,'b26_encefalitis','Encefalitis','SI_NO_FECHA',0,'CASO_INDICE',0,NULL,NULL,NULL,NULL,'FICHA_MINSA',4),(12070,2115,'b26_meningitis','Meningitis','SI_NO_FECHA',0,'CASO_INDICE',0,NULL,NULL,NULL,NULL,'FICHA_MINSA',5),(12071,2115,'b26_otras','Otras','SI_NO_FECHA',0,'CASO_INDICE',0,NULL,NULL,NULL,NULL,'FICHA_MINSA',6),(12072,2116,'b26_hospitalizacion','Hospitalización','BOOLEANO',0,'CASO_INDICE',0,NULL,NULL,NULL,NULL,'FICHA_MINSA',1),(12073,2116,'b26_establecimiento','Establecimiento','TEXTO',0,'CASO_INDICE',0,NULL,NULL,NULL,NULL,'FICHA_MINSA',2),(12074,2116,'b26_fecha_de_hospitalizacion','Fecha de hospitalización','FECHA',0,'CASO_INDICE',0,NULL,NULL,NULL,NULL,'FICHA_MINSA',3),(12075,2116,'b26_n_de_dias','N.° de días','NUMERO',0,'CASO_INDICE',0,NULL,NULL,NULL,NULL,'FICHA_MINSA',4),(12076,2116,'b26_condicion_de_egreso','Condición de egreso','SELECT',0,'CASO_INDICE',0,398,NULL,NULL,NULL,'FICHA_MINSA',5),(12077,2116,'b26_fecha_de_egreso','Fecha de egreso','FECHA',0,'CASO_INDICE',0,NULL,NULL,NULL,NULL,'FICHA_MINSA',6),(12078,2116,'b26_referido_a','Referido a','TEXTO',0,'CASO_INDICE',0,NULL,NULL,NULL,NULL,'FICHA_MINSA',7),(12079,2116,'b26_causa_de_muerte','Causa de muerte','TEXTO',0,'CASO_INDICE',0,NULL,NULL,NULL,NULL,'FICHA_MINSA',8),(12080,2117,'b26_en_las_ultimas_2_a_4_semanas_estuvo_en_contacto_con','¿En las últimas 2 a 4 semanas estuvo en contacto con otro caso de parotiditis?','SELECT',0,'CASO_INDICE',0,140,NULL,NULL,NULL,'FICHA_MINSA',1),(12081,2117,'b26_contactos_por_lugar','Contactos por lugar','MATRIZ',0,'CASO_INDICE',0,NULL,NULL,NULL,'{\"columnas\":[\"Nombre del lugar\",\"Dirección\",\"N.° de contactos sanos\",\"N.° de contactos enfermos\"],\"filas\":[\"Nido\\/guardería\",\"Casa\",\"Universidad\\/Instituto\",\"Colegio\",\"Escuela Militar\\/policial\",\"Centro de trabajo\",\"Establecimiento de Salud\",\"Otros\"],\"filas_nota\":null}','FICHA_MINSA',2),(12082,2117,'b26_tuvo_contacto_con_gestante','¿Tuvo contacto con gestante?','BOOLEANO',0,'CASO_INDICE',0,NULL,NULL,NULL,NULL,'FICHA_MINSA',3),(12083,2117,'b26_trimestre_de_gestacion_contacto','Trimestre de gestación (contacto)','SELECT',0,'CASO_INDICE',0,400,NULL,NULL,NULL,'FICHA_MINSA',4),(12084,2118,'a36_fecha_de_inicio','Fecha de inicio','FECHA',0,'CASO_INDICE',0,NULL,NULL,NULL,NULL,'FICHA_MINSA',1),(12085,2118,'a36_temperatura_c','Temperatura °C','NUMERO',0,'CASO_INDICE',0,NULL,NULL,NULL,NULL,'FICHA_MINSA',2),(12086,2118,'a36_signos_clinicos','Signos clínicos','GRUPO_SI_NO',0,'CASO_INDICE',0,6,NULL,NULL,NULL,'FICHA_MINSA',3),(12087,2118,'a36_presencia_de_placa_seudomembrana','Presencia de placa (seudomembrana)','GRUPO_SI_NO',0,'CASO_INDICE',0,7,NULL,NULL,NULL,'FICHA_MINSA',4),(12088,2119,'a36_hospitalizado','Hospitalizado','SELECT',0,'CASO_INDICE',0,140,NULL,NULL,NULL,'FICHA_MINSA',1),(12089,2119,'a36_antibiotico_antes_del_ingreso','¿Antibiótico antes del ingreso?','BOOLEANO',0,'CASO_INDICE',0,NULL,NULL,NULL,NULL,'FICHA_MINSA',2),(12090,2119,'a36_antibiotico_antes_del_ingreso_especificar','Antibiótico antes del ingreso (especificar)','TEXTO',0,'CASO_INDICE',0,NULL,NULL,NULL,NULL,'FICHA_MINSA',3),(12091,2119,'a36_hospital','Hospital','TEXTO',0,'CASO_INDICE',0,NULL,NULL,NULL,NULL,'FICHA_MINSA',4),(12092,2119,'a36_fecha_de_hospitalizacion','Fecha de hospitalización','FECHA',0,'CASO_INDICE',0,NULL,NULL,NULL,NULL,'FICHA_MINSA',5),(12093,2119,'a36_tratamiento_recibido','Tratamiento recibido','MULTISELECT',0,'CASO_INDICE',0,141,NULL,NULL,NULL,'FICHA_MINSA',6),(12094,2119,'a36_tratamiento_especificar','Tratamiento (especificar)','TEXTO',0,'CASO_INDICE',0,NULL,NULL,NULL,NULL,'FICHA_MINSA',7),(12095,2119,'a36_egreso_del_hospital','Egreso del hospital','SELECT',0,'CASO_INDICE',0,142,NULL,NULL,NULL,'FICHA_MINSA',8),(12096,2119,'a36_fecha_de_alta','Fecha de alta','FECHA',0,'CASO_INDICE',0,NULL,NULL,NULL,NULL,'FICHA_MINSA',9),(12097,2119,'a36_fecha_de_defuncion','Fecha de defunción','FECHA',0,'CASO_INDICE',0,NULL,NULL,NULL,NULL,'FICHA_MINSA',10),(12098,2119,'a36_complicaciones','Complicaciones','MULTISELECT',0,'CASO_INDICE',0,269,NULL,NULL,NULL,'FICHA_MINSA',11),(12099,2120,'a36_estuvo_en_contacto_con_un_posible_caso_de_difteria','¿Estuvo en contacto con un posible caso de difteria?','SELECT',0,'CASO_INDICE',0,140,NULL,NULL,NULL,'FICHA_MINSA',1),(12100,2120,'a36_sabe_si_hay_casos_similares_en_la_zona','¿Sabe si hay casos similares en la zona?','SELECT',0,'CASO_INDICE',0,140,NULL,NULL,NULL,'FICHA_MINSA',2),(12101,2120,'a36_aislamiento_domiciliario','Aislamiento domiciliario','SELECT',0,'CASO_INDICE',0,140,NULL,NULL,NULL,'FICHA_MINSA',3),(12102,2120,'a36_fecha_de_aislamiento','Fecha de aislamiento','FECHA',0,'CASO_INDICE',0,NULL,NULL,NULL,NULL,'FICHA_MINSA',4),(12103,2121,'a95_fiebre','Fiebre','SI_NO_FECHA',0,'CASO_INDICE',0,NULL,NULL,NULL,NULL,'FICHA_MINSA',1),(12104,2121,'a95_ictericia','Ictericia','SI_NO_FECHA',0,'CASO_INDICE',0,NULL,NULL,NULL,NULL,'FICHA_MINSA',2),(12105,2121,'a95_pulso_lento_en_relacion_a_la_fiebre','Pulso lento en relación a la fiebre','SI_NO_FECHA',0,'CASO_INDICE',0,NULL,NULL,NULL,NULL,'FICHA_MINSA',3),(12106,2121,'a95_hemorragia_nasal','Hemorragia nasal','SI_NO_FECHA',0,'CASO_INDICE',0,NULL,NULL,NULL,NULL,'FICHA_MINSA',4),(12107,2121,'a95_melena_hematemesis','Melena / hematemesis','SI_NO_FECHA',0,'CASO_INDICE',0,NULL,NULL,NULL,NULL,'FICHA_MINSA',5),(12108,2121,'a95_petequias','Petequias','SI_NO_FECHA',0,'CASO_INDICE',0,NULL,NULL,NULL,NULL,'FICHA_MINSA',6),(12109,2121,'a95_diarreas','Diarreas','SI_NO_FECHA',0,'CASO_INDICE',0,NULL,NULL,NULL,NULL,'FICHA_MINSA',7),(12110,2121,'a95_hipertension','Hipertensión','SI_NO_FECHA',0,'CASO_INDICE',0,NULL,NULL,NULL,NULL,'FICHA_MINSA',8),(12111,2121,'a95_oliguria','Oliguria','SI_NO_FECHA',0,'CASO_INDICE',0,NULL,NULL,NULL,NULL,'FICHA_MINSA',9),(12112,2121,'a95_proteinuria','Proteinuria','SI_NO_FECHA',0,'CASO_INDICE',0,NULL,NULL,NULL,NULL,'FICHA_MINSA',10),(12113,2121,'a95_coluria','Coluria','SI_NO_FECHA',0,'CASO_INDICE',0,NULL,NULL,NULL,NULL,'FICHA_MINSA',11),(12114,2121,'a95_hepatomegalia','Hepatomegalia','SI_NO_FECHA',0,'CASO_INDICE',0,NULL,NULL,NULL,NULL,'FICHA_MINSA',12),(12115,2122,'a95_tiempo_que_reside_en_domicilio_actual_anos','Tiempo que reside en domicilio actual (años)','NUMERO',0,'CASO_INDICE',0,NULL,NULL,NULL,NULL,'FICHA_MINSA',1),(12116,2122,'a95_tiempo_que_reside_en_domicilio_actual_meses','Tiempo que reside en domicilio actual (meses)','NUMERO',0,'CASO_INDICE',0,NULL,NULL,NULL,NULL,'FICHA_MINSA',2),(12117,2122,'a95_si_reside_menos_de_6_meses_donde_vivia_anteriorment','Si reside menos de 6 meses, ¿dónde vivía anteriormente?','TEXTO',0,'CASO_INDICE',0,NULL,NULL,NULL,NULL,'FICHA_MINSA',3),(12118,2122,'a95_localidades_visitadas_en_los_ultimos_10_dias','Localidades visitadas en los últimos 10 días','TEXTAREA',0,'CASO_INDICE',0,NULL,NULL,NULL,NULL,'FICHA_MINSA',4),(12119,2123,'a95_casos_reportados_en_los_ultimos_10_dias','Casos reportados en los últimos 10 días','GRUPO_SI_NO',0,'CASO_INDICE',0,401,NULL,NULL,NULL,'FICHA_MINSA',1),(12120,2123,'a95_cuantas_personas_viven_en_su_casa','Cuántas personas viven en su casa','NUMERO',0,'CASO_INDICE',0,NULL,NULL,NULL,NULL,'FICHA_MINSA',2),(12121,2123,'a95_viajo_en_los_ultimos_6_meses','¿Viajó en los últimos 6 meses?','BOOLEANO',0,'CASO_INDICE',0,NULL,NULL,NULL,NULL,'FICHA_MINSA',3),(12122,2124,'a95_hospitalizado','Hospitalizado','BOOLEANO',0,'CASO_INDICE',0,NULL,NULL,NULL,NULL,'FICHA_MINSA',1),(12123,2124,'a95_fecha_de_hospitalizacion','Fecha de hospitalización','FECHA',0,'CASO_INDICE',0,NULL,NULL,NULL,NULL,'FICHA_MINSA',2),(12124,2124,'a95_hospital','Hospital','TEXTO',0,'CASO_INDICE',0,NULL,NULL,NULL,NULL,'FICHA_MINSA',3),(12125,2124,'a95_n_h_c','N.° H.C.','TEXTO',0,'CASO_INDICE',0,NULL,NULL,NULL,NULL,'FICHA_MINSA',4),(12126,2124,'a95_tiempo_de_enfermedad_al_momento_de_la_hospitalizaci','Tiempo de enfermedad al momento de la hospitalización (días)','NUMERO',0,'CASO_INDICE',0,NULL,NULL,NULL,NULL,'FICHA_MINSA',5),(12127,2124,'a95_tiempo_de_traslado_desde_el_domicilio_horas','Tiempo de traslado desde el domicilio (horas)','NUMERO',0,'CASO_INDICE',0,NULL,NULL,NULL,NULL,'FICHA_MINSA',6),(12128,2124,'a95_tiempo_de_traslado_desde_el_domicilio_minutos','Tiempo de traslado desde el domicilio (minutos)','NUMERO',0,'CASO_INDICE',0,NULL,NULL,NULL,NULL,'FICHA_MINSA',7),(12129,2124,'a95_dx_de_ingreso_1','Dx de ingreso 1','TEXTO',0,'CASO_INDICE',0,NULL,NULL,NULL,NULL,'FICHA_MINSA',8),(12130,2124,'a95_dx_de_ingreso_2','Dx de ingreso 2','TEXTO',0,'CASO_INDICE',0,NULL,NULL,NULL,NULL,'FICHA_MINSA',9),(12131,2124,'a95_condicion_de_egreso','Condición de egreso','SELECT',0,'CASO_INDICE',0,146,NULL,NULL,NULL,'FICHA_MINSA',10),(12132,2124,'a95_dx_de_egreso','Dx de egreso','TEXTO',0,'CASO_INDICE',0,NULL,NULL,NULL,NULL,'FICHA_MINSA',11),(12133,2124,'a95_fecha_de_egreso','Fecha de egreso','FECHA',0,'CASO_INDICE',0,NULL,NULL,NULL,NULL,'FICHA_MINSA',12),(12134,2124,'a95_necropsia','Necropsia','BOOLEANO',0,'CASO_INDICE',0,NULL,12131,'FALLECIDO',NULL,'FICHA_MINSA',13),(12135,2124,'a95_dx_macroscopico','Dx macroscópico','TEXTO',0,'CASO_INDICE',0,NULL,12131,'FALLECIDO',NULL,'FICHA_MINSA',14),(12136,2124,'a95_dx_microscopico','Dx microscópico','TEXTO',0,'CASO_INDICE',0,NULL,12131,'FALLECIDO',NULL,'FICHA_MINSA',15),(12137,2124,'a95_fecha_de_necropsia','Fecha de necropsia','FECHA',0,'CASO_INDICE',0,NULL,12131,'FALLECIDO',NULL,'FICHA_MINSA',16),(12138,2125,'a95_criterio_de_clasificacion','Criterio de clasificación','MULTISELECT',0,'CASO_INDICE',0,402,NULL,NULL,NULL,'FICHA_MINSA',1),(12139,2125,'a95_dx_de_descarte','Dx de descarte','TEXTO',0,'CASO_INDICE',0,NULL,NULL,NULL,NULL,'FICHA_MINSA',2),(12140,2126,'b55_lugar_de_contagio_localidad','Lugar de contagio: localidad','TEXTO',0,'CASO_INDICE',0,NULL,NULL,NULL,NULL,'FICHA_MINSA',1),(12141,2126,'b55_lugar_de_contagio_distrito','Lugar de contagio: distrito','TEXTO',0,'CASO_INDICE',0,NULL,NULL,NULL,NULL,'FICHA_MINSA',2),(12142,2126,'b55_lugar_de_contagio_provincia','Lugar de contagio: provincia','TEXTO',0,'CASO_INDICE',0,NULL,NULL,NULL,NULL,'FICHA_MINSA',3),(12143,2126,'b55_lugar_de_contagio_departamento','Lugar de contagio: departamento','TEXTO',0,'CASO_INDICE',0,NULL,NULL,NULL,NULL,'FICHA_MINSA',4),(12144,2126,'b55_tiempo_de_permanencia_en_el_lugar_de_contagio','Tiempo de permanencia en el lugar de contagio','TEXTO',0,'CASO_INDICE',0,NULL,NULL,NULL,NULL,'FICHA_MINSA',5),(12145,2126,'b55_actividad_que_desarrollo_durante_el_contagio','Actividad que desarrolló durante el contagio','SELECT',0,'CASO_INDICE',0,403,NULL,NULL,NULL,'FICHA_MINSA',6),(12146,2126,'b55_existen_otras_personas_con_lesiones_similares_en_su','¿Existen otras personas con lesiones similares en su vivienda o localidad?','BOOLEANO',0,'CASO_INDICE',0,NULL,NULL,NULL,NULL,'FICHA_MINSA',7),(12147,2127,'b55_sintomas','Síntomas','MULTISELECT',0,'CASO_INDICE',0,404,NULL,NULL,NULL,'FICHA_MINSA',1),(12148,2127,'b55_antecedente_de_otras_enfermedades','Antecedente de otras enfermedades','MULTISELECT',0,'CASO_INDICE',0,405,NULL,NULL,NULL,'FICHA_MINSA',2),(12149,2127,'b55_alergia_a_medicinas','Alergia a medicinas','BOOLEANO',0,'CASO_INDICE',0,NULL,NULL,NULL,NULL,'FICHA_MINSA',3),(12150,2127,'b55_alergia_a_medicinas_especificar','Alergia a medicinas (especificar)','TEXTO',0,'CASO_INDICE',0,NULL,NULL,NULL,NULL,'FICHA_MINSA',4),(12151,2127,'b55_fecha_de_ultima_regla','Fecha de última regla','FECHA',0,'CASO_INDICE',0,NULL,NULL,NULL,NULL,'FICHA_MINSA',5),(12152,2127,'b55_mac_usado','MAC usado','TEXTO',0,'CASO_INDICE',0,NULL,NULL,NULL,NULL,'FICHA_MINSA',6),(12153,2127,'b55_medicinas_usadas_actualmente','Medicinas usadas actualmente','TEXTAREA',0,'CASO_INDICE',0,NULL,NULL,NULL,NULL,'FICHA_MINSA',7),(12154,2128,'b55_n_de_lesiones_activas','N.° de lesiones activas','NUMERO',0,'CASO_INDICE',0,NULL,NULL,NULL,NULL,'FICHA_MINSA',1),(12155,2128,'b55_n_de_cicatrices','N.° de cicatrices','NUMERO',0,'CASO_INDICE',0,NULL,NULL,NULL,NULL,'FICHA_MINSA',2),(12156,2128,'b55_lesiones','Lesiones','MATRIZ',0,'CASO_INDICE',0,NULL,NULL,NULL,'{\"columnas\":[\"Fecha de inicio\",\"Tipo (Úlcera\\/Nódulo\\/Verrugosa\\/Cicatriz)\",\"Localización (Cabeza\\/Miembro superior\\/Miembro inferior\\/Torso\\/Pelvis)\",\"Ganglios (Sí\\/No)\",\"Infección (Sí\\/No)\",\"Diámetros (mm)\",\"Superficie (mm²)\"],\"filas\":null,\"filas_nota\":\"dinámico (una fila por lesión reportada)\"}','FICHA_MINSA',3),(12157,2129,'b55_enfermedad_mucosa','Enfermedad mucosa','BOOLEANO',0,'CASO_INDICE',0,NULL,NULL,NULL,NULL,'FICHA_MINSA',1),(12158,2129,'b55_fecha_de_inicio_de_sintomas_mucosa','Fecha de inicio de síntomas mucosa','FECHA',0,'CASO_INDICE',0,NULL,NULL,NULL,NULL,'FICHA_MINSA',2),(12159,2129,'b55_tiempo_anos','Tiempo (años)','NUMERO',0,'CASO_INDICE',0,NULL,NULL,NULL,NULL,'FICHA_MINSA',3),(12160,2129,'b55_tiempo_meses','Tiempo (meses)','NUMERO',0,'CASO_INDICE',0,NULL,NULL,NULL,NULL,'FICHA_MINSA',4),(12161,2129,'b55_compromiso_de_estructuras','Compromiso de estructuras','MATRIZ',0,'CASO_INDICE',0,NULL,NULL,NULL,'{\"columnas\":[\"Compromiso\",\"Eritema\",\"Edema\",\"Infiltración\",\"Úlcera\",\"N.° de lesiones y características\"],\"filas\":[\"Narinas\",\"1\\/3 anterior\",\"Septo nasal\",\"Cornetes\",\"Labios\",\"Arcada\",\"Paladar\",\"Úvula\",\"Faringe\",\"Epiglotis\",\"Cuerdas vocales\",\"Otros\"],\"filas_nota\":null}','FICHA_MINSA',5),(12162,2130,'b55_signos_de_leishmaniasis_visceral','Signos de leishmaniasis visceral','MULTISELECT',0,'CASO_INDICE',0,406,NULL,NULL,NULL,'FICHA_MINSA',1),(12163,2131,'b55_forma','Forma','SELECT',0,'CASO_INDICE',0,407,NULL,NULL,NULL,'FICHA_MINSA',1),(12164,2131,'b55_situacion','Situación','SELECT',0,'CASO_INDICE',0,408,NULL,NULL,NULL,'FICHA_MINSA',2),(12165,2131,'b55_tratamiento','Tratamiento','SELECT',0,'CASO_INDICE',0,409,NULL,NULL,NULL,'FICHA_MINSA',3),(12166,2132,'b57_fecha_probable_de_contagio','Fecha probable de contagio','FECHA',0,'CASO_INDICE',0,NULL,NULL,NULL,NULL,'FICHA_MINSA',1),(12167,2132,'b57_tiempo_de_permanencia_en_el_lugar_probable_de_conta','Tiempo de permanencia en el lugar probable de contagio','TEXTO',0,'CASO_INDICE',0,NULL,NULL,NULL,NULL,'FICHA_MINSA',2),(12168,2132,'b57_existe_chirimacha_o_chinche_en_su_casa','¿Existe \"chirimacha\" o chinche en su casa?','SELECT',0,'CASO_INDICE',0,140,NULL,NULL,NULL,'FICHA_MINSA',3),(12169,2132,'b57_ha_sido_picado_por_una_chirimacha_o_chinche','¿Ha sido picado por una \"chirimacha\" o chinche?','SELECT',0,'CASO_INDICE',0,140,NULL,NULL,NULL,'FICHA_MINSA',4),(12170,2132,'b57_fecha_de_la_picadura','Fecha de la picadura','FECHA',0,'CASO_INDICE',0,NULL,NULL,NULL,NULL,'FICHA_MINSA',5),(12171,2132,'b57_ha_recibido_transfusion_sin_control_para_chagas','¿Ha recibido transfusión sin control para Chagas?','SELECT',0,'CASO_INDICE',0,140,NULL,NULL,NULL,'FICHA_MINSA',6),(12172,2132,'b57_cuantas_veces_transfusion','Cuántas veces (transfusión)','NUMERO',0,'CASO_INDICE',0,NULL,NULL,NULL,NULL,'FICHA_MINSA',7),(12173,2132,'b57_fecha_de_la_ultima_transfusion','Fecha de la última transfusión','FECHA',0,'CASO_INDICE',0,NULL,NULL,NULL,NULL,'FICHA_MINSA',8),(12174,2132,'b57_antecedente_de_madre_seropositiva','¿Antecedente de madre seropositiva?','SELECT',0,'CASO_INDICE',0,140,NULL,NULL,NULL,'FICHA_MINSA',9),(12175,2132,'b57_otra_persona_con_cuadro_similar_en_la_casa_o_lugar_','¿Otra persona con cuadro similar en la casa o lugar de contagio?','SELECT',0,'CASO_INDICE',0,140,NULL,NULL,NULL,'FICHA_MINSA',10),(12176,2132,'b57_posible_forma_de_transmision','Posible forma de transmisión','SELECT',0,'CASO_INDICE',0,410,NULL,NULL,NULL,'FICHA_MINSA',11),(12177,2133,'b57_condicion','Condición','SELECT',0,'CASO_INDICE',0,411,NULL,NULL,NULL,'FICHA_MINSA',1),(12178,2133,'b57_fecha_de_inicio_de_sintomas','Fecha de inicio de síntomas','FECHA',0,'CASO_INDICE',0,NULL,NULL,NULL,NULL,'FICHA_MINSA',2),(12179,2133,'b57_etapa_aguda','Etapa aguda','GRUPO_SI_NO',0,'CASO_INDICE',0,412,NULL,NULL,NULL,'FICHA_MINSA',3),(12180,2133,'b57_etapa_cronica','Etapa crónica','GRUPO_SI_NO',0,'CASO_INDICE',0,413,NULL,NULL,NULL,'FICHA_MINSA',4),(12181,2134,'b57_hospitalizado','Hospitalizado','BOOLEANO',0,'CASO_INDICE',0,NULL,NULL,NULL,NULL,'FICHA_MINSA',1),(12182,2134,'b57_fecha_de_hospitalizacion','Fecha de hospitalización','FECHA',0,'CASO_INDICE',0,NULL,NULL,NULL,NULL,'FICHA_MINSA',2),(12183,2134,'b57_hospital','Hospital','TEXTO',0,'CASO_INDICE',0,NULL,NULL,NULL,NULL,'FICHA_MINSA',3),(12184,2134,'b57_n_h_c','N.° H.C.','TEXTO',0,'CASO_INDICE',0,NULL,NULL,NULL,NULL,'FICHA_MINSA',4),(12185,2134,'b57_dx_de_ingreso_1','Dx de ingreso 1','TEXTO',0,'CASO_INDICE',0,NULL,NULL,NULL,NULL,'FICHA_MINSA',5),(12186,2134,'b57_dx_de_ingreso_2','Dx de ingreso 2','TEXTO',0,'CASO_INDICE',0,NULL,NULL,NULL,NULL,'FICHA_MINSA',6),(12187,2134,'b57_condicion_de_egreso','Condición de egreso','SELECT',0,'CASO_INDICE',0,146,NULL,NULL,NULL,'FICHA_MINSA',7),(12188,2134,'b57_necropsia','Necropsia','BOOLEANO',0,'CASO_INDICE',0,NULL,NULL,NULL,NULL,'FICHA_MINSA',8),(12189,2135,'b57_recibio_tratamiento','Recibió tratamiento','BOOLEANO',0,'CASO_INDICE',0,NULL,NULL,NULL,NULL,'FICHA_MINSA',1),(12190,2136,'b57_clasificacion_final','Clasificación final','SELECT',0,'CASO_INDICE',0,414,NULL,NULL,NULL,'FICHA_MINSA',1),(12191,2136,'b57_fecha_de_clasificacion','Fecha de clasificación','FECHA',0,'CASO_INDICE',0,NULL,NULL,NULL,NULL,'FICHA_MINSA',2),(12192,2136,'b57_criterio_de_descarte','Criterio de descarte','TEXTO',0,'CASO_INDICE',0,NULL,NULL,NULL,NULL,'FICHA_MINSA',3),(12193,2137,'a44_fecha_de_inicio_de_enfermedad','Fecha de inicio de enfermedad','FECHA',0,'CASO_INDICE',0,NULL,NULL,NULL,NULL,'FICHA_MINSA',1),(12194,2137,'a44_fecha_de_ingreso_al_estudio_o_diagnostico','Fecha de ingreso al estudio o diagnóstico','FECHA',0,'CASO_INDICE',0,NULL,NULL,NULL,NULL,'FICHA_MINSA',2),(12195,2138,'a44_sintomas','Síntomas','MULTISELECT',0,'CASO_INDICE',0,415,NULL,NULL,NULL,'FICHA_MINSA',1),(12196,2139,'a44_temperatura_c','Temperatura (°C)','NUMERO',0,'CASO_INDICE',0,NULL,NULL,NULL,NULL,'FICHA_MINSA',1),(12197,2139,'a44_presion_arterial','Presión arterial','TEXTO',0,'CASO_INDICE',0,NULL,NULL,NULL,NULL,'FICHA_MINSA',2),(12198,2139,'a44_frecuencia_respiratoria','Frecuencia respiratoria','NUMERO',0,'CASO_INDICE',0,NULL,NULL,NULL,NULL,'FICHA_MINSA',3),(12199,2139,'a44_pulso','Pulso','NUMERO',0,'CASO_INDICE',0,NULL,NULL,NULL,NULL,'FICHA_MINSA',4),(12200,2139,'a44_peso_kg','Peso (kg)','NUMERO',0,'CASO_INDICE',0,NULL,NULL,NULL,NULL,'FICHA_MINSA',5),(12201,2140,'a44_orientacion_lucido_tiempo_espacio_persona','Orientación (lúcido, tiempo, espacio, persona)','GRUPO_SI_NO',0,'CASO_INDICE',0,416,NULL,NULL,NULL,'FICHA_MINSA',1),(12202,2140,'a44_estado_general','Estado general','SELECT',0,'CASO_INDICE',0,10,NULL,NULL,NULL,'FICHA_MINSA',2),(12203,2140,'a44_estado_de_nutricion','Estado de nutrición','SELECT',0,'CASO_INDICE',0,10,NULL,NULL,NULL,'FICHA_MINSA',3),(12204,2140,'a44_estado_de_hidratacion','Estado de hidratación','SELECT',0,'CASO_INDICE',0,10,NULL,NULL,NULL,'FICHA_MINSA',4),(12205,2141,'a44_palidez','Palidez','SELECT',0,'CASO_INDICE',0,417,NULL,NULL,NULL,'FICHA_MINSA',1),(12206,2141,'a44_petequias','Petequias','BOOLEANO',0,'CASO_INDICE',0,NULL,NULL,NULL,NULL,'FICHA_MINSA',2),(12207,2141,'a44_localizacion_de_petequias','Localización de petequias','TEXTO',0,'CASO_INDICE',0,NULL,NULL,NULL,NULL,'FICHA_MINSA',3),(12208,2141,'a44_equimosis','Equimosis','BOOLEANO',0,'CASO_INDICE',0,NULL,NULL,NULL,NULL,'FICHA_MINSA',4),(12209,2141,'a44_localizacion_de_equimosis','Localización de equimosis','TEXTO',0,'CASO_INDICE',0,NULL,NULL,NULL,NULL,'FICHA_MINSA',5),(12210,2141,'a44_lesiones_eruptivas','Lesiones eruptivas','MATRIZ',0,'CASO_INDICE',0,NULL,NULL,NULL,'{\"columnas\":[\"N.°\",\"Cara\",\"Cuello\",\"Tronco\",\"Ext. superior\",\"Ext. inferior\",\"Sangrante\"],\"filas\":[\"Miliares\",\"Mulares\",\"Nodulares\"],\"filas_nota\":null}','FICHA_MINSA',6),(12211,2142,'a44_edema_localizacion','Edema, localización','MULTISELECT',0,'CASO_INDICE',0,418,NULL,NULL,NULL,'FICHA_MINSA',1),(12212,2143,'a44_ganglios_linfaticos','Ganglios linfáticos','MATRIZ',0,'CASO_INDICE',0,NULL,NULL,NULL,'{\"columnas\":[\"N.°\",\"Tamaño (mm)\",\"Móviles\",\"Dolorosos\"],\"filas\":[\"Axilares\",\"Inguinales\",\"Cervicales\",\"Epitrocleares\"],\"filas_nota\":null}','FICHA_MINSA',1),(12213,2144,'a44_hemoglobina','Hemoglobina','NUMERO',0,'CASO_INDICE',0,NULL,NULL,NULL,NULL,'FICHA_MINSA',1),(12214,2144,'a44_hematocrito','Hematocrito','NUMERO',0,'CASO_INDICE',0,NULL,NULL,NULL,NULL,'FICHA_MINSA',2),(12215,2144,'a44_transfusiones_u','Transfusiones (U)','NUMERO',0,'CASO_INDICE',0,NULL,NULL,NULL,NULL,'FICHA_MINSA',3),(12216,2144,'a44_antibioticos_usados','Antibióticos usados','MULTISELECT',0,'CASO_INDICE',0,419,NULL,NULL,NULL,'FICHA_MINSA',4),(12217,2145,'a44_hospitalizado','Hospitalizado','BOOLEANO',0,'CASO_INDICE',0,NULL,NULL,NULL,NULL,'FICHA_MINSA',1),(12218,2145,'a44_fecha_de_hospitalizacion','Fecha de hospitalización','FECHA',0,'CASO_INDICE',0,NULL,NULL,NULL,NULL,'FICHA_MINSA',2),(12219,2145,'a44_dias_de_hospitalizacion','Días de hospitalización','NUMERO',0,'CASO_INDICE',0,NULL,NULL,NULL,NULL,'FICHA_MINSA',3),(12220,2145,'a44_condicion_de_alta','Condición de alta','SELECT',0,'CASO_INDICE',0,420,NULL,NULL,NULL,'FICHA_MINSA',4),(12221,2146,'b04x_poblacion_especifica','Población específica','MULTISELECT',0,'CASO_INDICE',0,421,NULL,NULL,NULL,'FICHA_MINSA',1),(12222,2146,'b04x_orientacion_sexual','Orientación sexual','SELECT',0,'CASO_INDICE',1,422,NULL,NULL,NULL,'FICHA_MINSA',2),(12223,2147,'b04x_lugares_a_los_que_asistio','Lugares a los que asistió','MULTISELECT',0,'CASO_INDICE',0,423,NULL,NULL,NULL,'FICHA_MINSA',1),(12224,2147,'b04x_exposiciones_en_los_ultimos_21_dias','Exposiciones en los últimos 21 días','MULTISELECT',0,'CASO_INDICE',1,424,NULL,NULL,NULL,'FICHA_MINSA',2),(12225,2147,'b04x_exposicion_con_caso_probable_o_confirmado','¿Exposición con caso probable o confirmado?','SELECT',0,'CASO_INDICE',0,145,NULL,NULL,NULL,'FICHA_MINSA',3),(12226,2147,'b04x_contacto_directo_y_frecuente_con_animales','¿Contacto directo y frecuente con animales?','BOOLEANO',0,'CASO_INDICE',0,NULL,NULL,NULL,NULL,'FICHA_MINSA',4),(12227,2147,'b04x_animales_especificar','Animales (especificar)','MULTISELECT',0,'CASO_INDICE',0,425,NULL,NULL,NULL,'FICHA_MINSA',5),(12228,2148,'b04x_estado_inmunologico_deprimido','Estado inmunológico deprimido','SELECT',0,'CASO_INDICE',1,145,NULL,NULL,NULL,'FICHA_MINSA',1),(12229,2148,'b04x_por_enfermedad_especificar','Por enfermedad (especificar)','TEXTO',0,'CASO_INDICE',1,NULL,NULL,NULL,NULL,'FICHA_MINSA',2),(12230,2148,'b04x_por_medicacion_especificar','Por medicación (especificar)','TEXTO',0,'CASO_INDICE',1,NULL,NULL,NULL,NULL,'FICHA_MINSA',3),(12231,2148,'b04x_infeccion_vih','Infección VIH','SELECT',0,'CASO_INDICE',1,145,NULL,NULL,NULL,'FICHA_MINSA',4),(12232,2148,'b04x_fecha_de_diagnostico_vih','Fecha de diagnóstico VIH','FECHA',0,'CASO_INDICE',1,NULL,NULL,NULL,NULL,'FICHA_MINSA',5),(12233,2148,'b04x_recibe_tar','Recibe TAR','BOOLEANO',0,'CASO_INDICE',1,NULL,NULL,NULL,NULL,'FICHA_MINSA',6),(12234,2148,'b04x_ultimo_recuento_cd4','Último recuento CD4','NUMERO',0,'CASO_INDICE',1,NULL,NULL,NULL,NULL,'FICHA_MINSA',7),(12235,2148,'b04x_fecha_del_recuento_cd4','Fecha del recuento CD4','FECHA',0,'CASO_INDICE',1,NULL,NULL,NULL,NULL,'FICHA_MINSA',8),(12236,2148,'b04x_its_en_los_ultimos_12_meses','ITS en los últimos 12 meses','MULTISELECT',0,'CASO_INDICE',1,426,NULL,NULL,NULL,'FICHA_MINSA',9),(12237,2148,'b04x_comorbilidades','Comorbilidades','MULTISELECT',0,'CASO_INDICE',0,427,NULL,NULL,NULL,'FICHA_MINSA',10),(12238,2148,'b04x_cicatriz_por_vacuna_variolica_nacidos_hasta_1978','Cicatriz por vacuna variólica (nacidos hasta 1978)','SELECT',0,'CASO_INDICE',0,145,NULL,NULL,NULL,'FICHA_MINSA',11),(12239,2149,'b04x_fecha_de_inicio_de_sintomas_fis','Fecha de inicio de síntomas (FIS)','FECHA',0,'CASO_INDICE',0,NULL,NULL,NULL,NULL,'FICHA_MINSA',1),(12240,2149,'b04x_fecha_de_inicio_del_exantema_agudo','Fecha de inicio del exantema agudo','FECHA',0,'CASO_INDICE',0,NULL,NULL,NULL,NULL,'FICHA_MINSA',2),(12241,2149,'b04x_signos_y_sintomas','Signos y síntomas','MULTISELECT',0,'CASO_INDICE',0,428,NULL,NULL,NULL,'FICHA_MINSA',3),(12242,2149,'b04x_distribucion_del_sarpullido','Distribución del sarpullido','SELECT',0,'CASO_INDICE',0,429,NULL,NULL,NULL,'FICHA_MINSA',4),(12243,2149,'b04x_secuencia_de_aparicion_por_zona','Secuencia de aparición por zona','MATRIZ',0,'CASO_INDICE',0,NULL,NULL,NULL,'{\"columnas\":[\"N.° de orden de aparición\"],\"filas\":[\"Genital\\/perianal\",\"Oral (boca, labios)\",\"Cara\",\"Tórax, espalda\",\"Abdomen\",\"Extremidades superiores\",\"Extremidades inferiores\",\"Palma de mano\"],\"filas_nota\":null}','FICHA_MINSA',5),(12244,2149,'b04x_numero_de_lesiones','Número de lesiones','SELECT',0,'CASO_INDICE',0,430,NULL,NULL,NULL,'FICHA_MINSA',6),(12245,2149,'b04x_estadio_de_los_exantemas','Estadio de los exantemas','MULTISELECT',0,'CASO_INDICE',0,431,NULL,NULL,NULL,'FICHA_MINSA',7),(12246,2149,'b04x_tipo_de_presentacion','Tipo de presentación','SELECT',0,'CASO_INDICE',0,432,NULL,NULL,NULL,'FICHA_MINSA',8),(12247,2150,'b04x_hospitalizado','Hospitalizado','BOOLEANO',0,'CASO_INDICE',0,NULL,NULL,NULL,NULL,'FICHA_MINSA',1),(12248,2150,'b04x_fecha_de_ingreso','Fecha de ingreso','FECHA',0,'CASO_INDICE',0,NULL,NULL,NULL,NULL,'FICHA_MINSA',2),(12249,2150,'b04x_fecha_de_egreso','Fecha de egreso','FECHA',0,'CASO_INDICE',0,NULL,NULL,NULL,NULL,'FICHA_MINSA',3),(12250,2150,'b04x_hospital','Hospital','TEXTO',0,'CASO_INDICE',0,NULL,NULL,NULL,NULL,'FICHA_MINSA',4),(12251,2150,'b04x_motivo_de_ingreso','Motivo de ingreso','TEXTO',0,'CASO_INDICE',0,NULL,NULL,NULL,NULL,'FICHA_MINSA',5),(12252,2150,'b04x_dx_de_egreso_1','Dx de egreso 1','TEXTO',0,'CASO_INDICE',0,NULL,NULL,NULL,NULL,'FICHA_MINSA',6),(12253,2150,'b04x_dx_de_egreso_2','Dx de egreso 2','TEXTO',0,'CASO_INDICE',0,NULL,NULL,NULL,NULL,'FICHA_MINSA',7),(12254,2150,'b04x_uci','UCI','BOOLEANO',0,'CASO_INDICE',0,NULL,NULL,NULL,NULL,'FICHA_MINSA',8),(12255,2150,'b04x_fecha_de_ingreso_a_uci','Fecha de ingreso a UCI','FECHA',0,'CASO_INDICE',0,NULL,NULL,NULL,NULL,'FICHA_MINSA',9),(12256,2150,'b04x_defuncion','Defunción','BOOLEANO',0,'CASO_INDICE',0,NULL,NULL,NULL,NULL,'FICHA_MINSA',10),(12257,2150,'b04x_fecha_de_defuncion','Fecha de defunción','FECHA',0,'CASO_INDICE',0,NULL,NULL,NULL,NULL,'FICHA_MINSA',11),(12258,2150,'b04x_clasificacion_de_la_defuncion','Clasificación de la defunción','TEXTO',0,'CASO_INDICE',0,NULL,NULL,NULL,NULL,'FICHA_MINSA',12),(12259,2150,'b04x_alta_clinico_epidemiologica','Alta clínico-epidemiológica','BOOLEANO',0,'CASO_INDICE',0,NULL,NULL,NULL,NULL,'FICHA_MINSA',13),(12260,2150,'b04x_fecha_de_alta_clinico_epidemiologica','Fecha de alta clínico-epidemiológica','FECHA',0,'CASO_INDICE',0,NULL,NULL,NULL,NULL,'FICHA_MINSA',14),(12261,2151,'b04x_clasificacion','Clasificación','SELECT',0,'CASO_INDICE',0,433,NULL,NULL,NULL,'FICHA_MINSA',1),(12262,2152,'a00_de_donde_obtuvo_el_agua_en_los_ultimos_3_dias','¿De dónde obtuvo el agua en los últimos 3 días?','SELECT',0,'CASO_INDICE',0,434,NULL,NULL,NULL,'FICHA_MINSA',1),(12263,2152,'a00_almacena_agua_de_consumo_domestico','¿Almacena agua de consumo doméstico?','BOOLEANO',0,'CASO_INDICE',0,NULL,NULL,NULL,NULL,'FICHA_MINSA',2),(12264,2152,'a00_en_que_tipo_de_recipiente','¿En qué tipo de recipiente?','SELECT',0,'CASO_INDICE',0,117,NULL,NULL,NULL,'FICHA_MINSA',3),(12265,2152,'a00_nivel_de_cloro_verificado_con_comparador','Nivel de cloro verificado con comparador','TEXTO',0,'CASO_INDICE',0,NULL,NULL,NULL,NULL,'FICHA_MINSA',4),(12266,2152,'a00_los_recipientes_tienen_tapa','¿Los recipientes tienen tapa?','BOOLEANO',0,'CASO_INDICE',0,NULL,NULL,NULL,NULL,'FICHA_MINSA',5),(12267,2152,'a00_donde_consumio_alimentos_los_ultimos_3_dias','¿Dónde consumió alimentos los últimos 3 días?','MULTISELECT',0,'CASO_INDICE',0,435,NULL,NULL,NULL,'FICHA_MINSA',6),(12268,2152,'a00_para_menores_de_2_anos','Para menores de 2 años','MULTISELECT',0,'CASO_INDICE',0,436,NULL,NULL,NULL,'FICHA_MINSA',7),(12269,2152,'a00_eliminacion_de_excretas','Eliminación de excretas','SELECT',0,'CASO_INDICE',0,437,NULL,NULL,NULL,'FICHA_MINSA',8),(12270,2152,'a00_algun_miembro_de_la_familia_con_diarrea_en_los_ulti','¿Algún miembro de la familia con diarrea en los últimos 3 días?','BOOLEANO',0,'CASO_INDICE',0,NULL,NULL,NULL,NULL,'FICHA_MINSA',9),(12271,2153,'a00_sintomas','Síntomas','MULTISELECT',0,'CASO_INDICE',0,121,NULL,NULL,NULL,'FICHA_MINSA',1),(12272,2153,'a00_fecha_de_inicio_de_la_diarrea','Fecha de inicio de la diarrea','FECHA',0,'CASO_INDICE',0,NULL,NULL,NULL,NULL,'FICHA_MINSA',2),(12273,2153,'a00_n_de_dias_de_duracion','N.° de días de duración','NUMERO',0,'CASO_INDICE',0,NULL,NULL,NULL,NULL,'FICHA_MINSA',3),(12274,2153,'a00_consistencia_de_la_deposicion','Consistencia de la deposición','SELECT',0,'CASO_INDICE',0,122,NULL,NULL,NULL,'FICHA_MINSA',4),(12275,2153,'a00_tipo_de_diarrea','Tipo de diarrea','SELECT',0,'CASO_INDICE',0,123,NULL,NULL,NULL,'FICHA_MINSA',5),(12276,2153,'a00_presencia_de','Presencia de','SELECT',0,'CASO_INDICE',0,124,NULL,NULL,NULL,'FICHA_MINSA',6),(12277,2153,'a00_n_de_deposiciones_por_dia','N.° de deposiciones por día','NUMERO',0,'CASO_INDICE',0,NULL,NULL,NULL,NULL,'FICHA_MINSA',7),(12278,2153,'a00_clasificacion_de_la_diarrea','Clasificación de la diarrea','SELECT',0,'CASO_INDICE',0,125,NULL,NULL,NULL,'FICHA_MINSA',8),(12279,2154,'a00_plan_de_tratamiento','Plan de tratamiento','SELECT',0,'CASO_INDICE',0,438,NULL,NULL,NULL,'FICHA_MINSA',1),(12280,2154,'a00_tratamiento_antibiotico','Tratamiento antibiótico','BOOLEANO',0,'CASO_INDICE',0,NULL,NULL,NULL,NULL,'FICHA_MINSA',2),(12281,2154,'a00_antibiotico_usado','Antibiótico usado','SELECT',0,'CASO_INDICE',0,439,NULL,NULL,NULL,'FICHA_MINSA',3),(12282,2155,'a00_alta','Alta','BOOLEANO',0,'CASO_INDICE',0,NULL,NULL,NULL,NULL,'FICHA_MINSA',1),(12283,2155,'a00_fecha_de_alta','Fecha de alta','FECHA',0,'CASO_INDICE',0,NULL,NULL,NULL,NULL,'FICHA_MINSA',2),(12284,2155,'a00_hospitalizado','Hospitalizado','BOOLEANO',0,'CASO_INDICE',0,NULL,NULL,NULL,NULL,'FICHA_MINSA',3),(12285,2155,'a00_fecha_de_hospitalizacion','Fecha de hospitalización','FECHA',0,'CASO_INDICE',0,NULL,NULL,NULL,NULL,'FICHA_MINSA',4),(12286,2155,'a00_complicaciones','Complicaciones','MULTISELECT',0,'CASO_INDICE',0,127,NULL,NULL,NULL,'FICHA_MINSA',5),(12287,2155,'a00_fallecido','Fallecido','BOOLEANO',0,'CASO_INDICE',0,NULL,NULL,NULL,NULL,'FICHA_MINSA',6),(12288,2155,'a00_fecha_de_fallecimiento','Fecha de fallecimiento','FECHA',0,'CASO_INDICE',0,NULL,NULL,NULL,NULL,'FICHA_MINSA',7),(12289,2155,'a00_hora_de_fallecimiento','Hora de fallecimiento','TEXTO',0,'CASO_INDICE',0,NULL,NULL,NULL,NULL,'FICHA_MINSA',8),(12290,2155,'a00_lugar_de_fallecimiento','Lugar de fallecimiento','SELECT',0,'CASO_INDICE',0,440,NULL,NULL,NULL,'FICHA_MINSA',9),(12291,2155,'a00_transferencia','Transferencia','MULTISELECT',0,'CASO_INDICE',0,128,NULL,NULL,NULL,'FICHA_MINSA',10),(12292,2156,'a00_serogrupo','Serogrupo','SELECT',0,'CASO_INDICE',0,441,NULL,NULL,NULL,'FICHA_MINSA',1),(12293,2156,'a00_serotipo','Serotipo','SELECT',0,'CASO_INDICE',0,442,NULL,NULL,NULL,'FICHA_MINSA',2),(12294,2156,'a00_otro_microorganismo_aislado','Otro microorganismo aislado','TEXTO',0,'CASO_INDICE',0,NULL,NULL,NULL,NULL,'FICHA_MINSA',3),(12295,2157,'a00_clasificacion_final','Clasificación final','SELECT',0,'CASO_INDICE',0,129,NULL,NULL,NULL,'FICHA_MINSA',1),(12296,2158,'a35_fecha_de_inicio_de_lesion','Fecha de inicio de lesión','FECHA',0,'CASO_INDICE',0,NULL,NULL,NULL,NULL,'FICHA_MINSA',1),(12297,2158,'a35_fecha_de_inicio_de_sintomas','Fecha de inicio de síntomas','FECHA',0,'CASO_INDICE',0,NULL,NULL,NULL,NULL,'FICHA_MINSA',2),(12298,2158,'a35_no_recuerda_dia','No recuerda día','BOOLEANO',0,'CASO_INDICE',0,NULL,NULL,NULL,NULL,'FICHA_MINSA',3),(12299,2158,'a35_herida','Herida','SELECT',0,'CASO_INDICE',0,130,NULL,NULL,NULL,'FICHA_MINSA',4),(12300,2158,'a35_tipo_de_herida','Tipo de herida','SELECT',0,'CASO_INDICE',0,131,NULL,NULL,NULL,'FICHA_MINSA',5),(12301,2158,'a35_causa_de_la_herida','Causa de la herida','TEXTO',0,'CASO_INDICE',0,NULL,NULL,NULL,NULL,'FICHA_MINSA',6),(12302,2158,'a35_lugar_de_la_herida','Lugar de la herida','TEXTO',0,'CASO_INDICE',0,NULL,NULL,NULL,NULL,'FICHA_MINSA',7),(12303,2158,'a35_signos_y_sintomas','Signos y síntomas','GRUPO_SI_NO',0,'CASO_INDICE',0,132,NULL,NULL,NULL,'FICHA_MINSA',8),(12304,2158,'a35_complicaciones','Complicaciones','TEXTAREA',0,'CASO_INDICE',0,NULL,NULL,NULL,NULL,'FICHA_MINSA',9),(12305,2159,'a35_paciente_atendido_por','Paciente atendido por','SELECT',0,'CASO_INDICE',0,133,NULL,NULL,NULL,'FICHA_MINSA',1),(12306,2159,'a35_hospitalizado','Hospitalizado','BOOLEANO',0,'CASO_INDICE',0,NULL,NULL,NULL,NULL,'FICHA_MINSA',2),(12307,2159,'a35_fecha_de_hospitalizacion','Fecha de hospitalización','FECHA',0,'CASO_INDICE',0,NULL,NULL,NULL,NULL,'FICHA_MINSA',3),(12308,2159,'a35_hospital','Hospital','TEXTO',0,'CASO_INDICE',0,NULL,NULL,NULL,NULL,'FICHA_MINSA',4),(12309,2159,'a35_n_h_c','N.° H.C.','TEXTO',0,'CASO_INDICE',0,NULL,NULL,NULL,NULL,'FICHA_MINSA',5),(12310,2159,'a35_tiempo_de_hospitalizacion_dias','Tiempo de hospitalización (días)','NUMERO',0,'CASO_INDICE',0,NULL,NULL,NULL,NULL,'FICHA_MINSA',6),(12311,2159,'a35_condiciones_de_alta','Condiciones de alta','TEXTO',0,'CASO_INDICE',0,NULL,NULL,NULL,NULL,'FICHA_MINSA',7),(12312,2159,'a35_fecha_de_alta','Fecha de alta','FECHA',0,'CASO_INDICE',0,NULL,NULL,NULL,NULL,'FICHA_MINSA',8),(12313,2159,'a35_fallecido','Fallecido','SELECT',0,'CASO_INDICE',0,140,NULL,NULL,NULL,'FICHA_MINSA',9),(12314,2159,'a35_fecha_de_defuncion','Fecha de defunción','FECHA',0,'CASO_INDICE',0,NULL,NULL,NULL,NULL,'FICHA_MINSA',10),(12315,2160,'a35_diagnostico_definitivo','Diagnóstico definitivo','SELECT',0,'CASO_INDICE',0,134,NULL,NULL,NULL,'FICHA_MINSA',1),(12316,2161,'a33_fecha_de_inicio_de_sintomas','Fecha de inicio de síntomas','FECHA',0,'CASO_INDICE',0,NULL,NULL,NULL,NULL,'FICHA_MINSA',1),(12317,2161,'a33_succion_normal_durante_los_2_primeros_dias_de_vida','¿Succión normal durante los 2 primeros días de vida?','BOOLEANO',0,'CASO_INDICE',0,NULL,NULL,NULL,NULL,'FICHA_MINSA',2),(12318,2161,'a33_llanto_normal_durante_los_2_primeros_dias_de_vida','¿Llanto normal durante los 2 primeros días de vida?','BOOLEANO',0,'CASO_INDICE',0,NULL,NULL,NULL,NULL,'FICHA_MINSA',3),(12319,2161,'a33_signos_y_sintomas','Signos y síntomas','GRUPO_SI_NO',0,'CASO_INDICE',0,132,NULL,NULL,NULL,'FICHA_MINSA',4),(12320,2161,'a33_complicaciones','Complicaciones','TEXTAREA',0,'CASO_INDICE',0,NULL,NULL,NULL,NULL,'FICHA_MINSA',5),(12321,2161,'a33_atendido_por','Atendido por','SELECT',0,'CASO_INDICE',0,133,NULL,NULL,NULL,'FICHA_MINSA',6),(12322,2161,'a33_hospitalizado','Hospitalizado','BOOLEANO',0,'CASO_INDICE',0,NULL,NULL,NULL,NULL,'FICHA_MINSA',7),(12323,2161,'a33_fecha_de_hospitalizacion','Fecha de hospitalización','FECHA',0,'CASO_INDICE',0,NULL,NULL,NULL,NULL,'FICHA_MINSA',8),(12324,2161,'a33_hospital','Hospital','TEXTO',0,'CASO_INDICE',0,NULL,NULL,NULL,NULL,'FICHA_MINSA',9),(12325,2161,'a33_n_h_c','N.° H.C.','TEXTO',0,'CASO_INDICE',0,NULL,NULL,NULL,NULL,'FICHA_MINSA',10),(12326,2161,'a33_condiciones_de_alta','Condiciones de alta','TEXTO',0,'CASO_INDICE',0,NULL,NULL,NULL,NULL,'FICHA_MINSA',11),(12327,2161,'a33_fecha_de_alta','Fecha de alta','FECHA',0,'CASO_INDICE',0,NULL,NULL,NULL,NULL,'FICHA_MINSA',12),(12328,2161,'a33_fallecido','Fallecido','BOOLEANO',0,'CASO_INDICE',0,NULL,NULL,NULL,NULL,'FICHA_MINSA',13),(12329,2161,'a33_fecha_de_defuncion','Fecha de defunción','FECHA',0,'CASO_INDICE',0,NULL,NULL,NULL,NULL,'FICHA_MINSA',14),(12330,2162,'a33_nombres_y_apellidos_de_la_madre','Nombres y apellidos de la madre','TEXTO',0,'CASO_INDICE',0,NULL,NULL,NULL,NULL,'FICHA_MINSA',1),(12331,2162,'a33_edad_de_la_madre','Edad de la madre','NUMERO',0,'CASO_INDICE',0,NULL,NULL,NULL,NULL,'FICHA_MINSA',2),(12332,2162,'a33_n_de_embarazos','N.° de embarazos','NUMERO',0,'CASO_INDICE',0,NULL,NULL,NULL,NULL,'FICHA_MINSA',3),(12333,2162,'a33_n_de_partos','N.° de partos','NUMERO',0,'CASO_INDICE',0,NULL,NULL,NULL,NULL,'FICHA_MINSA',4),(12334,2162,'a33_n_de_hijos_fallecidos_antes_de_cumplir_28_dias','N.° de hijos fallecidos antes de cumplir 28 días','NUMERO',0,'CASO_INDICE',0,NULL,NULL,NULL,NULL,'FICHA_MINSA',5),(12335,2162,'a33_fecha_de_ultimo_parto','Fecha de último parto','FECHA',0,'CASO_INDICE',0,NULL,NULL,NULL,NULL,'FICHA_MINSA',6),(12336,2162,'a33_grado_de_instruccion','Grado de instrucción','SELECT',0,'CASO_INDICE',0,443,NULL,NULL,NULL,'FICHA_MINSA',7),(12337,2162,'a33_n_de_consultas_prenatales','N.° de consultas prenatales','NUMERO',0,'CASO_INDICE',0,NULL,NULL,NULL,NULL,'FICHA_MINSA',8),(12338,2163,'a33_atendido_por','Atendido por','SELECT',0,'CASO_INDICE',0,444,NULL,NULL,NULL,'FICHA_MINSA',1),(12339,2163,'a33_instrumento_utilizado_para_cortar_el_cordon_umbilic','Instrumento utilizado para cortar el cordón umbilical','TEXTO',0,'CASO_INDICE',0,NULL,NULL,NULL,NULL,'FICHA_MINSA',2),(12340,2163,'a33_tratamiento_aplicado_al_munon_umbilical_en_el_domic','Tratamiento aplicado al muñón umbilical en el domicilio','TEXTAREA',0,'CASO_INDICE',0,NULL,NULL,NULL,NULL,'FICHA_MINSA',3),(12341,2163,'a33_lugar_del_parto_establecimiento_de_salud','Lugar del parto: establecimiento de salud','TEXTO',0,'CASO_INDICE',0,NULL,NULL,NULL,NULL,'FICHA_MINSA',4),(12342,2164,'a33_diagnostico_definitivo','Diagnóstico definitivo','SELECT',0,'CASO_INDICE',0,134,NULL,NULL,NULL,'FICHA_MINSA',1),(12343,2165,'a80_fecha_de_inicio_de_sintomas_generales_prodromos','Fecha de inicio de síntomas generales (pródromos)','FECHA',0,'CASO_INDICE',0,NULL,NULL,NULL,NULL,'FICHA_MINSA',1),(12344,2165,'a80_semana_epidemiologica','Semana epidemiológica','NUMERO',0,'CASO_INDICE',0,NULL,NULL,NULL,NULL,'FICHA_MINSA',2),(12345,2165,'a80_fecha_de_la_fiebre_al_inicio','Fecha de la fiebre al inicio','FECHA',0,'CASO_INDICE',0,NULL,NULL,NULL,NULL,'FICHA_MINSA',3),(12346,2165,'a80_fecha_de_la_deficiencia_motora','Fecha de la deficiencia motora','FECHA',0,'CASO_INDICE',0,NULL,NULL,NULL,NULL,'FICHA_MINSA',4),(12347,2165,'a80_n_de_dias_con_paralisis','N.° de días con parálisis','NUMERO',0,'CASO_INDICE',0,NULL,NULL,NULL,NULL,'FICHA_MINSA',5),(12348,2165,'a80_progresion_de_la_paralisis','Progresión de la parálisis','SELECT',0,'CASO_INDICE',0,445,NULL,NULL,NULL,'FICHA_MINSA',6),(12349,2165,'a80_sintomas','Síntomas','GRUPO_SI_NO',0,'CASO_INDICE',0,446,NULL,NULL,NULL,'FICHA_MINSA',7),(12350,2165,'a80_signos','Signos','GRUPO_SI_NO',0,'CASO_INDICE',0,447,NULL,NULL,NULL,'FICHA_MINSA',8),(12351,2165,'a80_caracteristicas_paresia_paralisis_etc','Características (paresia, parálisis, etc.)','GRUPO_SI_NO',0,'CASO_INDICE',0,448,NULL,NULL,NULL,'FICHA_MINSA',9),(12352,2165,'a80_breve_descripcion_de_sensorio_marcha_y_paralisis','Breve descripción de sensorio, marcha y parálisis','TEXTAREA',0,'CASO_INDICE',0,NULL,NULL,NULL,NULL,'FICHA_MINSA',10),(12353,2166,'a80_fecha_de_examen_fisico','Fecha de examen físico','FECHA',0,'CASO_INDICE',0,NULL,NULL,NULL,NULL,'FICHA_MINSA',1),(12354,2166,'a80_realizado_por','Realizado por','TEXTO',0,'CASO_INDICE',0,NULL,NULL,NULL,NULL,'FICHA_MINSA',2),(12355,2166,'a80_dx_inicial_1','Dx inicial 1','TEXTO',0,'CASO_INDICE',0,NULL,NULL,NULL,NULL,'FICHA_MINSA',3),(12356,2166,'a80_dx_inicial_2','Dx inicial 2','TEXTO',0,'CASO_INDICE',0,NULL,NULL,NULL,NULL,'FICHA_MINSA',4),(12357,2166,'a80_fuerza_muscular','Fuerza muscular','MATRIZ',0,'CASO_INDICE',0,NULL,NULL,NULL,'{\"columnas\":[\"DIM\",\"AUS\",\"NORM\",\"IGN\"],\"filas\":[\"Miembro superior izquierdo\",\"Miembro superior derecho\",\"Miembro inferior izquierdo\",\"Miembro inferior derecho\"],\"filas_nota\":null}','FICHA_MINSA',5),(12358,2166,'a80_tono_muscular','Tono muscular','MATRIZ',0,'CASO_INDICE',0,NULL,NULL,NULL,'{\"columnas\":[\"DIM\",\"AUS\",\"NORM\",\"IGN\"],\"filas\":[\"Miembro superior izquierdo\",\"Miembro superior derecho\",\"Miembro inferior izquierdo\",\"Miembro inferior derecho\",\"Músculos cervicales\"],\"filas_nota\":null}','FICHA_MINSA',6),(12359,2166,'a80_reflejos','Reflejos','MATRIZ',0,'CASO_INDICE',0,NULL,NULL,NULL,'{\"columnas\":[\"DIM\",\"AUS\",\"NORM\",\"IGN\"],\"filas\":[\"Miembro superior izquierdo\",\"Miembro superior derecho\",\"Miembro inferior izquierdo\",\"Miembro inferior derecho\"],\"filas_nota\":null}','FICHA_MINSA',7),(12360,2166,'a80_musculos_respiratorios','Músculos respiratorios','BOOLEANO',0,'CASO_INDICE',0,NULL,NULL,NULL,NULL,'FICHA_MINSA',8),(12361,2166,'a80_musculos_cervicales','Músculos cervicales','BOOLEANO',0,'CASO_INDICE',0,NULL,NULL,NULL,NULL,'FICHA_MINSA',9),(12362,2166,'a80_cara_lado_afectado','Cara (lado afectado)','SELECT',0,'CASO_INDICE',0,449,NULL,NULL,NULL,'FICHA_MINSA',10),(12363,2166,'a80_signos_de_irritacion_meningea','Signos de irritación meníngea','MATRIZ',0,'CASO_INDICE',0,NULL,NULL,NULL,'{\"columnas\":[\"AUS\",\"PRES\",\"IGN\"],\"filas\":[\"Rigidez de nuca\",\"Kerning\",\"Brudzinski\",\"Lasegue\"],\"filas_nota\":null}','FICHA_MINSA',11),(12364,2167,'a80_hospitalizacion','Hospitalización','BOOLEANO',0,'CASO_INDICE',0,NULL,NULL,NULL,NULL,'FICHA_MINSA',1),(12365,2167,'a80_fecha_de_hospitalizacion','Fecha de hospitalización','FECHA',0,'CASO_INDICE',0,NULL,NULL,NULL,NULL,'FICHA_MINSA',2),(12366,2167,'a80_hospital','Hospital','TEXTO',0,'CASO_INDICE',0,NULL,NULL,NULL,NULL,'FICHA_MINSA',3),(12367,2167,'a80_servicio','Servicio','TEXTO',0,'CASO_INDICE',0,NULL,NULL,NULL,NULL,'FICHA_MINSA',4),(12368,2167,'a80_n_h_c','N.° H.C.','TEXTO',0,'CASO_INDICE',0,NULL,NULL,NULL,NULL,'FICHA_MINSA',5),(12369,2167,'a80_n_cama','N.° cama','TEXTO',0,'CASO_INDICE',0,NULL,NULL,NULL,NULL,'FICHA_MINSA',6),(12370,2167,'a80_ciudad','Ciudad','TEXTO',0,'CASO_INDICE',0,NULL,NULL,NULL,NULL,'FICHA_MINSA',7),(12371,2167,'a80_fallecido','Fallecido','BOOLEANO',0,'CASO_INDICE',0,NULL,NULL,NULL,NULL,'FICHA_MINSA',8),(12372,2167,'a80_fecha_de_fallecimiento','Fecha de fallecimiento','FECHA',0,'CASO_INDICE',0,NULL,NULL,NULL,NULL,'FICHA_MINSA',9),(12373,2167,'a80_causa','Causa','TEXTO',0,'CASO_INDICE',0,NULL,NULL,NULL,NULL,'FICHA_MINSA',10),(12374,2167,'a80_informe_de_necropsia','Informe de necropsia','TEXTAREA',0,'CASO_INDICE',0,NULL,NULL,NULL,NULL,'FICHA_MINSA',11),(12375,2168,'a80_visitas_recibidas_en_los_30_dias_antes','Visitas recibidas en los 30 días antes','BOOLEANO',0,'CASO_INDICE',0,NULL,NULL,NULL,NULL,'FICHA_MINSA',1),(12376,2168,'a80_de_donde_visitas','De dónde (visitas)','TEXTO',0,'CASO_INDICE',0,NULL,NULL,NULL,NULL,'FICHA_MINSA',2),(12377,2168,'a80_existen_otros_casos_semejantes_en_el_area','¿Existen otros casos semejantes en el área?','SELECT',0,'CASO_INDICE',0,450,NULL,NULL,NULL,'FICHA_MINSA',3),(12378,2169,'a80_evaluacion_del_trofismo_fuerza_tono_atrofia_sensibi','Evaluación del trofismo (fuerza, tono, atrofia, sensibilidad) a 30/60/90/180 días','MATRIZ',0,'CASO_INDICE',0,NULL,NULL,NULL,'{\"columnas\":[\"30 días\",\"60 días\",\"90 días\",\"180 días\"],\"filas\":[\"Miembro superior derecho\",\"Miembro superior izquierdo\",\"Miembro inferior derecho\",\"Miembro inferior izquierdo\",\"Cara\",\"Cervicales\"],\"filas_nota\":null}','FICHA_MINSA',1),(12379,2169,'a80_evaluacion_de_reflejos_a_30_60_90_180_dias','Evaluación de reflejos a 30/60/90/180 días','MATRIZ',0,'CASO_INDICE',0,NULL,NULL,NULL,'{\"columnas\":[\"30 días\",\"60 días\",\"90 días\",\"180 días\"],\"filas\":[\"Miembro superior derecho\",\"Miembro superior izquierdo\",\"Miembro inferior derecho\",\"Miembro inferior izquierdo\",\"Babinski\",\"Músculos respiratorios\"],\"filas_nota\":null}','FICHA_MINSA',2),(12380,2170,'a80_tipo_de_secuela','Tipo de secuela','SELECT',0,'CASO_INDICE',0,451,NULL,NULL,NULL,'FICHA_MINSA',1),(12381,2170,'a80_localizacion','Localización','MULTISELECT',0,'CASO_INDICE',0,452,NULL,NULL,NULL,'FICHA_MINSA',2),(12382,2170,'a80_electromiografia_realizado_por','Electromiografía: realizado por','TEXTO',0,'CASO_INDICE',0,NULL,NULL,NULL,NULL,'FICHA_MINSA',3),(12383,2170,'a80_electromiografia_fecha','Electromiografía: fecha','FECHA',0,'CASO_INDICE',0,NULL,NULL,NULL,NULL,'FICHA_MINSA',4),(12384,2170,'a80_electromiografia_conclusion','Electromiografía: conclusión','TEXTAREA',0,'CASO_INDICE',0,NULL,NULL,NULL,NULL,'FICHA_MINSA',5),(12385,2171,'a80_clasificacion_final','Clasificación final','SELECT',0,'CASO_INDICE',0,453,NULL,NULL,NULL,'FICHA_MINSA',1),(12386,2171,'a80_criterio_de_clasificacion','Criterio de clasificación','MULTISELECT',0,'CASO_INDICE',0,454,NULL,NULL,NULL,'FICHA_MINSA',2),(12387,2171,'a80_se_ha_descartado','Se ha descartado','MULTISELECT',0,'CASO_INDICE',0,455,NULL,NULL,NULL,'FICHA_MINSA',3),(12388,2172,'b05_fecha_de_inicio_de_fiebre','Fecha de inicio de fiebre','FECHA',0,'CASO_INDICE',0,NULL,NULL,NULL,NULL,'FICHA_MINSA',1),(12389,2172,'b05_fiebre_cuantificada','¿Fiebre cuantificada?','BOOLEANO',0,'CASO_INDICE',0,NULL,NULL,NULL,NULL,'FICHA_MINSA',2),(12390,2172,'b05_n_de_dias_de_duracion_de_la_fiebre','N.° de días de duración de la fiebre','NUMERO',0,'CASO_INDICE',0,NULL,NULL,NULL,NULL,'FICHA_MINSA',3),(12391,2172,'b05_temperatura_c','Temperatura (°C)','NUMERO',0,'CASO_INDICE',0,NULL,NULL,NULL,NULL,'FICHA_MINSA',4),(12392,2172,'b05_erupcion_cutanea','¿Erupción cutánea?','BOOLEANO',0,'CASO_INDICE',0,NULL,NULL,NULL,NULL,'FICHA_MINSA',5),(12393,2172,'b05_fecha_de_inicio_de_erupcion','Fecha de inicio de erupción','FECHA',0,'CASO_INDICE',0,NULL,NULL,NULL,NULL,'FICHA_MINSA',6),(12394,2172,'b05_n_de_dias_de_duracion_de_la_erupcion','N.° de días de duración de la erupción','NUMERO',0,'CASO_INDICE',0,NULL,NULL,NULL,NULL,'FICHA_MINSA',7),(12395,2172,'b05_estado_general','Estado general','SELECT',0,'CASO_INDICE',0,10,NULL,NULL,NULL,'FICHA_MINSA',8),(12396,2172,'b05_signos','Signos','GRUPO_SI_NO',0,'CASO_INDICE',0,8,NULL,NULL,NULL,'FICHA_MINSA',9),(12397,2172,'b05_descripcion_de_la_erupcion_cutanea','Descripción de la erupción cutánea','TEXTAREA',0,'CASO_INDICE',0,NULL,NULL,NULL,NULL,'FICHA_MINSA',10),(12398,2172,'b05_complicaciones','Complicaciones','GRUPO_SI_NO',0,'CASO_INDICE',0,9,NULL,NULL,NULL,'FICHA_MINSA',11),(12399,2172,'b05_hospitalizado','Hospitalizado','BOOLEANO',0,'CASO_INDICE',0,NULL,NULL,NULL,NULL,'FICHA_MINSA',12),(12400,2172,'b05_fecha_de_hospitalizacion','Fecha de hospitalización','FECHA',0,'CASO_INDICE',0,NULL,NULL,NULL,NULL,'FICHA_MINSA',13),(12401,2172,'b05_establecimiento_de_hospitalizacion','Establecimiento de hospitalización','TEXTO',0,'CASO_INDICE',0,NULL,NULL,NULL,NULL,'FICHA_MINSA',14),(12402,2172,'b05_n_de_historia_clinica','N.° de historia clínica','TEXTO',0,'CASO_INDICE',0,NULL,NULL,NULL,NULL,'FICHA_MINSA',15),(12403,2172,'b05_fallecido','Fallecido','BOOLEANO',0,'CASO_INDICE',0,NULL,NULL,NULL,NULL,'FICHA_MINSA',16),(12404,2172,'b05_fecha_de_defuncion','Fecha de defunción','FECHA',0,'CASO_INDICE',0,NULL,NULL,NULL,NULL,'FICHA_MINSA',17),(12405,2172,'b05_causa_basica_de_defuncion','Causa básica de defunción','TEXTO',0,'CASO_INDICE',0,NULL,NULL,NULL,NULL,'FICHA_MINSA',18),(12406,2173,'b05_cronologia_dia_10_a_10_dia_0_erupcion','Cronología (día -10 a +10, día 0 = erupción)','CRONOLOGIA',0,'CASO_INDICE',0,456,NULL,NULL,NULL,'FICHA_MINSA',1),(12407,2174,'b05_estado_vacunal','Estado vacunal','SELECT',0,'CASO_INDICE',0,11,NULL,NULL,NULL,'FICHA_MINSA',1),(12408,2174,'b05_tipo_de_vacuna','Tipo de vacuna','SELECT',0,'CASO_INDICE',0,457,NULL,NULL,NULL,'FICHA_MINSA',2),(12409,2174,'b05_n_de_dosis','N.° de dosis','SELECT',0,'CASO_INDICE',0,458,NULL,NULL,NULL,'FICHA_MINSA',3),(12410,2174,'b05_fecha_de_ultima_dosis','Fecha de última dosis','FECHA',0,'CASO_INDICE',0,NULL,NULL,NULL,NULL,'FICHA_MINSA',4),(12411,2174,'b05_n_de_lote','N.° de lote','TEXTO',0,'CASO_INDICE',0,NULL,NULL,NULL,NULL,'FICHA_MINSA',5),(12412,2174,'b05_fuente_de_informacion','Fuente de información','SELECT',0,'CASO_INDICE',0,459,NULL,NULL,NULL,'FICHA_MINSA',6),(12413,2174,'b05_ee_ss_donde_se_vacuno','EE.SS. donde se vacunó','TEXTO',0,'CASO_INDICE',0,NULL,NULL,NULL,NULL,'FICHA_MINSA',7),(12414,2175,'b05_captacion_del_caso','Captación del caso','SELECT',0,'CASO_INDICE',0,12,NULL,NULL,NULL,'FICHA_MINSA',1),(12415,2175,'b05_el_caso_es_contacto_de_otro_caso_conocido','¿El caso es contacto de otro caso conocido?','BOOLEANO',0,'CASO_INDICE',0,NULL,NULL,NULL,NULL,'FICHA_MINSA',2),(12416,2175,'b05_codigo_del_caso_con_el_que_tuvo_contacto','Código del caso con el que tuvo contacto','TEXTO',0,'CASO_INDICE',0,NULL,NULL,NULL,NULL,'FICHA_MINSA',3),(12417,2175,'b05_tuvo_contacto_con_gestante_en_las_primeras_20_seman','¿Tuvo contacto con gestante en las primeras 20 semanas?','BOOLEANO',0,'CASO_INDICE',0,NULL,NULL,NULL,NULL,'FICHA_MINSA',4),(12418,2175,'b05_nombre_de_la_gestante','Nombre de la gestante','TEXTO',0,'CASO_INDICE',0,NULL,NULL,NULL,NULL,'FICHA_MINSA',5),(12419,2175,'b05_fecha_del_contacto_con_la_gestante','Fecha del contacto con la gestante','FECHA',0,'CASO_INDICE',0,NULL,NULL,NULL,NULL,'FICHA_MINSA',6),(12420,2176,'b05_contacto_con','Contacto con','MULTISELECT',0,'CASO_INDICE',0,460,NULL,NULL,NULL,'FICHA_MINSA',1),(12421,2176,'b05_latitud_y_longitud_del_domicilio','Latitud y longitud del domicilio','TEXTO',0,'CASO_INDICE',0,NULL,NULL,NULL,NULL,'FICHA_MINSA',2),(12422,2177,'b05_busqueda_activa_institucional','¿Búsqueda activa institucional?','BOOLEANO',0,'CASO_INDICE',0,NULL,NULL,NULL,NULL,'FICHA_MINSA',1),(12423,2177,'b05_total_de_dx_revisados','Total de Dx revisados','NUMERO',0,'CASO_INDICE',0,NULL,NULL,NULL,NULL,'FICHA_MINSA',2),(12424,2177,'b05_casos_que_ya_existian','Casos que ya existían','NUMERO',0,'CASO_INDICE',0,NULL,NULL,NULL,NULL,'FICHA_MINSA',3),(12425,2177,'b05_casos_nuevos_ingresados','Casos nuevos ingresados','NUMERO',0,'CASO_INDICE',0,NULL,NULL,NULL,NULL,'FICHA_MINSA',4),(12426,2177,'b05_busqueda_activa_comunitaria','¿Búsqueda activa comunitaria?','BOOLEANO',0,'CASO_INDICE',0,NULL,NULL,NULL,NULL,'FICHA_MINSA',5),(12427,2177,'b05_casas_abiertas','Casas abiertas','NUMERO',0,'CASO_INDICE',0,NULL,NULL,NULL,NULL,'FICHA_MINSA',6),(12428,2177,'b05_casas_cerradas','Casas cerradas','NUMERO',0,'CASO_INDICE',0,NULL,NULL,NULL,NULL,'FICHA_MINSA',7),(12429,2177,'b05_casas_abandonadas','Casas abandonadas','NUMERO',0,'CASO_INDICE',0,NULL,NULL,NULL,NULL,'FICHA_MINSA',8),(12430,2177,'b05_total_de_casas','Total de casas','NUMERO',0,'CASO_INDICE',0,NULL,NULL,NULL,NULL,'FICHA_MINSA',9),(12431,2177,'b05_se_realizo_bloqueo_vacunal','¿Se realizó bloqueo vacunal?','BOOLEANO',0,'CASO_INDICE',0,NULL,NULL,NULL,NULL,'FICHA_MINSA',10),(12432,2177,'b05_fecha_de_inicio_del_bloqueo','Fecha de inicio del bloqueo','FECHA',0,'CASO_INDICE',0,NULL,NULL,NULL,NULL,'FICHA_MINSA',11),(12433,2177,'b05_fecha_de_termino_del_bloqueo','Fecha de término del bloqueo','FECHA',0,'CASO_INDICE',0,NULL,NULL,NULL,NULL,'FICHA_MINSA',12),(12434,2177,'b05_localidades_del_bloqueo','Localidades del bloqueo','TEXTAREA',0,'CASO_INDICE',0,NULL,NULL,NULL,NULL,'FICHA_MINSA',13),(12435,2177,'b05_numero_de_vacunados_en_el_bloqueo','Número de vacunados en el bloqueo','NUMERO',0,'CASO_INDICE',0,NULL,NULL,NULL,NULL,'FICHA_MINSA',14),(12436,2177,'b05_se_realizo_monitoreo_rapido_de_coberturas_mrc','¿Se realizó monitoreo rápido de coberturas (MRC)?','BOOLEANO',0,'CASO_INDICE',0,NULL,NULL,NULL,NULL,'FICHA_MINSA',15),(12437,2177,'b05_porcentaje_de_vacunados_mrc','Porcentaje de vacunados (MRC)','NUMERO',0,'CASO_INDICE',0,NULL,NULL,NULL,NULL,'FICHA_MINSA',16),(12438,2177,'b05_hubo_casos_reportados_de_sarampion_en_los_ultimos_3','¿Hubo casos reportados de sarampión en los últimos 30 días en su jurisdicción?','BOOLEANO',0,'CASO_INDICE',0,NULL,NULL,NULL,NULL,'FICHA_MINSA',17),(12439,2178,'b05_clasificacion','Clasificación','SELECT',0,'CASO_INDICE',0,14,NULL,NULL,NULL,'FICHA_MINSA',1),(12440,2178,'b05_criterio_de_confirmacion','Criterio de confirmación','SELECT',0,'CASO_INDICE',0,15,NULL,NULL,NULL,'FICHA_MINSA',2),(12441,2178,'b05_criterio_de_descarte','Criterio de descarte','SELECT',0,'CASO_INDICE',0,461,NULL,NULL,NULL,'FICHA_MINSA',3),(12442,2178,'b05_clasificacion_segun_fuente_de_infeccion','Clasificación según fuente de infección','SELECT',0,'CASO_INDICE',0,462,NULL,NULL,NULL,'FICHA_MINSA',4),(12443,2178,'b05_fecha_de_clasificacion_final','Fecha de clasificación final','FECHA',0,'CASO_INDICE',0,NULL,NULL,NULL,NULL,'FICHA_MINSA',5),(12444,2178,'b05_clasificado_por','Clasificado por','TEXTO',0,'CASO_INDICE',0,NULL,NULL,NULL,NULL,'FICHA_MINSA',6),(12445,2179,'z21_codigo','Código','TEXTO',0,'MADRE',1,NULL,NULL,NULL,NULL,'FICHA_MINSA',1),(12446,2179,'z21_fecha_de_reporte_de_la_ficha_de_investigacion_epide','Fecha de reporte de la ficha de investigación epidemiológica','FECHA',0,'MADRE',1,NULL,NULL,NULL,NULL,'FICHA_MINSA',2),(12447,2179,'z21_momento_de_diagnostico_de_infeccion_por_vih','Momento de diagnóstico de infección por VIH','SELECT',0,'MADRE',1,18,NULL,NULL,NULL,'FICHA_MINSA',3),(12448,2179,'z21_ano_de_diagnostico','Año de diagnóstico','NUMERO',0,'MADRE',1,NULL,NULL,NULL,NULL,'FICHA_MINSA',4),(12449,2179,'z21_momento_durante_la_gestacion','Momento durante la gestación','SELECT',0,'MADRE',1,19,NULL,NULL,NULL,'FICHA_MINSA',5),(12450,2179,'z21_prueba_de_tamizaje_n_1','Prueba de tamizaje N.° 1','FECHA',0,'MADRE',1,NULL,NULL,NULL,NULL,'FICHA_MINSA',6),(12451,2179,'z21_prueba_de_tamizaje_n_2','Prueba de tamizaje N.° 2','FECHA',0,'MADRE',1,NULL,NULL,NULL,NULL,'FICHA_MINSA',7),(12452,2179,'z21_prueba_confirmatoria','Prueba confirmatoria','FECHA',0,'MADRE',1,NULL,NULL,NULL,NULL,'FICHA_MINSA',8),(12453,2179,'z21_fur','FUR','FECHA',0,'MADRE',1,NULL,NULL,NULL,NULL,'FICHA_MINSA',9),(12454,2179,'z21_recibio_apn','¿Recibió APN?','BOOLEANO',0,'MADRE',1,NULL,NULL,NULL,NULL,'FICHA_MINSA',10),(12455,2179,'z21_embarazo_multiple','¿Embarazo múltiple?','BOOLEANO',0,'MADRE',1,NULL,NULL,NULL,NULL,'FICHA_MINSA',11),(12456,2179,'z21_recibio_arv','¿Recibió ARV?','BOOLEANO',0,'MADRE',1,NULL,NULL,NULL,NULL,'FICHA_MINSA',12),(12457,2179,'z21_fecha_de_inicio_de_arv','Fecha de inicio de ARV','FECHA',0,'MADRE',1,NULL,NULL,NULL,NULL,'FICHA_MINSA',13),(12458,2179,'z21_abandono_terapia_arv','¿Abandonó terapia ARV?','BOOLEANO',0,'MADRE',1,NULL,NULL,NULL,NULL,'FICHA_MINSA',14),(12459,2179,'z21_recibe_terapia_triple_targa','¿Recibe terapia triple / TARGA?','BOOLEANO',0,'MADRE',1,NULL,NULL,NULL,NULL,'FICHA_MINSA',15),(12460,2179,'z21_n_de_nacidos_vivos','N.° de nacidos vivos','NUMERO',0,'MADRE',1,NULL,NULL,NULL,NULL,'FICHA_MINSA',16),(12461,2179,'z21_n_de_obitos_fetales','N.° de óbitos fetales','NUMERO',0,'MADRE',1,NULL,NULL,NULL,NULL,'FICHA_MINSA',17),(12462,2179,'z21_aborto','Aborto','BOOLEANO',0,'MADRE',1,NULL,NULL,NULL,NULL,'FICHA_MINSA',18),(12463,2179,'z21_parto_por_cesarea','¿Parto por cesárea?','BOOLEANO',0,'MADRE',1,NULL,NULL,NULL,NULL,'FICHA_MINSA',19),(12464,2179,'z21_institucion_del_ee_ss_del_parto','Institución del EE.SS. del parto','SELECT',0,'MADRE',1,20,NULL,NULL,NULL,'FICHA_MINSA',20),(12465,2179,'z21_nombre_del_ee_ss_del_parto','Nombre del EE.SS. del parto','TEXTO',0,'MADRE',1,NULL,NULL,NULL,NULL,'FICHA_MINSA',21),(12466,2179,'z21_fecha_del_parto','Fecha del parto','FECHA',0,'MADRE',1,NULL,NULL,NULL,NULL,'FICHA_MINSA',22),(12467,2179,'z21_carga_viral_indetectable','¿Carga viral indetectable?','BOOLEANO',0,'MADRE',1,NULL,NULL,NULL,NULL,'FICHA_MINSA',23),(12468,2179,'z21_abandona_seguimiento','¿Abandona seguimiento?','BOOLEANO',0,'MADRE',1,NULL,NULL,NULL,NULL,'FICHA_MINSA',24),(12469,2179,'z21_la_gestante_fallece','¿La gestante fallece?','BOOLEANO',0,'MADRE',1,NULL,NULL,NULL,NULL,'FICHA_MINSA',25),(12470,2180,'z21_codigo_del_nino','Código del niño','TEXTO',0,'NINO_EXPUESTO',1,NULL,NULL,NULL,NULL,'FICHA_MINSA',1),(12471,2180,'z21_dni_del_nino','DNI del niño','TEXTO',0,'NINO_EXPUESTO',1,NULL,NULL,NULL,NULL,'FICHA_MINSA',2),(12472,2180,'z21_codigo_de_la_madre','Código de la madre','TEXTO',0,'NINO_EXPUESTO',1,NULL,NULL,NULL,NULL,'FICHA_MINSA',3),(12473,2180,'z21_dni_de_la_madre','DNI de la madre','TEXTO',0,'NINO_EXPUESTO',1,NULL,NULL,NULL,NULL,'FICHA_MINSA',4),(12474,2180,'z21_recibio_arv','¿Recibió ARV?','BOOLEANO',0,'NINO_EXPUESTO',1,NULL,NULL,NULL,NULL,'FICHA_MINSA',5),(12475,2180,'z21_fecha_de_inicio_de_arv','Fecha de inicio de ARV','FECHA',0,'NINO_EXPUESTO',1,NULL,NULL,NULL,NULL,'FICHA_MINSA',6),(12476,2180,'z21_abandono_terapia_arv','¿Abandonó terapia ARV?','BOOLEANO',0,'NINO_EXPUESTO',1,NULL,NULL,NULL,NULL,'FICHA_MINSA',7),(12477,2180,'z21_arv_recibido','ARV recibido','SELECT',0,'NINO_EXPUESTO',1,21,NULL,NULL,NULL,'FICHA_MINSA',8),(12478,2180,'z21_n_de_dias_que_tomo_arv','N.° de días que tomó ARV','NUMERO',0,'NINO_EXPUESTO',1,NULL,NULL,NULL,NULL,'FICHA_MINSA',9),(12479,2180,'z21_profilaxis_arv_de_acuerdo_a_nt_vigente','¿Profilaxis ARV de acuerdo a NT vigente?','BOOLEANO',0,'NINO_EXPUESTO',1,NULL,NULL,NULL,NULL,'FICHA_MINSA',10),(12480,2180,'z21_sucedaneos_de_leche_materna','¿Sucedáneos de leche materna?','BOOLEANO',0,'NINO_EXPUESTO',1,NULL,NULL,NULL,NULL,'FICHA_MINSA',11),(12481,2180,'z21_n_de_meses_que_recibio_sucedaneos','N.° de meses que recibió sucedáneos','NUMERO',0,'NINO_EXPUESTO',1,NULL,NULL,NULL,NULL,'FICHA_MINSA',12),(12482,2180,'z21_tomo_leche_materna','¿Tomó leche materna?','BOOLEANO',0,'NINO_EXPUESTO',1,NULL,NULL,NULL,NULL,'FICHA_MINSA',13),(12483,2180,'z21_estado_serologico_final','Estado serológico final','SELECT',0,'NINO_EXPUESTO',1,22,NULL,NULL,NULL,'FICHA_MINSA',14),(12484,2180,'z21_motivo_de_estado_indeterminado','Motivo de estado indeterminado','SELECT',0,'NINO_EXPUESTO',1,463,NULL,NULL,NULL,'FICHA_MINSA',15),(12485,2180,'z21_pruebas_diagnosticas','Pruebas diagnósticas','MATRIZ',0,'NINO_EXPUESTO',1,NULL,NULL,NULL,'{\"columnas\":[\"Fecha de toma de muestra\",\"Resultado\"],\"filas\":[\"1.er PCR\",\"2.° PCR\",\"Prueba de ELISA\",\"Prueba confirmatoria\"],\"filas_nota\":null}','FICHA_MINSA',16),(12486,2180,'z21_observaciones','Observaciones','TEXTAREA',0,'NINO_EXPUESTO',1,NULL,NULL,NULL,NULL,'FICHA_MINSA',17),(12487,2181,'b24_codigo_del_paciente','Código del paciente','TEXTO',0,'CASO_INDICE',1,NULL,NULL,NULL,NULL,'FICHA_MINSA',1),(12488,2181,'b24_dni_ce_pasaporte','DNI / CE / Pasaporte','TEXTO',0,'CASO_INDICE',1,NULL,NULL,NULL,NULL,'FICHA_MINSA',2),(12489,2182,'b24_motivo_de_notificacion','Motivo de notificación','SELECT',0,'CASO_INDICE',1,464,NULL,NULL,NULL,'FICHA_MINSA',1),(12490,2182,'b24_subtipo_infeccion_por_vih','Subtipo (infección por VIH)','MULTISELECT',0,'CASO_INDICE',1,26,NULL,NULL,NULL,'FICHA_MINSA',2),(12491,2183,'b24_estadio_de_infeccion_vih_al_momento_del_diagnostico','Estadio de infección VIH al momento del diagnóstico','SELECT',0,'CASO_INDICE',1,27,NULL,NULL,NULL,'FICHA_MINSA',1),(12492,2184,'b24_grado_de_instruccion','Grado de instrucción','SELECT',0,'CASO_INDICE',1,24,NULL,NULL,NULL,'FICHA_MINSA',1),(12493,2184,'b24_condicion_especial','Condición especial','MULTISELECT',0,'CASO_INDICE',1,28,NULL,NULL,NULL,'FICHA_MINSA',2),(12494,2184,'b24_sexo_al_nacer','Sexo al nacer','SELECT',0,'CASO_INDICE',1,29,NULL,NULL,NULL,'FICHA_MINSA',3),(12495,2184,'b24_identidad_de_genero','Identidad de género','SELECT',0,'CASO_INDICE',1,30,NULL,NULL,NULL,'FICHA_MINSA',4),(12496,2184,'b24_antecedentes_de_rs','Antecedentes de RS','SELECT',0,'CASO_INDICE',1,31,NULL,NULL,NULL,'FICHA_MINSA',5),(12497,2185,'b24_via_de_transmision','Vía de transmisión','SELECT',0,'CASO_INDICE',1,517,NULL,NULL,NULL,'FICHA_MINSA',1),(12498,2185,'b24_subtipo_via_sexual','Subtipo (vía sexual)','SELECT',0,'CASO_INDICE',1,518,12497,'SEXUAL',NULL,'FICHA_MINSA',2),(12499,2185,'b24_subtipo_via_parenteral','Subtipo (vía parenteral)','SELECT',0,'CASO_INDICE',1,519,12497,'PARENTERAL',NULL,'FICHA_MINSA',3),(12500,2186,'b24_fecha_de_inicio_de_tratamiento','Fecha de inicio de tratamiento','FECHA',0,'CASO_INDICE',1,NULL,NULL,NULL,NULL,'FICHA_MINSA',1),(12501,2186,'b24_estadio_sida_fecha_de_diagnostico','Estadio SIDA: fecha de diagnóstico','FECHA',0,'CASO_INDICE',1,NULL,NULL,NULL,NULL,'FICHA_MINSA',2),(12502,2186,'b24_criterio_diagnostico_de_sida','Criterio diagnóstico de SIDA','SELECT',0,'CASO_INDICE',1,33,NULL,NULL,NULL,'FICHA_MINSA',3),(12503,2186,'b24_enfermedades_indicadoras_de_sida','Enfermedades indicadoras de SIDA','MATRIZ',0,'CASO_INDICE',1,NULL,NULL,NULL,'{\"columnas\":[\"Descripción\",\"Código CIE-10\"],\"filas\":[\"Enfermedad indicadora 1\",\"Enfermedad indicadora 2\"],\"filas_nota\":null}','FICHA_MINSA',4),(12504,2187,'b24_tuberculosis','Tuberculosis','BOOLEANO',0,'CASO_INDICE',1,NULL,NULL,NULL,NULL,'FICHA_MINSA',1),(12505,2187,'b24_fecha_de_diagnostico_de_tuberculosis','Fecha de diagnóstico de tuberculosis','FECHA',0,'CASO_INDICE',1,NULL,NULL,NULL,NULL,'FICHA_MINSA',2),(12506,2187,'b24_hepatitis_b','Hepatitis B','BOOLEANO',0,'CASO_INDICE',1,NULL,NULL,NULL,NULL,'FICHA_MINSA',3),(12507,2187,'b24_fecha_de_diagnostico_de_hepatitis_b','Fecha de diagnóstico de hepatitis B','FECHA',0,'CASO_INDICE',1,NULL,NULL,NULL,NULL,'FICHA_MINSA',4),(12508,2187,'b24_hepatitis_c','Hepatitis C','BOOLEANO',0,'CASO_INDICE',1,NULL,NULL,NULL,NULL,'FICHA_MINSA',5),(12509,2187,'b24_fecha_de_diagnostico_de_hepatitis_c','Fecha de diagnóstico de hepatitis C','FECHA',0,'CASO_INDICE',1,NULL,NULL,NULL,NULL,'FICHA_MINSA',6),(12510,2188,'b24_fecha_de_defuncion','Fecha de defunción','FECHA',0,'CASO_INDICE',1,NULL,NULL,NULL,NULL,'FICHA_MINSA',1),(12511,2188,'b24_defuncion_relacionada_a_sida','¿Defunción relacionada a SIDA?','BOOLEANO',0,'CASO_INDICE',1,NULL,NULL,NULL,NULL,'FICHA_MINSA',2),(12512,2188,'b24_causa_de_muerte','Causa de muerte','TEXTO',0,'CASO_INDICE',1,NULL,NULL,NULL,NULL,'FICHA_MINSA',3),(12513,2189,'a50_investigacion_de','Investigación de','MULTISELECT',0,'CASO_INDICE',0,34,NULL,NULL,NULL,'FICHA_MINSA',1),(12514,2189,'a50_nivel_del_establecimiento','Nivel del establecimiento','SELECT',0,'CASO_INDICE',0,35,NULL,NULL,NULL,'FICHA_MINSA',2),(12515,2190,'a50_fur','FUR','FECHA',0,'MADRE',1,NULL,NULL,NULL,NULL,'FICHA_MINSA',1),(12516,2190,'a50_recibio_atencion_prenatal','¿Recibió atención prenatal?','SELECT',0,'MADRE',1,145,NULL,NULL,NULL,'FICHA_MINSA',2),(12517,2190,'a50_fecha_de_primer_control_prenatal','Fecha de primer control prenatal','FECHA',0,'MADRE',1,NULL,NULL,NULL,NULL,'FICHA_MINSA',3),(12518,2190,'a50_edad_gestacional_en_el_primer_control_prenatal','Edad gestacional en el primer control prenatal','NUMERO',0,'MADRE',1,NULL,NULL,NULL,NULL,'FICHA_MINSA',4),(12519,2190,'a50_pruebas_no_treponemicas_rpr_vdrl','Pruebas no treponémicas (RPR, VDRL)','MATRIZ',0,'MADRE',1,NULL,NULL,NULL,'{\"columnas\":[\"Fecha\",\"Resultado (Reactivo\\/No reactivo\\/Desconocido)\",\"Título\",\"Momento (Gestación\\/Parto\\/Puerperio)\"],\"filas\":[\"Primera (a)\",\"Más reciente (b)\"],\"filas_nota\":null}','FICHA_MINSA',5),(12520,2190,'a50_pruebas_treponemicas_tpha_tppa_fta_abs_elisa_rapida','Pruebas treponémicas (TPHA, TPPA, FTA Abs, ELISA, Rápida o Dual)','MATRIZ',0,'MADRE',1,NULL,NULL,NULL,'{\"columnas\":[\"Fecha\",\"Tipo de prueba\",\"Resultado\",\"Momento\"],\"filas\":[\"Primera (a)\",\"Más reciente (b)\"],\"filas_nota\":null}','FICHA_MINSA',6),(12521,2190,'a50_fue_la_madre_adecuadamente_tratada_durante_el_embar','¿Fue la madre adecuadamente tratada durante el embarazo?','SELECT',0,'MADRE',1,145,NULL,NULL,NULL,'FICHA_MINSA',7),(12522,2190,'a50_motivo_si_no_fue_tratada','Motivo (si no fue tratada)','SELECT',0,'MADRE',1,37,NULL,NULL,NULL,'FICHA_MINSA',8),(12523,2190,'a50_contacto_s_sexual_es_tratado_s','Contacto(s) sexual(es) tratado(s)','SELECT',0,'MADRE',1,145,NULL,NULL,NULL,'FICHA_MINSA',9),(12524,2190,'a50_n_de_contactos_sexuales_tratados','N.° de contactos sexuales tratados','NUMERO',0,'MADRE',1,NULL,NULL,NULL,NULL,'FICHA_MINSA',10),(12525,2190,'a50_clasificacion_de_caso_de_sifilis_en_la_gestante','Clasificación de caso de sífilis en la gestante','SELECT',0,'MADRE',1,466,NULL,NULL,NULL,'FICHA_MINSA',11),(12526,2191,'a50_fecha_de_parto_culminacion_del_embarazo','Fecha de parto / culminación del embarazo','FECHA',0,'RECIEN_NACIDO',1,NULL,NULL,NULL,NULL,'FICHA_MINSA',1),(12527,2191,'a50_lugar_del_parto','Lugar del parto','SELECT',0,'RECIEN_NACIDO',1,39,NULL,NULL,NULL,'FICHA_MINSA',2),(12528,2191,'a50_estado_vital','Estado vital','SELECT',0,'RECIEN_NACIDO',1,40,NULL,NULL,NULL,'FICHA_MINSA',3),(12529,2191,'a50_fecha_de_fallecimiento','Fecha de fallecimiento','FECHA',0,'RECIEN_NACIDO',1,NULL,NULL,NULL,NULL,'FICHA_MINSA',4),(12530,2191,'a50_peso_al_nacimiento_gramos','Peso al nacimiento (gramos)','NUMERO',0,'RECIEN_NACIDO',1,NULL,NULL,NULL,NULL,'FICHA_MINSA',5),(12531,2191,'a50_edad_gestacional_estimada_semanas','Edad gestacional estimada (semanas)','NUMERO',0,'RECIEN_NACIDO',1,NULL,NULL,NULL,NULL,'FICHA_MINSA',6),(12532,2191,'a50_criterios_de_caso_de_sifilis_congenita','Criterios de caso de sífilis congénita','MULTISELECT',0,'RECIEN_NACIDO',1,467,NULL,NULL,NULL,'FICHA_MINSA',7),(12533,2191,'a50_fecha_de_los_test_titulo_4x_madre','Fecha de los test (título 4x madre)','FECHA',0,'RECIEN_NACIDO',1,NULL,NULL,NULL,NULL,'FICHA_MINSA',8),(12534,2191,'a50_titulo_de_la_madre','Título de la madre','TEXTO',0,'RECIEN_NACIDO',1,NULL,NULL,NULL,NULL,'FICHA_MINSA',9),(12535,2191,'a50_titulo_del_nino','Título del niño','TEXTO',0,'RECIEN_NACIDO',1,NULL,NULL,NULL,NULL,'FICHA_MINSA',10),(12536,2191,'a50_tratamiento_del_nino','Tratamiento del niño','SELECT',0,'RECIEN_NACIDO',1,468,NULL,NULL,NULL,'FICHA_MINSA',11),(12537,2191,'a50_clasificacion_final_del_nino_mortinato_o_aborto','Clasificación final del niño, mortinato o aborto','SELECT',0,'RECIEN_NACIDO',1,43,NULL,NULL,NULL,'FICHA_MINSA',12),(12538,2192,'p35_0_nacio_prematuro','¿Nació prematuro?','BOOLEANO',0,'CASO_INDICE',0,NULL,NULL,NULL,NULL,'FICHA_MINSA',1),(12539,2192,'p35_0_edad_gestacional_al_parto_semanas','Edad gestacional al parto (semanas)','NUMERO',0,'CASO_INDICE',0,NULL,NULL,NULL,NULL,'FICHA_MINSA',2),(12540,2192,'p35_0_peso_al_nacer_gramos','Peso al nacer (gramos)','NUMERO',0,'CASO_INDICE',0,NULL,NULL,NULL,NULL,'FICHA_MINSA',3),(12541,2192,'p35_0_apgar_1','APGAR 1\'','NUMERO',0,'CASO_INDICE',0,NULL,NULL,NULL,NULL,'FICHA_MINSA',4),(12542,2192,'p35_0_apgar_5','APGAR 5\'','NUMERO',0,'CASO_INDICE',0,NULL,NULL,NULL,NULL,'FICHA_MINSA',5),(12543,2193,'p35_0_vacunada_contra_la_rubeola','¿Vacunada contra la rubéola?','SELECT',0,'MADRE',0,145,NULL,NULL,NULL,'FICHA_MINSA',1),(12544,2193,'p35_0_fecha_de_vacunacion_contra_rubeola','Fecha de vacunación contra rubéola','FECHA',0,'MADRE',0,NULL,NULL,NULL,NULL,'FICHA_MINSA',2),(12545,2193,'p35_0_presento_fiebre_y_exantema_maculopapular_durante_','¿Presentó fiebre y exantema maculopapular durante el embarazo?','SELECT',0,'MADRE',0,44,NULL,NULL,NULL,'FICHA_MINSA',3),(12546,2193,'p35_0_semana_de_gestacion_fiebre_exantema','Semana de gestación (fiebre/exantema)','NUMERO',0,'MADRE',0,NULL,NULL,NULL,NULL,'FICHA_MINSA',4),(12547,2193,'p35_0_fue_confirmada_por_laboratorio_la_rubeola_de_la_m','¿Fue confirmada por laboratorio la rubéola de la madre?','BOOLEANO',0,'MADRE',0,NULL,NULL,NULL,NULL,'FICHA_MINSA',5),(12548,2193,'p35_0_durante_el_embarazo_se_expuso_a_persona_con_fiebr','¿Durante el embarazo se expuso a persona con fiebre y exantema?','SELECT',0,'MADRE',0,145,NULL,NULL,NULL,'FICHA_MINSA',6),(12549,2193,'p35_0_con_quien_exposicion','¿Con quién? (exposición)','TEXTO',0,'MADRE',0,NULL,NULL,NULL,NULL,'FICHA_MINSA',7),(12550,2193,'p35_0_semana_de_gestacion_exposicion','Semana de gestación (exposición)','NUMERO',0,'MADRE',0,NULL,NULL,NULL,NULL,'FICHA_MINSA',8),(12551,2193,'p35_0_durante_el_embarazo_viajo_fuera_del_pais','¿Durante el embarazo viajó fuera del país?','BOOLEANO',0,'MADRE',0,NULL,NULL,NULL,NULL,'FICHA_MINSA',9),(12552,2194,'p35_0_manifestaciones_oftalmicas','Manifestaciones oftálmicas','GRUPO_SI_NO',0,'CASO_INDICE',0,469,NULL,NULL,NULL,'FICHA_MINSA',1),(12553,2194,'p35_0_manifestacion_auditiva','Manifestación auditiva','GRUPO_SI_NO',0,'CASO_INDICE',0,470,NULL,NULL,NULL,'FICHA_MINSA',2),(12554,2194,'p35_0_cardiopatia_congenita','Cardiopatía congénita','GRUPO_SI_NO',0,'CASO_INDICE',0,471,NULL,NULL,NULL,'FICHA_MINSA',3),(12555,2194,'p35_0_otra_cardiopatia_congenita_especificar','Otra cardiopatía congénita (especificar)','TEXTO',0,'CASO_INDICE',0,NULL,NULL,NULL,NULL,'FICHA_MINSA',4),(12556,2194,'p35_0_otras_manifestaciones','Otras manifestaciones','GRUPO_SI_NO',0,'CASO_INDICE',0,472,NULL,NULL,NULL,'FICHA_MINSA',5),(12557,2195,'p35_0_hospitalizacion','Hospitalización','BOOLEANO',0,'CASO_INDICE',0,NULL,NULL,NULL,NULL,'FICHA_MINSA',1),(12558,2195,'p35_0_ee_ss_de_hospitalizacion','EE.SS. de hospitalización','TEXTO',0,'CASO_INDICE',0,NULL,NULL,NULL,NULL,'FICHA_MINSA',2),(12559,2195,'p35_0_fecha_de_hospitalizacion','Fecha de hospitalización','FECHA',0,'CASO_INDICE',0,NULL,NULL,NULL,NULL,'FICHA_MINSA',3),(12560,2195,'p35_0_dx_de_ingreso','Dx de ingreso','TEXTO',0,'CASO_INDICE',0,NULL,NULL,NULL,NULL,'FICHA_MINSA',4),(12561,2195,'p35_0_defuncion','Defunción','BOOLEANO',0,'CASO_INDICE',0,NULL,NULL,NULL,NULL,'FICHA_MINSA',5),(12562,2195,'p35_0_fecha_de_defuncion','Fecha de defunción','FECHA',0,'CASO_INDICE',0,NULL,NULL,NULL,NULL,'FICHA_MINSA',6),(12563,2195,'p35_0_causa_basica_de_defuncion','Causa básica de defunción','TEXTO',0,'CASO_INDICE',0,NULL,NULL,NULL,NULL,'FICHA_MINSA',7),(12564,2196,'p35_0_clasificacion_del_caso','Clasificación del caso','SELECT',0,'CASO_INDICE',0,46,NULL,NULL,NULL,'FICHA_MINSA',1),(12598,2205,'y07_institucion_que_registra','Institución que registra','SELECT',0,'CASO_INDICE',1,61,NULL,NULL,NULL,'FICHA_MINSA',1),(12599,2205,'y07_que_otras_instituciones','Qué otras instituciones','TEXTO',0,'CASO_INDICE',1,NULL,NULL,NULL,NULL,'FICHA_MINSA',2),(12600,2205,'y07_tipo_de_establecimiento','Tipo de establecimiento','SELECT',0,'CASO_INDICE',1,479,NULL,NULL,NULL,'FICHA_MINSA',3),(12601,2206,'y07_se_encuentra_gestando','¿Se encuentra gestando?','BOOLEANO',0,'CASO_INDICE',1,NULL,NULL,NULL,NULL,'FICHA_MINSA',1),(12602,2206,'y07_estado_civil','Estado civil','SELECT',0,'CASO_INDICE',1,63,NULL,NULL,NULL,'FICHA_MINSA',2),(12603,2206,'y07_grado_de_instruccion','Grado de instrucción','SELECT',0,'CASO_INDICE',1,64,NULL,NULL,NULL,'FICHA_MINSA',3),(12604,2206,'y07_completa_incompleta','Completa / Incompleta','SELECT',0,'CASO_INDICE',1,65,NULL,NULL,NULL,'FICHA_MINSA',4),(12605,2206,'y07_tiene_empleo_remunerado','¿Tiene empleo remunerado?','BOOLEANO',0,'CASO_INDICE',1,NULL,NULL,NULL,NULL,'FICHA_MINSA',5),(12606,2206,'y07_ocupacion','Ocupación','TEXTO',0,'CASO_INDICE',1,NULL,NULL,NULL,NULL,'FICHA_MINSA',6),(12607,2207,'y07_vinculo_con_la_victima','Vínculo con la víctima','SELECT',0,'AGRESOR',1,480,NULL,NULL,NULL,'FICHA_MINSA',1),(12608,2207,'y07_grado_de_instruccion','Grado de instrucción','SELECT',0,'AGRESOR',1,64,NULL,NULL,NULL,'FICHA_MINSA',2),(12609,2207,'y07_completa_incompleta','Completa / Incompleta','SELECT',0,'AGRESOR',1,65,NULL,NULL,NULL,'FICHA_MINSA',3),(12610,2207,'y07_tiene_empleo_remunerado','¿Tiene empleo remunerado?','BOOLEANO',0,'AGRESOR',1,NULL,NULL,NULL,NULL,'FICHA_MINSA',4),(12611,2207,'y07_ocupacion','Ocupación','TEXTO',0,'AGRESOR',1,NULL,NULL,NULL,NULL,'FICHA_MINSA',5),(12612,2208,'y07_estado_del_agresor','Estado del agresor','SELECT',0,'CASO_INDICE',1,481,NULL,NULL,NULL,'FICHA_MINSA',1),(12613,2208,'y07_tipo_de_violencia','Tipo de violencia','MULTISELECT',0,'CASO_INDICE',1,482,NULL,NULL,NULL,'FICHA_MINSA',2),(12614,2208,'y07_medio_utilizado','Medio utilizado','MULTISELECT',0,'CASO_INDICE',1,483,NULL,NULL,NULL,'FICHA_MINSA',3),(12615,2208,'y07_motivo_expresado','Motivo expresado','SELECT',0,'CASO_INDICE',1,484,NULL,NULL,NULL,'FICHA_MINSA',4),(12616,2208,'y07_es_la_primera_vez_que_es_agredido_a','¿Es la primera vez que es agredido(a)?','BOOLEANO',0,'CASO_INDICE',1,NULL,NULL,NULL,NULL,'FICHA_MINSA',5),(12617,2208,'y07_durante_la_semana_cuantas_veces_fue_agredido_a','Durante la semana, ¿cuántas veces fue agredido(a)?','SELECT',0,'CASO_INDICE',1,485,NULL,NULL,NULL,'FICHA_MINSA',6),(12618,2208,'y07_durante_el_ultimo_mes_cuantas_veces','Durante el último mes, ¿cuántas veces?','SELECT',0,'CASO_INDICE',1,486,NULL,NULL,NULL,'FICHA_MINSA',7),(12619,2208,'y07_lugar_de_la_agresion','Lugar de la agresión','SELECT',0,'CASO_INDICE',1,487,NULL,NULL,NULL,'FICHA_MINSA',8),(12620,2209,'y07_medidas_tomadas','Medidas tomadas','MULTISELECT',0,'CASO_INDICE',1,488,NULL,NULL,NULL,'FICHA_MINSA',1),(12621,2210,'y07_fue_derivado','¿Fue derivado?','BOOLEANO',0,'CASO_INDICE',1,NULL,NULL,NULL,NULL,'FICHA_MINSA',1),(12622,2210,'y07_donde_derivacion','¿Dónde? (derivación)','MULTISELECT',0,'CASO_INDICE',1,489,NULL,NULL,NULL,'FICHA_MINSA',2),(12623,2211,'v99_fuente_de_financiamiento','Fuente de financiamiento','SELECT',0,'CASO_INDICE',0,74,NULL,NULL,NULL,'FICHA_MINSA',1),(12624,2212,'v99_n_de_hc_de_emergencia','N.° de HC de emergencia','TEXTO',0,'CASO_INDICE',0,NULL,NULL,NULL,NULL,'FICHA_MINSA',1),(12625,2212,'v99_n_de_hc_de_hospitalizacion','N.° de HC de hospitalización','TEXTO',0,'CASO_INDICE',0,NULL,NULL,NULL,NULL,'FICHA_MINSA',2),(12626,2212,'v99_referido_de_un_ee_ss','¿Referido de un EE.SS.?','BOOLEANO',0,'CASO_INDICE',0,NULL,NULL,NULL,NULL,'FICHA_MINSA',3),(12627,2212,'v99_nombre_del_ee_ss_de_referencia','Nombre del EE.SS. de referencia','TEXTO',0,'CASO_INDICE',0,NULL,NULL,NULL,NULL,'FICHA_MINSA',4),(12628,2212,'v99_fecha_de_ingreso_al_establecimiento','Fecha de ingreso al establecimiento','FECHA',0,'CASO_INDICE',0,NULL,NULL,NULL,NULL,'FICHA_MINSA',5),(12629,2212,'v99_diagnostico_medico_dx_1','Diagnóstico médico Dx 1','TEXTO',0,'CASO_INDICE',0,NULL,NULL,NULL,NULL,'FICHA_MINSA',6),(12630,2212,'v99_diagnostico_medico_dx_2','Diagnóstico médico Dx 2','TEXTO',0,'CASO_INDICE',0,NULL,NULL,NULL,NULL,'FICHA_MINSA',7),(12631,2212,'v99_diagnostico_medico_dx_3','Diagnóstico médico Dx 3','TEXTO',0,'CASO_INDICE',0,NULL,NULL,NULL,NULL,'FICHA_MINSA',8),(12632,2212,'v99_fecha_de_egreso_del_establecimiento','Fecha de egreso del establecimiento','FECHA',0,'CASO_INDICE',0,NULL,NULL,NULL,NULL,'FICHA_MINSA',9),(12633,2212,'v99_condicion_de_egreso','Condición de egreso','SELECT',0,'CASO_INDICE',0,75,NULL,NULL,NULL,'FICHA_MINSA',10),(12634,2212,'v99_requiere_rehabilitacion','¿Requiere rehabilitación?','BOOLEANO',0,'CASO_INDICE',0,NULL,NULL,NULL,NULL,'FICHA_MINSA',11),(12635,2213,'v99_fecha_del_accidente','Fecha del accidente','FECHA',0,'CASO_INDICE',0,NULL,NULL,NULL,NULL,'FICHA_MINSA',1),(12636,2213,'v99_hora_del_accidente','Hora del accidente','TEXTO',0,'CASO_INDICE',0,NULL,NULL,NULL,NULL,'FICHA_MINSA',2),(12637,2213,'v99_via_donde_ocurrio','Vía donde ocurrió','SELECT',0,'CASO_INDICE',0,490,NULL,NULL,NULL,'FICHA_MINSA',3),(12638,2213,'v99_tipo_de_accidente','Tipo de accidente','SELECT',0,'CASO_INDICE',0,77,NULL,NULL,NULL,'FICHA_MINSA',4),(12639,2214,'v99_el_lesionado_se_encontraba_en','El lesionado se encontraba en','SELECT',0,'CASO_INDICE',0,78,NULL,NULL,NULL,'FICHA_MINSA',1),(12640,2214,'v99_ubicacion_del_lesionado','Ubicación del lesionado','SELECT',0,'CASO_INDICE',0,79,NULL,NULL,NULL,'FICHA_MINSA',2),(12641,2214,'v99_traslado_del_lesionado_por','Traslado del lesionado por','SELECT',0,'CASO_INDICE',0,80,NULL,NULL,NULL,'FICHA_MINSA',3),(12642,2215,'v99_tipo_de_vehiculo_del_ocasionante','Tipo de vehículo del ocasionante','SELECT',0,'CASO_INDICE',0,78,NULL,NULL,NULL,'FICHA_MINSA',1),(12643,2215,'v99_condicion_del_vehiculo_ocasionante','Condición del vehículo ocasionante','SELECT',0,'CASO_INDICE',0,81,NULL,NULL,NULL,'FICHA_MINSA',2),(12644,2216,'v99_n_de_licencia_de_conducir','N.° de licencia de conducir','SELECT',0,'CONDUCTOR',0,82,NULL,NULL,NULL,'FICHA_MINSA',1),(12645,2216,'v99_comisaria_donde_se_registra_la_denuncia_policial','Comisaría donde se registra la denuncia policial','TEXTO',0,'CONDUCTOR',0,NULL,NULL,NULL,NULL,'FICHA_MINSA',2),(12646,2217,'v99_n_de_poliza_soat','N.° de póliza SOAT','TEXTO',0,'CASO_INDICE',0,NULL,NULL,NULL,NULL,'FICHA_MINSA',1),(12647,2217,'v99_n_de_placa_del_vehiculo','N.° de placa del vehículo','TEXTO',0,'CASO_INDICE',0,NULL,NULL,NULL,NULL,'FICHA_MINSA',2),(12648,2217,'v99_nombre_del_dueno_de_la_poliza_soat','Nombre del dueño de la póliza SOAT','TEXTO',0,'CASO_INDICE',0,NULL,NULL,NULL,NULL,'FICHA_MINSA',3),(12649,2217,'v99_aseguradora','Aseguradora','SELECT',0,'CASO_INDICE',0,83,NULL,NULL,NULL,'FICHA_MINSA',4),(12650,2218,'o95_fecha_y_hora_de_notificacion','Fecha y hora de notificación','FECHA',0,'CASO_INDICE',0,NULL,NULL,NULL,NULL,'FICHA_MINSA',1),(12651,2218,'o95_identificado_por','Identificado por','SELECT',0,'CASO_INDICE',0,84,NULL,NULL,NULL,'FICHA_MINSA',2),(12652,2218,'o95_institucion_que_notifica','Institución que notifica','SELECT',0,'CASO_INDICE',0,85,NULL,NULL,NULL,'FICHA_MINSA',3),(12653,2219,'o95_momento_del_fallecimiento','Momento del fallecimiento','SELECT',0,'CASO_INDICE',0,86,NULL,NULL,NULL,'FICHA_MINSA',1),(12654,2219,'o95_edad_gestacional_al_momento_del_fallecimiento','Edad gestacional al momento del fallecimiento','NUMERO',0,'CASO_INDICE',0,NULL,NULL,NULL,NULL,'FICHA_MINSA',2),(12655,2219,'o95_fecha_y_hora_de_fallecimiento','Fecha y hora de fallecimiento','FECHA',0,'CASO_INDICE',0,NULL,NULL,NULL,NULL,'FICHA_MINSA',3),(12656,2219,'o95_lugar_del_fallecimiento','Lugar del fallecimiento','SELECT',0,'CASO_INDICE',0,491,NULL,NULL,NULL,'FICHA_MINSA',4),(12657,2219,'o95_permanencia_estadia_en_el_ee_ss','Permanencia (estadía) en el EE.SS.','TEXTO',0,'CASO_INDICE',0,NULL,NULL,NULL,NULL,'FICHA_MINSA',5),(12658,2220,'o95_referida','¿Referida?','BOOLEANO',0,'CASO_INDICE',0,NULL,NULL,NULL,NULL,'FICHA_MINSA',1),(12659,2220,'o95_ee_ss_de_origen_de_la_referencia','EE.SS. de origen de la referencia','TEXTO',0,'CASO_INDICE',0,NULL,NULL,NULL,NULL,'FICHA_MINSA',2),(12660,2221,'o95_causa_final_probable','Causa final probable','TEXTO',0,'CASO_INDICE',0,NULL,NULL,NULL,NULL,'FICHA_MINSA',1),(12661,2221,'o95_causa_intermedia_probable','Causa intermedia probable','TEXTO',0,'CASO_INDICE',0,NULL,NULL,NULL,NULL,'FICHA_MINSA',2),(12662,2221,'o95_causa_basica_probable','Causa básica probable','TEXTO',0,'CASO_INDICE',0,NULL,NULL,NULL,NULL,'FICHA_MINSA',3),(12663,2221,'o95_causa_generica','Causa genérica','SELECT',0,'CASO_INDICE',0,88,NULL,NULL,NULL,'FICHA_MINSA',4),(12664,2221,'o95_clasificacion_inicial','Clasificación inicial','SELECT',0,'CASO_INDICE',0,89,NULL,NULL,NULL,'FICHA_MINSA',5),(12665,2222,'o95_idioma','Idioma','SELECT',0,'CASO_INDICE',0,91,NULL,NULL,NULL,'FICHA_MINSA',1),(12666,2222,'o95_nivel_educativo','Nivel educativo','SELECT',0,'CASO_INDICE',0,92,NULL,NULL,NULL,'FICHA_MINSA',2),(12667,2222,'o95_estado_civil','Estado civil','SELECT',0,'CASO_INDICE',0,93,NULL,NULL,NULL,'FICHA_MINSA',3),(12668,2222,'o95_tipo_de_seguro','Tipo de seguro','SELECT',0,'CASO_INDICE',0,94,NULL,NULL,NULL,'FICHA_MINSA',4),(12669,2223,'o95_fase_del_puerperio_en_que_fallecio','Fase del puerperio en que falleció','SELECT',0,'CASO_INDICE',0,492,NULL,NULL,NULL,'FICHA_MINSA',1),(12670,2223,'o95_categoria_del_ee_ss','Categoría del EE.SS.','SELECT',0,'CASO_INDICE',0,493,NULL,NULL,NULL,'FICHA_MINSA',2),(12671,2223,'o95_fecha_y_hora_de_ingreso_al_ee_ss','Fecha y hora de ingreso al EE.SS.','FECHA',0,'CASO_INDICE',0,NULL,NULL,NULL,NULL,'FICHA_MINSA',3),(12672,2223,'o95_responsable_de_la_atencion','Responsable de la atención','SELECT',0,'CASO_INDICE',0,494,NULL,NULL,NULL,'FICHA_MINSA',4),(12673,2224,'o95_antecedentes_patologicos','Antecedentes patológicos','MULTISELECT',0,'CASO_INDICE',1,95,NULL,NULL,NULL,'FICHA_MINSA',1),(12674,2225,'o95_n_de_gestaciones_previas','N.° de gestaciones previas','NUMERO',0,'CASO_INDICE',0,NULL,NULL,NULL,NULL,'FICHA_MINSA',1),(12675,2225,'o95_n_de_partos','N.° de partos','NUMERO',0,'CASO_INDICE',0,NULL,NULL,NULL,NULL,'FICHA_MINSA',2),(12676,2225,'o95_n_de_cesareas','N.° de cesáreas','NUMERO',0,'CASO_INDICE',0,NULL,NULL,NULL,NULL,'FICHA_MINSA',3),(12677,2225,'o95_n_de_abortos','N.° de abortos','NUMERO',0,'CASO_INDICE',0,NULL,NULL,NULL,NULL,'FICHA_MINSA',4),(12678,2225,'o95_n_de_nacidos_vivos','N.° de nacidos vivos','NUMERO',0,'CASO_INDICE',0,NULL,NULL,NULL,NULL,'FICHA_MINSA',5),(12679,2225,'o95_n_de_nacidos_muertos','N.° de nacidos muertos','NUMERO',0,'CASO_INDICE',0,NULL,NULL,NULL,NULL,'FICHA_MINSA',6),(12680,2225,'o95_n_de_hijos_que_viven','N.° de hijos que viven','NUMERO',0,'CASO_INDICE',0,NULL,NULL,NULL,NULL,'FICHA_MINSA',7),(12681,2225,'o95_periodo_intergenesico','Período intergenésico','TEXTO',0,'CASO_INDICE',0,NULL,NULL,NULL,NULL,'FICHA_MINSA',8),(12682,2225,'o95_uso_de_metodo_anticonceptivo_previo','Uso de método anticonceptivo previo','SELECT',0,'CASO_INDICE',0,96,NULL,NULL,NULL,'FICHA_MINSA',9),(12683,2226,'o95_recibio_apn','¿Recibió APN?','BOOLEANO',0,'CASO_INDICE',0,NULL,NULL,NULL,NULL,'FICHA_MINSA',1),(12684,2226,'o95_primera_atencion_trimestre','Primera atención (trimestre)','SELECT',0,'CASO_INDICE',0,400,NULL,NULL,NULL,'FICHA_MINSA',2),(12685,2226,'o95_numero_de_apn','Número de APN','NUMERO',0,'CASO_INDICE',0,NULL,NULL,NULL,NULL,'FICHA_MINSA',3),(12686,2226,'o95_ee_ss_con_mayor_cantidad_de_atenciones','EE.SS. con mayor cantidad de atenciones','TEXTO',0,'CASO_INDICE',0,NULL,NULL,NULL,NULL,'FICHA_MINSA',4),(12687,2226,'o95_se_realizaron_visitas_domiciliarias','¿Se realizaron visitas domiciliarias?','BOOLEANO',0,'CASO_INDICE',0,NULL,NULL,NULL,NULL,'FICHA_MINSA',5),(12688,2226,'o95_numero_de_visitas_domiciliarias','Número de visitas domiciliarias','NUMERO',0,'CASO_INDICE',0,NULL,NULL,NULL,NULL,'FICHA_MINSA',6),(12689,2226,'o95_se_realizo_plan_de_parto_completo','¿Se realizó plan de parto completo?','BOOLEANO',0,'CASO_INDICE',0,NULL,NULL,NULL,NULL,'FICHA_MINSA',7),(12690,2226,'o95_responsable_de_la_apn','Responsable de la APN','SELECT',0,'CASO_INDICE',0,495,NULL,NULL,NULL,'FICHA_MINSA',8),(12691,2227,'o95_complicaciones_del_embarazo','Complicaciones del embarazo','MULTISELECT',0,'CASO_INDICE',0,496,NULL,NULL,NULL,'FICHA_MINSA',1),(12692,2227,'o95_complicaciones_del_parto','Complicaciones del parto','MULTISELECT',0,'CASO_INDICE',0,99,NULL,NULL,NULL,'FICHA_MINSA',2),(12693,2227,'o95_complicaciones_del_puerperio','Complicaciones del puerperio','MULTISELECT',0,'CASO_INDICE',0,100,NULL,NULL,NULL,'FICHA_MINSA',3),(12694,2228,'o95_referida','¿Referida?','BOOLEANO',0,'CASO_INDICE',0,NULL,NULL,NULL,NULL,'FICHA_MINSA',1),(12695,2228,'o95_n_de_referencias_institucionales','N.° de referencias institucionales','NUMERO',0,'CASO_INDICE',0,NULL,NULL,NULL,NULL,'FICHA_MINSA',2),(12696,2228,'o95_hospitalizaciones_en_la_gestacion_puerperio','¿Hospitalizaciones en la gestación/puerperio?','BOOLEANO',0,'CASO_INDICE',0,NULL,NULL,NULL,NULL,'FICHA_MINSA',3),(12697,2228,'o95_cuantas_hospitalizaciones','Cuántas hospitalizaciones','NUMERO',0,'CASO_INDICE',0,NULL,NULL,NULL,NULL,'FICHA_MINSA',4),(12698,2228,'o95_requirio_transfusion_de_sangre','¿Requirió transfusión de sangre?','BOOLEANO',0,'CASO_INDICE',0,NULL,NULL,NULL,NULL,'FICHA_MINSA',5),(12699,2228,'o95_expansores_plasmaticos','¿Expansores plasmáticos?','BOOLEANO',0,'CASO_INDICE',0,NULL,NULL,NULL,NULL,'FICHA_MINSA',6),(12700,2229,'o95_fecha_de_parto_o_aborto','Fecha de parto o aborto','FECHA',0,'CASO_INDICE',0,NULL,NULL,NULL,NULL,'FICHA_MINSA',1),(12701,2229,'o95_lugar_de_parto_o_aborto','Lugar de parto o aborto','SELECT',0,'CASO_INDICE',0,101,NULL,NULL,NULL,'FICHA_MINSA',2),(12702,2229,'o95_tipo_de_parto','Tipo de parto','SELECT',0,'CASO_INDICE',0,102,NULL,NULL,NULL,'FICHA_MINSA',3),(12703,2229,'o95_responsable_de_la_atencion_del_parto_o_aborto','Responsable de la atención del parto o aborto','SELECT',0,'CASO_INDICE',0,497,NULL,NULL,NULL,'FICHA_MINSA',4),(12704,2229,'o95_necropsia','¿Necropsia?','BOOLEANO',0,'CASO_INDICE',0,NULL,NULL,NULL,NULL,'FICHA_MINSA',5),(12705,2229,'o95_diagnostico_causa_cie_10_necropsia','Diagnóstico / causa CIE-10 (necropsia)','TEXTO',0,'CASO_INDICE',0,NULL,NULL,NULL,NULL,'FICHA_MINSA',6),(12706,2230,'o95_identificaron_signos_de_peligro','¿Identificaron signos de peligro?','BOOLEANO',0,'CASO_INDICE',0,NULL,NULL,NULL,NULL,'FICHA_MINSA',1),(12707,2230,'o95_persona_que_identifico_signos_de_peligro','Persona que identificó signos de peligro','SELECT',0,'CASO_INDICE',0,103,NULL,NULL,NULL,'FICHA_MINSA',2),(12708,2230,'o95_buscaron_ayuda','¿Buscaron ayuda?','BOOLEANO',0,'CASO_INDICE',0,NULL,NULL,NULL,NULL,'FICHA_MINSA',3),(12709,2230,'o95_quien_tomo_la_decision_de_buscar_ayuda','Quién tomó la decisión de buscar ayuda','SELECT',0,'CASO_INDICE',0,103,NULL,NULL,NULL,'FICHA_MINSA',4),(12710,2230,'o95_tiempo_que_demoro_en_buscar_ayuda','Tiempo que demoró en buscar ayuda','TEXTO',0,'CASO_INDICE',0,NULL,NULL,NULL,NULL,'FICHA_MINSA',5),(12711,2230,'o95_hubo_dificultad_con_el_acceso_a_servicios_de_salud','¿Hubo dificultad con el acceso a servicios de salud?','BOOLEANO',0,'CASO_INDICE',0,NULL,NULL,NULL,NULL,'FICHA_MINSA',6),(12712,2230,'o95_especificar_dificultad_de_acceso','Especificar dificultad de acceso','MULTISELECT',0,'CASO_INDICE',0,498,NULL,NULL,NULL,'FICHA_MINSA',7),(12713,2230,'o95_tiempo_desde_inicio_de_molestias_hasta_llegar_al_ee','Tiempo desde inicio de molestias hasta llegar al EE.SS.','TEXTO',0,'CASO_INDICE',0,NULL,NULL,NULL,NULL,'FICHA_MINSA',8),(12714,2230,'o95_tuvo_dificultades_para_ser_atendida_en_el_ee_ss','¿Tuvo dificultades para ser atendida en el EE.SS.?','BOOLEANO',0,'CASO_INDICE',0,NULL,NULL,NULL,NULL,'FICHA_MINSA',9),(12715,2230,'o95_especificar_dificultad_de_atencion','Especificar dificultad de atención','MULTISELECT',0,'CASO_INDICE',0,499,NULL,NULL,NULL,'FICHA_MINSA',10),(12716,2230,'o95_tiempo_desde_que_llego_al_ee_ss_hasta_que_fue_atend','Tiempo desde que llegó al EE.SS. hasta que fue atendida','TEXTO',0,'CASO_INDICE',0,NULL,NULL,NULL,NULL,'FICHA_MINSA',11),(12717,2230,'o95_persona_que_brindo_la_informacion','Persona que brindó la información','SELECT',0,'CASO_INDICE',0,106,NULL,NULL,NULL,'FICHA_MINSA',12),(12718,2231,'o95_sintomatologia_o_molestias','Sintomatología o molestias','MULTISELECT',0,'CASO_INDICE',0,500,NULL,NULL,NULL,'FICHA_MINSA',1),(12719,2231,'o95_maniobras_usadas_durante_el_parto','Maniobras usadas durante el parto','MULTISELECT',0,'CASO_INDICE',0,108,NULL,NULL,NULL,'FICHA_MINSA',2),(12720,2231,'o95_maniobras_usadas_para_retirar_la_placenta','Maniobras usadas para retirar la placenta','MULTISELECT',0,'CASO_INDICE',0,108,NULL,NULL,NULL,'FICHA_MINSA',3),(12721,2231,'o95_tiempo_estimado_del_domicilio_al_ee_ss_mas_cercano','Tiempo estimado del domicilio al EE.SS. más cercano','TEXTO',0,'CASO_INDICE',0,NULL,NULL,NULL,NULL,'FICHA_MINSA',4),(12722,2231,'o95_tipo_de_establecimiento_mas_cercano','Tipo de establecimiento más cercano','SELECT',0,'CASO_INDICE',0,501,NULL,NULL,NULL,'FICHA_MINSA',5),(12723,2232,'o95_causa_final','Causa final','TEXTO',0,'CASO_INDICE',0,NULL,NULL,NULL,NULL,'FICHA_MINSA',1),(12724,2232,'o95_causa_intermedia','Causa intermedia','TEXTO',0,'CASO_INDICE',0,NULL,NULL,NULL,NULL,'FICHA_MINSA',2),(12725,2232,'o95_causa_basica','Causa básica','TEXTO',0,'CASO_INDICE',0,NULL,NULL,NULL,NULL,'FICHA_MINSA',3),(12726,2232,'o95_causa_asociada','Causa asociada','TEXTO',0,'CASO_INDICE',0,NULL,NULL,NULL,NULL,'FICHA_MINSA',4),(12727,2232,'o95_causa_generica','Causa genérica','SELECT',0,'CASO_INDICE',0,88,NULL,NULL,NULL,'FICHA_MINSA',5),(12728,2232,'o95_clasificacion_final_de_la_muerte','Clasificación final de la muerte','SELECT',0,'CASO_INDICE',0,90,NULL,NULL,NULL,'FICHA_MINSA',6),(12729,2233,'o95_1_demora_en_la_identificacion_del_problema','1.ª demora: en la identificación del problema','GRUPO_SI_NO',0,'CASO_INDICE',0,502,NULL,NULL,NULL,'FICHA_MINSA',1),(12730,2233,'o95_2_demora_en_la_decision_de_buscar_ayuda','2.ª demora: en la decisión de buscar ayuda','GRUPO_SI_NO',0,'CASO_INDICE',0,503,NULL,NULL,NULL,'FICHA_MINSA',2),(12731,2233,'o95_3_demora_en_acceder_a_los_servicios_de_salud','3.ª demora: en acceder a los servicios de salud','GRUPO_SI_NO',0,'CASO_INDICE',0,504,NULL,NULL,NULL,'FICHA_MINSA',3),(12732,2233,'o95_4_demora_en_recibir_tratamiento_adecuado_y_oportuno','4.ª demora: en recibir tratamiento adecuado y oportuno','GRUPO_SI_NO',0,'CASO_INDICE',0,505,NULL,NULL,NULL,'FICHA_MINSA',4),(12733,2234,'p96_edad_gestacional_semanas','Edad gestacional (semanas)','NUMERO',0,'CASO_INDICE',0,NULL,NULL,NULL,NULL,'FICHA_MINSA',1),(12734,2234,'p96_fecha_de_nacimiento','Fecha de nacimiento','FECHA',0,'CASO_INDICE',0,NULL,NULL,NULL,NULL,'FICHA_MINSA',2),(12735,2234,'p96_hora_de_nacimiento','Hora de nacimiento','TEXTO',0,'CASO_INDICE',0,NULL,NULL,NULL,NULL,'FICHA_MINSA',3),(12736,2234,'p96_fecha_de_muerte','Fecha de muerte','FECHA',0,'CASO_INDICE',0,NULL,NULL,NULL,NULL,'FICHA_MINSA',4),(12737,2234,'p96_hora_de_muerte','Hora de muerte','TEXTO',0,'CASO_INDICE',0,NULL,NULL,NULL,NULL,'FICHA_MINSA',5),(12738,2234,'p96_peso_al_nacer_gramos','Peso al nacer (gramos)','NUMERO',0,'CASO_INDICE',0,NULL,NULL,NULL,NULL,'FICHA_MINSA',6),(12739,2235,'p96_tipo_de_muerte','Tipo de muerte','SELECT',0,'CASO_INDICE',0,111,NULL,NULL,NULL,'FICHA_MINSA',1),(12740,2236,'p96_causa_basica_de_muerte','Causa básica de muerte','TEXTO',0,'CASO_INDICE',0,NULL,NULL,NULL,NULL,'FICHA_MINSA',1),(12741,2236,'p96_diagnostico_cie_10','Diagnóstico CIE-10','TEXTO',0,'CASO_INDICE',0,NULL,NULL,NULL,NULL,'FICHA_MINSA',2),(12742,2237,'p96_n_de_dias_de_estancia_hospitalaria','N.° de días de estancia hospitalaria','NUMERO',0,'CASO_INDICE',0,NULL,NULL,NULL,NULL,'FICHA_MINSA',1),(12743,2237,'p96_lugar_del_parto','Lugar del parto','SELECT',0,'CASO_INDICE',0,506,NULL,NULL,NULL,'FICHA_MINSA',2),(12744,2237,'p96_momento_de_ocurrencia_del_fallecimiento','Momento de ocurrencia del fallecimiento','SELECT',0,'CASO_INDICE',0,113,NULL,NULL,NULL,'FICHA_MINSA',3),(12745,2237,'p96_lugar_de_la_muerte','Lugar de la muerte','SELECT',0,'CASO_INDICE',0,507,NULL,NULL,NULL,'FICHA_MINSA',4),(12746,2238,'y59_0_tipo','Tipo','SELECT',0,'CASO_INDICE',0,47,NULL,NULL,NULL,'FICHA_MINSA',1),(12747,2238,'y59_0_fecha_de_identificacion_local_del_caso_o_consulta','Fecha de identificación local del caso (o consulta)','FECHA',0,'CASO_INDICE',0,NULL,NULL,NULL,NULL,'FICHA_MINSA',2),(12748,2238,'y59_0_fecha_de_notificacion_de_diresa_geresa_diris_a_cd','Fecha de notificación de DIRESA/GERESA/DIRIS a CDC/MINSA','FECHA',0,'CASO_INDICE',0,NULL,NULL,NULL,NULL,'FICHA_MINSA',3),(12749,2238,'y59_0_fecha_de_inicio_de_investigacion','Fecha de inicio de investigación','FECHA',0,'CASO_INDICE',0,NULL,NULL,NULL,NULL,'FICHA_MINSA',4),(12750,2239,'y59_0_gestante','Gestante','BOOLEANO',0,'CASO_INDICE',0,NULL,NULL,NULL,NULL,'FICHA_MINSA',1),(12751,2239,'y59_0_n_de_semanas_de_gestacion','N.° de semanas de gestación','NUMERO',0,'CASO_INDICE',0,NULL,NULL,NULL,NULL,'FICHA_MINSA',2),(12752,2239,'y59_0_tipo_de_localidad','Tipo de localidad','SELECT',0,'CASO_INDICE',0,48,NULL,NULL,NULL,'FICHA_MINSA',3),(12753,2239,'y59_0_esta_asegurado','¿Está asegurado?','BOOLEANO',0,'CASO_INDICE',0,NULL,NULL,NULL,NULL,'FICHA_MINSA',4),(12754,2239,'y59_0_tipo_de_seguro','Tipo de seguro','SELECT',0,'CASO_INDICE',0,473,NULL,NULL,NULL,'FICHA_MINSA',5),(12755,2239,'y59_0_ocupacion','Ocupación','SELECT',0,'CASO_INDICE',0,50,NULL,NULL,NULL,'FICHA_MINSA',6),(12756,2240,'y59_0_esavi_previo','¿ESAVI previo?','BOOLEANO',0,'CASO_INDICE',0,NULL,NULL,NULL,NULL,'FICHA_MINSA',1),(12757,2240,'y59_0_cual_esavi_previo','Cuál (ESAVI previo)','MULTISELECT',0,'CASO_INDICE',0,53,NULL,NULL,NULL,'FICHA_MINSA',2),(12758,2240,'y59_0_condiciones_de_comorbilidad','Condiciones de comorbilidad','MULTISELECT',0,'CASO_INDICE',0,54,NULL,NULL,NULL,'FICHA_MINSA',3),(12759,2240,'y59_0_cuadros_patologicos_familiares','Cuadros patológicos familiares','MULTISELECT',0,'CASO_INDICE',0,55,NULL,NULL,NULL,'FICHA_MINSA',4),(12760,2240,'y59_0_enfermedades_prevalentes_en_la_region','Enfermedades prevalentes en la región','MULTISELECT',0,'CASO_INDICE',0,56,NULL,NULL,NULL,'FICHA_MINSA',5),(12761,2241,'y59_0_signos_y_sintomas_18_items_con_tiempo_de_inicio_y','Signos y síntomas (18 ítems con tiempo de inicio y término)','MATRIZ',0,'CASO_INDICE',0,NULL,NULL,NULL,'{\"columnas\":[\"Tiempo (minuto\\/hora\\/día)\",\"Fecha de inicio\",\"Fecha de término\"],\"filas\":[\"Absceso en el sitio de inyección (estéril\\/bacteriano)\",\"Linfadenitis supurativa\",\"Reacción local severa\",\"Llanto persistente (>3 horas)\",\"Convulsiones\",\"Síndrome hipotónico-hiporreactivo\",\"Reacción alérgica\",\"Púrpura trombocitopénica\",\"Síncope o reacción vasovagal\",\"Parálisis flácida aguda\",\"Encefalopatías\",\"Encefalitis\",\"Meningitis\",\"Osteítis\\/osteomielitis\",\"Artralgia\",\"Sepsis\",\"Síndrome de shock tóxico\"],\"filas_nota\":null}','FICHA_MINSA',1),(12762,2241,'y59_0_otros_eventos_severos_e_inusuales_especificar','Otros eventos severos e inusuales (especificar)','TEXTO',0,'CASO_INDICE',0,NULL,NULL,NULL,NULL,'FICHA_MINSA',2),(12763,2242,'y59_0_fecha_de_inicio','Fecha de inicio','FECHA',0,'CASO_INDICE',0,NULL,NULL,NULL,NULL,'FICHA_MINSA',1),(12764,2242,'y59_0_gravedad_del_caso','Gravedad del caso','TEXTO',0,'CASO_INDICE',0,NULL,NULL,NULL,NULL,'FICHA_MINSA',2),(12765,2242,'y59_0_secuencia_cronologica_de_instalacion_de_signos_y_','Secuencia cronológica de instalación de signos y síntomas','TEXTAREA',0,'CASO_INDICE',0,NULL,NULL,NULL,NULL,'FICHA_MINSA',3),(12766,2242,'y59_0_examenes_auxiliares','Exámenes auxiliares','TEXTAREA',0,'CASO_INDICE',0,NULL,NULL,NULL,NULL,'FICHA_MINSA',4),(12767,2242,'y59_0_tratamiento_recibido','Tratamiento recibido','TEXTAREA',0,'CASO_INDICE',0,NULL,NULL,NULL,NULL,'FICHA_MINSA',5),(12768,2242,'y59_0_evolucion','Evolución','TEXTAREA',0,'CASO_INDICE',0,NULL,NULL,NULL,NULL,'FICHA_MINSA',6),(12769,2243,'y59_0_n_de_historia_clinica','N.° de historia clínica','TEXTO',0,'CASO_INDICE',0,NULL,NULL,NULL,NULL,'FICHA_MINSA',1),(12770,2243,'y59_0_fecha_de_ingreso','Fecha de ingreso','FECHA',0,'CASO_INDICE',0,NULL,NULL,NULL,NULL,'FICHA_MINSA',2),(12771,2243,'y59_0_fecha_de_alta','Fecha de alta','FECHA',0,'CASO_INDICE',0,NULL,NULL,NULL,NULL,'FICHA_MINSA',3),(12772,2243,'y59_0_dx_de_ingreso','Dx de ingreso','TEXTO',0,'CASO_INDICE',0,NULL,NULL,NULL,NULL,'FICHA_MINSA',4),(12773,2243,'y59_0_dx_de_egreso','Dx de egreso','TEXTO',0,'CASO_INDICE',0,NULL,NULL,NULL,NULL,'FICHA_MINSA',5),(12774,2243,'y59_0_estado_de_alta','Estado de alta','SELECT',0,'CASO_INDICE',0,58,NULL,NULL,NULL,'FICHA_MINSA',6),(12775,2243,'y59_0_transferido','¿Transferido?','BOOLEANO',0,'CASO_INDICE',0,NULL,NULL,NULL,NULL,'FICHA_MINSA',7),(12776,2243,'y59_0_a_donde_transferencia','A dónde (transferencia)','TEXTO',0,'CASO_INDICE',0,NULL,NULL,NULL,NULL,'FICHA_MINSA',8),(12777,2244,'y59_0_seguimiento_del_paciente','Seguimiento del paciente','SELECT',0,'CASO_INDICE',0,59,NULL,NULL,NULL,'FICHA_MINSA',1),(12778,2245,'y59_0_clasificacion_final','Clasificación final','SELECT',0,'CASO_INDICE',0,60,NULL,NULL,NULL,'FICHA_MINSA',1);
/*!40000 ALTER TABLE `campo_def` ENABLE KEYS */;
UNLOCK TABLES;
/*!40103 SET TIME_ZONE=@OLD_TIME_ZONE */;

/*!40101 SET SQL_MODE=@OLD_SQL_MODE */;
/*!40014 SET FOREIGN_KEY_CHECKS=@OLD_FOREIGN_KEY_CHECKS */;
/*!40014 SET UNIQUE_CHECKS=@OLD_UNIQUE_CHECKS */;
/*!40101 SET CHARACTER_SET_CLIENT=@OLD_CHARACTER_SET_CLIENT */;
/*!40101 SET CHARACTER_SET_RESULTS=@OLD_CHARACTER_SET_RESULTS */;
/*!40101 SET COLLATION_CONNECTION=@OLD_COLLATION_CONNECTION */;
/*!40111 SET SQL_NOTES=@OLD_SQL_NOTES */;

